date,open,high,low,close,volume
1998-12-09,10.0,10.0,10.0,10.0,0
1998-12-10,10.010000228881836,10.010000228881836,10.010000228881836,10.010000228881836,0
1998-12-11,10.010000228881836,10.010000228881836,10.010000228881836,10.010000228881836,0
1998-12-14,10.010000228881836,10.010000228881836,10.010000228881836,10.010000228881836,0
1998-12-15,10.010000228881836,10.010000228881836,10.010000228881836,10.010000228881836,0
1998-12-16,10.0,10.0,10.0,10.0,0
1998-12-17,10.0,10.0,10.0,10.0,0
1998-12-18,9.989999771118164,9.989999771118164,9.989999771118164,9.989999771118164,0
1998-12-21,9.970000267028809,9.970000267028809,9.970000267028809,9.970000267028809,0
1998-12-22,9.949999809265137,9.949999809265137,9.949999809265137,9.949999809265137,0
1998-12-23,9.9399995803833,9.9399995803833,9.9399995803833,9.9399995803833,0
1998-12-24,9.9399995803833,9.9399995803833,9.9399995803833,9.9399995803833,0
1998-12-28,9.949999809265137,9.949999809265137,9.949999809265137,9.949999809265137,0
1998-12-29,9.960000038146973,9.960000038146973,9.960000038146973,9.960000038146973,0
1998-12-30,9.970000267028809,9.970000267028809,9.970000267028809,9.970000267028809,0
1998-12-31,9.970000267028809,9.970000267028809,9.970000267028809,9.970000267028809,0
1999-01-04,9.960000038146973,9.960000038146973,9.960000038146973,9.960000038146973,0
1999-01-05,9.949999809265137,9.949999809265137,9.949999809265137,9.949999809265137,0
1999-01-06,9.960000038146973,9.960000038146973,9.960000038146973,9.960000038146973,0
1999-01-07,9.960000038146973,9.960000038146973,9.960000038146973,9.960000038146973,0
1999-01-08,9.949999809265137,9.949999809265137,9.949999809265137,9.949999809265137,0
1999-01-11,9.930000305175781,9.930000305175781,9.930000305175781,9.930000305175781,0
1999-01-12,9.949999809265137,9.949999809265137,9.949999809265137,9.949999809265137,0
1999-01-13,9.979999542236328,9.979999542236328,9.979999542236328,9.979999542236328,0
1999-01-14,10.0,10.0,10.0,10.0,0
1999-01-15,9.989999771118164,9.989999771118164,9.989999771118164,9.989999771118164,0
1999-01-19,9.989999771118164,9.989999771118164,9.989999771118164,9.989999771118164,0
1999-01-20,9.979999542236328,9.979999542236328,9.979999542236328,9.979999542236328,0
1999-01-21,9.989999771118164,9.989999771118164,9.989999771118164,9.989999771118164,0
1999-01-22,10.010000228881836,10.010000228881836,10.010000228881836,10.010000228881836,0
1999-01-25,10.010000228881836,10.010000228881836,10.010000228881836,10.010000228881836,0
1999-01-26,10.020000457763672,10.020000457763672,10.020000457763672,10.020000457763672,0
1999-01-27,10.029999732971191,10.029999732971191,10.029999732971191,10.029999732971191,0
1999-01-28,10.0600004196167,10.0600004196167,10.0600004196167,10.0600004196167,0
1999-01-29,10.0600004196167,10.0600004196167,10.0600004196167,10.0600004196167,0
1999-02-01,10.050000190734863,10.050000190734863,10.050000190734863,10.050000190734863,0
1999-02-02,10.020000457763672,10.020000457763672,10.020000457763672,10.020000457763672,0
1999-02-03,10.029999732971191,10.029999732971191,10.029999732971191,10.029999732971191,0
1999-02-04,10.010000228881836,10.010000228881836,10.010000228881836,10.010000228881836,0
1999-02-05,10.010000228881836,10.010000228881836,10.010000228881836,10.010000228881836,0
1999-02-08,10.010000228881836,10.010000228881836,10.010000228881836,10.010000228881836,0
1999-02-09,10.020000457763672,10.020000457763672,10.020000457763672,10.020000457763672,0
1999-02-10,10.020000457763672,10.020000457763672,10.020000457763672,10.020000457763672,0
1999-02-11,10.029999732971191,10.029999732971191,10.029999732971191,10.029999732971191,0
1999-02-12,10.0,10.0,10.0,10.0,0
1999-02-16,10.0,10.0,10.0,10.0,0
1999-02-17,10.010000228881836,10.010000228881836,10.010000228881836,10.010000228881836,0
1999-02-18,10.010000228881836,10.010000228881836,10.010000228881836,10.010000228881836,0
1999-02-19,10.010000228881836,10.010000228881836,10.010000228881836,10.010000228881836,0
1999-02-22,10.010000228881836,10.010000228881836,10.010000228881836,10.010000228881836,0
1999-02-23,10.010000228881836,10.010000228881836,10.010000228881836,10.010000228881836,0
1999-02-24,9.989999771118164,9.989999771118164,9.989999771118164,9.989999771118164,0
1999-02-25,9.949999809265137,9.949999809265137,9.949999809265137,9.949999809265137,0
1999-02-26,9.970000267028809,9.970000267028809,9.970000267028809,9.970000267028809,0
1999-03-01,9.930000305175781,9.930000305175781,9.930000305175781,9.930000305175781,0
1999-03-02,9.930000305175781,9.930000305175781,9.930000305175781,9.930000305175781,0
1999-03-03,9.899999618530273,9.899999618530273,9.899999618530273,9.899999618530273,0
1999-03-04,9.890000343322754,9.890000343322754,9.890000343322754,9.890000343322754,0
1999-03-05,9.920000076293945,9.920000076293945,9.920000076293945,9.920000076293945,0
1999-03-08,9.920000076293945,9.920000076293945,9.920000076293945,9.920000076293945,0
1999-03-09,9.920000076293945,9.920000076293945,9.920000076293945,9.920000076293945,0
1999-03-10,9.920000076293945,9.920000076293945,9.920000076293945,9.920000076293945,0
1999-03-11,9.920000076293945,9.920000076293945,9.920000076293945,9.920000076293945,0
1999-03-12,9.930000305175781,9.930000305175781,9.930000305175781,9.930000305175781,0
1999-03-15,9.930000305175781,9.930000305175781,9.930000305175781,9.930000305175781,0
1999-03-16,9.949999809265137,9.949999809265137,9.949999809265137,9.949999809265137,0
1999-03-17,9.949999809265137,9.949999809265137,9.949999809265137,9.949999809265137,0
1999-03-18,9.960000038146973,9.960000038146973,9.960000038146973,9.960000038146973,0
1999-03-19,9.949999809265137,9.949999809265137,9.949999809265137,9.949999809265137,0
1999-03-22,9.949999809265137,9.949999809265137,9.949999809265137,9.949999809265137,0
1999-03-23,9.949999809265137,9.949999809265137,9.949999809265137,9.949999809265137,0
1999-03-24,9.949999809265137,9.949999809265137,9.949999809265137,9.949999809265137,0
1999-03-25,9.9399995803833,9.9399995803833,9.9399995803833,9.9399995803833,0
1999-03-26,9.9399995803833,9.9399995803833,9.9399995803833,9.9399995803833,0
1999-03-29,9.920000076293945,9.920000076293945,9.920000076293945,9.920000076293945,0
1999-03-30,9.920000076293945,9.920000076293945,9.920000076293945,9.920000076293945,0
1999-03-31,9.920000076293945,9.920000076293945,9.920000076293945,9.920000076293945,0
1999-04-01,9.90999984741211,9.90999984741211,9.90999984741211,9.90999984741211,0
1999-04-05,9.920000076293945,9.920000076293945,9.920000076293945,9.920000076293945,0
1999-04-06,9.930000305175781,9.930000305175781,9.930000305175781,9.930000305175781,0
1999-04-07,9.9399995803833,9.9399995803833,9.9399995803833,9.9399995803833,0
1999-04-08,9.960000038146973,9.960000038146973,9.960000038146973,9.960000038146973,0
1999-04-09,9.960000038146973,9.960000038146973,9.960000038146973,9.960000038146973,0
1999-04-12,9.960000038146973,9.960000038146973,9.960000038146973,9.960000038146973,0
1999-04-13,9.960000038146973,9.960000038146973,9.960000038146973,9.960000038146973,0
1999-04-14,9.960000038146973,9.960000038146973,9.960000038146973,9.960000038146973,0
1999-04-15,9.960000038146973,9.960000038146973,9.960000038146973,9.960000038146973,0
1999-04-16,9.960000038146973,9.960000038146973,9.960000038146973,9.960000038146973,0
1999-04-19,9.960000038146973,9.960000038146973,9.960000038146973,9.960000038146973,0
1999-04-20,9.960000038146973,9.960000038146973,9.960000038146973,9.960000038146973,0
1999-04-21,9.949999809265137,9.949999809265137,9.949999809265137,9.949999809265137,0
1999-04-22,9.9399995803833,9.9399995803833,9.9399995803833,9.9399995803833,0
1999-04-23,9.9399995803833,9.9399995803833,9.9399995803833,9.9399995803833,0
1999-04-26,9.9399995803833,9.9399995803833,9.9399995803833,9.9399995803833,0
1999-04-27,9.9399995803833,9.9399995803833,9.9399995803833,9.9399995803833,0
1999-04-28,9.930000305175781,9.930000305175781,9.930000305175781,9.930000305175781,0
1999-04-29,9.9399995803833,9.9399995803833,9.9399995803833,9.9399995803833,0
1999-04-30,9.920000076293945,9.920000076293945,9.920000076293945,9.920000076293945,0
1999-05-03,9.90999984741211,9.90999984741211,9.90999984741211,9.90999984741211,0
1999-05-04,9.890000343322754,9.890000343322754,9.890000343322754,9.890000343322754,0
1999-05-05,9.890000343322754,9.890000343322754,9.890000343322754,9.890000343322754,0
1999-05-06,9.869999885559082,9.869999885559082,9.869999885559082,9.869999885559082,0
1999-05-07,9.859999656677246,9.859999656677246,9.859999656677246,9.859999656677246,0
1999-05-10,9.859999656677246,9.859999656677246,9.859999656677246,9.859999656677246,0
1999-05-11,9.850000381469727,9.850000381469727,9.850000381469727,9.850000381469727,0
1999-05-12,9.850000381469727,9.850000381469727,9.850000381469727,9.850000381469727,0
1999-05-13,9.859999656677246,9.859999656677246,9.859999656677246,9.859999656677246,0
1999-05-14,9.800000190734863,9.800000190734863,9.800000190734863,9.800000190734863,0
1999-05-17,9.789999961853027,9.789999961853027,9.789999961853027,9.789999961853027,0
1999-05-18,9.800000190734863,9.800000190734863,9.800000190734863,9.800000190734863,0
1999-05-19,9.800000190734863,9.800000190734863,9.800000190734863,9.800000190734863,0
1999-05-20,9.800000190734863,9.800000190734863,9.800000190734863,9.800000190734863,0
1999-05-21,9.8100004196167,9.8100004196167,9.8100004196167,9.8100004196167,0
1999-05-24,9.8100004196167,9.8100004196167,9.8100004196167,9.8100004196167,0
1999-05-25,9.800000190734863,9.800000190734863,9.800000190734863,9.800000190734863,0
1999-05-26,9.789999961853027,9.789999961853027,9.789999961853027,9.789999961853027,0
1999-05-27,9.789999961853027,9.789999961853027,9.789999961853027,9.789999961853027,0
1999-05-28,9.789999961853027,9.789999961853027,9.789999961853027,9.789999961853027,0
1999-06-01,9.75,9.75,9.75,9.75,0
1999-06-02,9.739999771118164,9.739999771118164,9.739999771118164,9.739999771118164,0
1999-06-03,9.739999771118164,9.739999771118164,9.739999771118164,9.739999771118164,0
1999-06-04,9.739999771118164,9.739999771118164,9.739999771118164,9.739999771118164,0
1999-06-07,9.739999771118164,9.739999771118164,9.739999771118164,9.739999771118164,0
1999-06-08,9.729999542236328,9.729999542236328,9.729999542236328,9.729999542236328,0
1999-06-09,9.699999809265137,9.699999809265137,9.699999809265137,9.699999809265137,0
1999-06-10,9.649999618530273,9.649999618530273,9.649999618530273,9.649999618530273,0
1999-06-11,9.609999656677246,9.609999656677246,9.609999656677246,9.609999656677246,0
1999-06-14,9.619999885559082,9.619999885559082,9.619999885559082,9.619999885559082,0
1999-06-15,9.609999656677246,9.609999656677246,9.609999656677246,9.609999656677246,0
1999-06-16,9.609999656677246,9.609999656677246,9.609999656677246,9.609999656677246,0
1999-06-17,9.630000114440918,9.630000114440918,9.630000114440918,9.630000114440918,0
1999-06-18,9.630000114440918,9.630000114440918,9.630000114440918,9.630000114440918,0
1999-06-21,9.619999885559082,9.619999885559082,9.619999885559082,9.619999885559082,0
1999-06-22,9.609999656677246,9.609999656677246,9.609999656677246,9.609999656677246,0
1999-06-23,9.579999923706055,9.579999923706055,9.579999923706055,9.579999923706055,0
1999-06-24,9.5600004196167,9.5600004196167,9.5600004196167,9.5600004196167,0
1999-06-25,9.5600004196167,9.5600004196167,9.5600004196167,9.5600004196167,0
1999-06-28,9.5600004196167,9.5600004196167,9.5600004196167,9.5600004196167,0
1999-06-29,9.5600004196167,9.5600004196167,9.5600004196167,9.5600004196167,0
1999-06-30,9.579999923706055,9.579999923706055,9.579999923706055,9.579999923706055,0
1999-07-01,9.579999923706055,9.579999923706055,9.579999923706055,9.579999923706055,0
1999-07-02,9.59000015258789,9.59000015258789,9.59000015258789,9.59000015258789,0
1999-07-06,9.59000015258789,9.59000015258789,9.59000015258789,9.59000015258789,0
1999-07-07,9.59000015258789,9.59000015258789,9.59000015258789,9.59000015258789,0
1999-07-08,9.59000015258789,9.59000015258789,9.59000015258789,9.59000015258789,0
1999-07-09,9.600000381469727,9.600000381469727,9.600000381469727,9.600000381469727,0
1999-07-12,9.619999885559082,9.619999885559082,9.619999885559082,9.619999885559082,0
1999-07-13,9.630000114440918,9.630000114440918,9.630000114440918,9.630000114440918,0
1999-07-14,9.630000114440918,9.630000114440918,9.630000114440918,9.630000114440918,0
1999-07-15,9.649999618530273,9.649999618530273,9.649999618530273,9.649999618530273,0
1999-07-16,9.670000076293945,9.670000076293945,9.670000076293945,9.670000076293945,0
1999-07-19,9.670000076293945,9.670000076293945,9.670000076293945,9.670000076293945,0
1999-07-20,9.670000076293945,9.670000076293945,9.670000076293945,9.670000076293945,0
1999-07-21,9.670000076293945,9.670000076293945,9.670000076293945,9.670000076293945,0
1999-07-22,9.65999984741211,9.65999984741211,9.65999984741211,9.65999984741211,0
1999-07-23,9.649999618530273,9.649999618530273,9.649999618530273,9.649999618530273,0
1999-07-26,9.640000343322754,9.640000343322754,9.640000343322754,9.640000343322754,0
1999-07-27,9.640000343322754,9.640000343322754,9.640000343322754,9.640000343322754,0
1999-07-28,9.640000343322754,9.640000343322754,9.640000343322754,9.640000343322754,0
1999-07-29,9.59000015258789,9.59000015258789,9.59000015258789,9.59000015258789,0
1999-07-30,9.579999923706055,9.579999923706055,9.579999923706055,9.579999923706055,0
1999-08-02,9.5600004196167,9.5600004196167,9.5600004196167,9.5600004196167,0
1999-08-03,9.550000190734863,9.550000190734863,9.550000190734863,9.550000190734863,0
1999-08-04,9.539999961853027,9.539999961853027,9.539999961853027,9.539999961853027,0
1999-08-05,9.520000457763672,9.520000457763672,9.520000457763672,9.520000457763672,0
1999-08-06,9.470000267028809,9.470000267028809,9.470000267028809,9.470000267028809,0
1999-08-09,9.449999809265137,9.449999809265137,9.449999809265137,9.449999809265137,0
1999-08-10,9.430000305175781,9.430000305175781,9.430000305175781,9.430000305175781,0
1999-08-11,9.399999618530273,9.399999618530273,9.399999618530273,9.399999618530273,0
1999-08-12,9.380000114440918,9.380000114440918,9.380000114440918,9.380000114440918,0
1999-08-13,9.369999885559082,9.369999885559082,9.369999885559082,9.369999885559082,0
1999-08-16,9.34000015258789,9.34000015258789,9.34000015258789,9.34000015258789,0
1999-08-17,9.350000381469727,9.350000381469727,9.350000381469727,9.350000381469727,0
1999-08-18,9.359999656677246,9.359999656677246,9.359999656677246,9.359999656677246,0
1999-08-19,9.359999656677246,9.359999656677246,9.359999656677246,9.359999656677246,0
1999-08-20,9.359999656677246,9.359999656677246,9.359999656677246,9.359999656677246,0
1999-08-23,9.369999885559082,9.369999885559082,9.369999885559082,9.369999885559082,0
1999-08-24,9.380000114440918,9.380000114440918,9.380000114440918,9.380000114440918,0
1999-08-25,9.420000076293945,9.420000076293945,9.420000076293945,9.420000076293945,0
1999-08-26,9.430000305175781,9.430000305175781,9.430000305175781,9.430000305175781,0
1999-08-27,9.4399995803833,9.4399995803833,9.4399995803833,9.4399995803833,0
1999-08-30,9.430000305175781,9.430000305175781,9.430000305175781,9.430000305175781,0
1999-08-31,9.420000076293945,9.420000076293945,9.420000076293945,9.420000076293945,0
1999-09-01,9.40999984741211,9.40999984741211,9.40999984741211,9.40999984741211,0
1999-09-02,9.380000114440918,9.380000114440918,9.380000114440918,9.380000114440918,0
1999-09-03,9.40999984741211,9.40999984741211,9.40999984741211,9.40999984741211,0
1999-09-07,9.399999618530273,9.399999618530273,9.399999618530273,9.399999618530273,0
1999-09-08,9.399999618530273,9.399999618530273,9.399999618530273,9.399999618530273,0
1999-09-09,9.390000343322754,9.390000343322754,9.390000343322754,9.390000343322754,0
1999-09-10,9.40999984741211,9.40999984741211,9.40999984741211,9.40999984741211,0
1999-09-13,9.399999618530273,9.399999618530273,9.399999618530273,9.399999618530273,0
1999-09-14,9.380000114440918,9.380000114440918,9.380000114440918,9.380000114440918,0
1999-09-15,9.380000114440918,9.380000114440918,9.380000114440918,9.380000114440918,0
1999-09-16,9.380000114440918,9.380000114440918,9.380000114440918,9.380000114440918,0
1999-09-17,9.380000114440918,9.380000114440918,9.380000114440918,9.380000114440918,0
1999-09-20,9.369999885559082,9.369999885559082,9.369999885559082,9.369999885559082,0
1999-09-21,9.34000015258789,9.34000015258789,9.34000015258789,9.34000015258789,0
1999-09-22,9.34000015258789,9.34000015258789,9.34000015258789,9.34000015258789,0
1999-09-23,9.34000015258789,9.34000015258789,9.34000015258789,9.34000015258789,0
1999-09-24,9.359999656677246,9.359999656677246,9.359999656677246,9.359999656677246,0
1999-09-27,9.350000381469727,9.350000381469727,9.350000381469727,9.350000381469727,0
1999-09-28,9.350000381469727,9.350000381469727,9.350000381469727,9.350000381469727,0
1999-09-29,9.329999923706055,9.329999923706055,9.329999923706055,9.329999923706055,0
1999-09-30,9.34000015258789,9.34000015258789,9.34000015258789,9.34000015258789,0
1999-10-01,9.300000190734863,9.300000190734863,9.300000190734863,9.300000190734863,0
1999-10-04,9.300000190734863,9.300000190734863,9.300000190734863,9.300000190734863,0
1999-10-05,9.279999732971191,9.279999732971191,9.279999732971191,9.279999732971191,0
1999-10-06,9.279999732971191,9.279999732971191,9.279999732971191,9.279999732971191,0
1999-10-07,9.279999732971191,9.279999732971191,9.279999732971191,9.279999732971191,0
1999-10-08,9.270000457763672,9.270000457763672,9.270000457763672,9.270000457763672,0
1999-10-11,9.270000457763672,9.270000457763672,9.270000457763672,9.270000457763672,0
1999-10-12,9.239999771118164,9.239999771118164,9.239999771118164,9.239999771118164,0
1999-10-13,9.229999542236328,9.229999542236328,9.229999542236328,9.229999542236328,0
1999-10-14,9.199999809265137,9.199999809265137,9.199999809265137,9.199999809265137,0
1999-10-15,9.1899995803833,9.1899995803833,9.1899995803833,9.1899995803833,0
1999-10-18,9.180000305175781,9.180000305175781,9.180000305175781,9.180000305175781,0
1999-10-19,9.149999618530273,9.149999618530273,9.149999618530273,9.149999618530273,0
1999-10-20,9.140000343322754,9.140000343322754,9.140000343322754,9.140000343322754,0
1999-10-21,9.130000114440918,9.130000114440918,9.130000114440918,9.130000114440918,0
1999-10-22,9.130000114440918,9.130000114440918,9.130000114440918,9.130000114440918,0
1999-10-25,9.109999656677246,9.109999656677246,9.109999656677246,9.109999656677246,0
1999-10-26,9.09000015258789,9.09000015258789,9.09000015258789,9.09000015258789,0
1999-10-27,9.09000015258789,9.09000015258789,9.09000015258789,9.09000015258789,0
1999-10-28,9.109999656677246,9.109999656677246,9.109999656677246,9.109999656677246,0
1999-10-29,9.15999984741211,9.15999984741211,9.15999984741211,9.15999984741211,0
1999-11-01,9.15999984741211,9.15999984741211,9.15999984741211,9.15999984741211,0
1999-11-02,9.170000076293945,9.170000076293945,9.170000076293945,9.170000076293945,0
1999-11-03,9.1899995803833,9.1899995803833,9.1899995803833,9.1899995803833,0
1999-11-04,9.220000267028809,9.220000267028809,9.220000267028809,9.220000267028809,0
1999-11-05,9.279999732971191,9.279999732971191,9.279999732971191,9.279999732971191,0
1999-11-08,9.279999732971191,9.279999732971191,9.279999732971191,9.279999732971191,0
1999-11-09,9.289999961853027,9.289999961853027,9.289999961853027,9.289999961853027,0
1999-11-10,9.289999961853027,9.289999961853027,9.289999961853027,9.289999961853027,0
1999-11-11,9.289999961853027,9.289999961853027,9.289999961853027,9.289999961853027,0
1999-11-12,9.3100004196167,9.3100004196167,9.3100004196167,9.3100004196167,0
1999-11-15,9.319999694824219,9.319999694824219,9.319999694824219,9.319999694824219,0
1999-11-16,9.329999923706055,9.329999923706055,9.329999923706055,9.329999923706055,0
1999-11-17,9.3100004196167,9.3100004196167,9.3100004196167,9.3100004196167,0
1999-11-18,9.300000190734863,9.300000190734863,9.300000190734863,9.300000190734863,0
1999-11-19,9.300000190734863,9.300000190734863,9.300000190734863,9.300000190734863,0
1999-11-22,9.270000457763672,9.270000457763672,9.270000457763672,9.270000457763672,0
1999-11-23,9.270000457763672,9.270000457763672,9.270000457763672,9.270000457763672,0
1999-11-24,9.270000457763672,9.270000457763672,9.270000457763672,9.270000457763672,0
1999-11-26,9.270000457763672,9.270000457763672,9.270000457763672,9.270000457763672,0
1999-11-29,9.25,9.25,9.25,9.25,0
1999-11-30,9.25,9.25,9.25,9.25,0
1999-12-01,9.25,9.25,9.25,9.25,0
1999-12-02,9.239999771118164,9.239999771118164,9.239999771118164,9.239999771118164,0
1999-12-03,9.25,9.25,9.25,9.25,0
1999-12-06,9.25,9.25,9.25,9.25,0
1999-12-07,9.25,9.25,9.25,9.25,0
1999-12-08,9.25,9.25,9.25,9.25,0
1999-12-09,9.239999771118164,9.239999771118164,9.239999771118164,9.239999771118164,0
1999-12-10,9.25,9.25,9.25,9.25,0
1999-12-13,9.25,9.25,9.25,9.25,0
1999-12-14,9.210000038146973,9.210000038146973,9.210000038146973,9.210000038146973,0
1999-12-15,9.210000038146973,9.210000038146973,9.210000038146973,9.210000038146973,0
1999-12-16,9.180000305175781,9.180000305175781,9.180000305175781,9.180000305175781,0
1999-12-17,9.170000076293945,9.170000076293945,9.170000076293945,9.170000076293945,0
1999-12-20,9.140000343322754,9.140000343322754,9.140000343322754,9.140000343322754,0
1999-12-21,9.119999885559082,9.119999885559082,9.119999885559082,9.119999885559082,0
1999-12-22,9.119999885559082,9.119999885559082,9.119999885559082,9.119999885559082,0
1999-12-23,9.119999885559082,9.119999885559082,9.119999885559082,9.119999885559082,0
1999-12-27,9.119999885559082,9.119999885559082,9.119999885559082,9.119999885559082,0
1999-12-28,9.119999885559082,9.119999885559082,9.119999885559082,9.119999885559082,0
1999-12-29,9.119999885559082,9.119999885559082,9.119999885559082,9.119999885559082,0
1999-12-30,9.130000114440918,9.130000114440918,9.130000114440918,9.130000114440918,0
1999-12-31,9.130000114440918,9.130000114440918,9.130000114440918,9.130000114440918,0
2000-01-03,9.100000381469727,9.100000381469727,9.100000381469727,9.100000381469727,0
2000-01-04,9.100000381469727,9.100000381469727,9.100000381469727,9.100000381469727,0
2000-01-05,9.069999694824219,9.069999694824219,9.069999694824219,9.069999694824219,0
2000-01-06,9.079999923706055,9.079999923706055,9.079999923706055,9.079999923706055,0
2000-01-07,9.09000015258789,9.09000015258789,9.09000015258789,9.09000015258789,0
2000-01-10,9.09000015258789,9.09000015258789,9.09000015258789,9.09000015258789,0
2000-01-11,9.0600004196167,9.0600004196167,9.0600004196167,9.0600004196167,0
2000-01-12,9.039999961853027,9.039999961853027,9.039999961853027,9.039999961853027,0
2000-01-13,9.050000190734863,9.050000190734863,9.050000190734863,9.050000190734863,0
2000-01-14,9.050000190734863,9.050000190734863,9.050000190734863,9.050000190734863,0
2000-01-18,9.039999961853027,9.039999961853027,9.039999961853027,9.039999961853027,0
2000-01-19,9.029999732971191,9.029999732971191,9.029999732971191,9.029999732971191,0
2000-01-20,9.020000457763672,9.020000457763672,9.020000457763672,9.020000457763672,0
2000-01-21,9.010000228881836,9.010000228881836,9.010000228881836,9.010000228881836,0
2000-01-24,9.0,9.0,9.0,9.0,0
2000-01-25,9.0,9.0,9.0,9.0,0
2000-01-26,9.010000228881836,9.010000228881836,9.010000228881836,9.010000228881836,0
2000-01-27,9.010000228881836,9.010000228881836,9.010000228881836,9.010000228881836,0
2000-01-28,9.010000228881836,9.010000228881836,9.010000228881836,9.010000228881836,0
2000-01-31,9.0,9.0,9.0,9.0,0
2000-02-01,9.0,9.0,9.0,9.0,0
2000-02-02,9.0,9.0,9.0,9.0,0
2000-02-03,9.029999732971191,9.029999732971191,9.029999732971191,9.029999732971191,0
2000-02-04,9.039999961853027,9.039999961853027,9.039999961853027,9.039999961853027,0
2000-02-07,9.029999732971191,9.029999732971191,9.029999732971191,9.029999732971191,0
2000-02-08,9.039999961853027,9.039999961853027,9.039999961853027,9.039999961853027,0
2000-02-09,9.050000190734863,9.050000190734863,9.050000190734863,9.050000190734863,0
2000-02-10,9.039999961853027,9.039999961853027,9.039999961853027,9.039999961853027,0
2000-02-11,9.050000190734863,9.050000190734863,9.050000190734863,9.050000190734863,0
2000-02-14,9.0600004196167,9.0600004196167,9.0600004196167,9.0600004196167,0
2000-02-15,9.050000190734863,9.050000190734863,9.050000190734863,9.050000190734863,0
2000-02-16,9.050000190734863,9.050000190734863,9.050000190734863,9.050000190734863,0
2000-02-17,9.0600004196167,9.0600004196167,9.0600004196167,9.0600004196167,0
2000-02-18,9.0600004196167,9.0600004196167,9.0600004196167,9.0600004196167,0
2000-02-22,9.079999923706055,9.079999923706055,9.079999923706055,9.079999923706055,0
2000-02-23,9.079999923706055,9.079999923706055,9.079999923706055,9.079999923706055,0
2000-02-24,9.100000381469727,9.100000381469727,9.100000381469727,9.100000381469727,0
2000-02-25,9.109999656677246,9.109999656677246,9.109999656677246,9.109999656677246,0
2000-02-28,9.109999656677246,9.109999656677246,9.109999656677246,9.109999656677246,0
2000-02-29,9.119999885559082,9.119999885559082,9.119999885559082,9.119999885559082,0
2000-03-01,9.119999885559082,9.119999885559082,9.119999885559082,9.119999885559082,0
2000-03-02,9.119999885559082,9.119999885559082,9.119999885559082,9.119999885559082,0
2000-03-03,9.140000343322754,9.140000343322754,9.140000343322754,9.140000343322754,0
2000-03-06,9.140000343322754,9.140000343322754,9.140000343322754,9.140000343322754,0
2000-03-07,9.140000343322754,9.140000343322754,9.140000343322754,9.140000343322754,0
2000-03-08,9.149999618530273,9.149999618530273,9.149999618530273,9.149999618530273,0
2000-03-09,9.170000076293945,9.170000076293945,9.170000076293945,9.170000076293945,0
2000-03-10,9.15999984741211,9.15999984741211,9.15999984741211,9.15999984741211,0
2000-03-13,9.180000305175781,9.180000305175781,9.180000305175781,9.180000305175781,0
2000-03-14,9.180000305175781,9.180000305175781,9.180000305175781,9.180000305175781,0
2000-03-15,9.199999809265137,9.199999809265137,9.199999809265137,9.199999809265137,0
2000-03-16,9.210000038146973,9.210000038146973,9.210000038146973,9.210000038146973,0
2000-03-17,9.220000267028809,9.220000267028809,9.220000267028809,9.220000267028809,0
2000-03-20,9.220000267028809,9.220000267028809,9.220000267028809,9.220000267028809,0
2000-03-21,9.25,9.25,9.25,9.25,0
2000-03-22,9.279999732971191,9.279999732971191,9.279999732971191,9.279999732971191,0
2000-03-23,9.319999694824219,9.319999694824219,9.319999694824219,9.319999694824219,0
2000-03-24,9.3100004196167,9.3100004196167,9.3100004196167,9.3100004196167,0
2000-03-27,9.300000190734863,9.300000190734863,9.300000190734863,9.300000190734863,0
2000-03-28,9.289999961853027,9.289999961853027,9.289999961853027,9.289999961853027,0
2000-03-29,9.289999961853027,9.289999961853027,9.289999961853027,9.289999961853027,0
2000-03-30,9.300000190734863,9.300000190734863,9.300000190734863,9.300000190734863,0
2000-03-31,9.3100004196167,9.3100004196167,9.3100004196167,9.3100004196167,0
2000-04-03,9.319999694824219,9.319999694824219,9.319999694824219,9.319999694824219,0
2000-04-04,9.34000015258789,9.34000015258789,9.34000015258789,9.34000015258789,0
2000-04-05,9.350000381469727,9.350000381469727,9.350000381469727,9.350000381469727,0
2000-04-06,9.350000381469727,9.350000381469727,9.350000381469727,9.350000381469727,0
2000-04-07,9.359999656677246,9.359999656677246,9.359999656677246,9.359999656677246,0
2000-04-10,9.359999656677246,9.359999656677246,9.359999656677246,9.359999656677246,0
2000-04-11,9.359999656677246,9.359999656677246,9.359999656677246,9.359999656677246,0
2000-04-12,9.329999923706055,9.329999923706055,9.329999923706055,9.329999923706055,0
2000-04-13,9.319999694824219,9.319999694824219,9.319999694824219,9.319999694824219,0
2000-04-14,9.319999694824219,9.319999694824219,9.319999694824219,9.319999694824219,0
2000-04-17,9.300000190734863,9.300000190734863,9.300000190734863,9.300000190734863,0
2000-04-18,9.270000457763672,9.270000457763672,9.270000457763672,9.270000457763672,0
2000-04-19,9.270000457763672,9.270000457763672,9.270000457763672,9.270000457763672,0
2000-04-20,9.270000457763672,9.270000457763672,9.270000457763672,9.270000457763672,0
2000-04-24,9.270000457763672,9.270000457763672,9.270000457763672,9.270000457763672,0
2000-04-25,9.25,9.25,9.25,9.25,0
2000-04-26,9.239999771118164,9.239999771118164,9.239999771118164,9.239999771118164,0
2000-04-27,9.199999809265137,9.199999809265137,9.199999809265137,9.199999809265137,0
2000-04-28,9.210000038146973,9.210000038146973,9.210000038146973,9.210000038146973,0
2000-05-01,9.210000038146973,9.210000038146973,9.210000038146973,9.210000038146973,0
2000-05-02,9.170000076293945,9.170000076293945,9.170000076293945,9.170000076293945,0
2000-05-03,9.130000114440918,9.130000114440918,9.130000114440918,9.130000114440918,0
2000-05-04,9.09000015258789,9.09000015258789,9.09000015258789,9.09000015258789,0
2000-05-05,9.039999961853027,9.039999961853027,9.039999961853027,9.039999961853027,0
2000-05-08,9.029999732971191,9.029999732971191,9.029999732971191,9.029999732971191,0
2000-05-09,9.020000457763672,9.020000457763672,9.020000457763672,9.020000457763672,0
2000-05-10,9.020000457763672,9.020000457763672,9.020000457763672,9.020000457763672,0
2000-05-11,9.020000457763672,9.020000457763672,9.020000457763672,9.020000457763672,0
2000-05-12,9.010000228881836,9.010000228881836,9.010000228881836,9.010000228881836,0
2000-05-15,9.010000228881836,9.010000228881836,9.010000228881836,9.010000228881836,0
2000-05-16,9.020000457763672,9.020000457763672,9.020000457763672,9.020000457763672,0
2000-05-17,9.010000228881836,9.010000228881836,9.010000228881836,9.010000228881836,0
2000-05-18,8.989999771118164,8.989999771118164,8.989999771118164,8.989999771118164,0
2000-05-19,8.989999771118164,8.989999771118164,8.989999771118164,8.989999771118164,0
2000-05-22,9.0,9.0,9.0,9.0,0
2000-05-23,9.0,9.0,9.0,9.0,0
2000-05-24,9.010000228881836,9.010000228881836,9.010000228881836,9.010000228881836,0
2000-05-25,9.029999732971191,9.029999732971191,9.029999732971191,9.029999732971191,0
2000-05-26,9.050000190734863,9.050000190734863,9.050000190734863,9.050000190734863,0
2000-05-30,9.0600004196167,9.0600004196167,9.0600004196167,9.0600004196167,0
2000-05-31,9.100000381469727,9.100000381469727,9.100000381469727,9.100000381469727,0
2000-06-01,9.140000343322754,9.140000343322754,9.140000343322754,9.140000343322754,0
2000-06-02,9.1899995803833,9.1899995803833,9.1899995803833,9.1899995803833,0
2000-06-05,9.199999809265137,9.199999809265137,9.199999809265137,9.199999809265137,0
2000-06-06,9.199999809265137,9.199999809265137,9.199999809265137,9.199999809265137,0
2000-06-07,9.239999771118164,9.239999771118164,9.239999771118164,9.239999771118164,0
2000-06-08,9.239999771118164,9.239999771118164,9.239999771118164,9.239999771118164,0
2000-06-09,9.25,9.25,9.25,9.25,0
2000-06-12,9.260000228881836,9.260000228881836,9.260000228881836,9.260000228881836,0
2000-06-13,9.270000457763672,9.270000457763672,9.270000457763672,9.270000457763672,0
2000-06-14,9.300000190734863,9.300000190734863,9.300000190734863,9.300000190734863,0
2000-06-15,9.300000190734863,9.300000190734863,9.300000190734863,9.300000190734863,0
2000-06-16,9.329999923706055,9.329999923706055,9.329999923706055,9.329999923706055,0
2000-06-19,9.329999923706055,9.329999923706055,9.329999923706055,9.329999923706055,0
2000-06-20,9.359999656677246,9.359999656677246,9.359999656677246,9.359999656677246,0
2000-06-21,9.350000381469727,9.350000381469727,9.350000381469727,9.350000381469727,0
2000-06-22,9.34000015258789,9.34000015258789,9.34000015258789,9.34000015258789,0
2000-06-23,9.3100004196167,9.3100004196167,9.3100004196167,9.3100004196167,0
2000-06-26,9.3100004196167,9.3100004196167,9.3100004196167,9.3100004196167,0
2000-06-27,9.3100004196167,9.3100004196167,9.3100004196167,9.3100004196167,0
2000-06-28,9.3100004196167,9.3100004196167,9.3100004196167,9.3100004196167,0
2000-06-29,9.329999923706055,9.329999923706055,9.329999923706055,9.329999923706055,0
2000-06-30,9.34000015258789,9.34000015258789,9.34000015258789,9.34000015258789,0
2000-07-03,9.34000015258789,9.34000015258789,9.34000015258789,9.34000015258789,0
2000-07-05,9.359999656677246,9.359999656677246,9.359999656677246,9.359999656677246,0
2000-07-06,9.359999656677246,9.359999656677246,9.359999656677246,9.359999656677246,0
2000-07-07,9.390000343322754,9.390000343322754,9.390000343322754,9.390000343322754,0
2000-07-10,9.390000343322754,9.390000343322754,9.390000343322754,9.390000343322754,0
2000-07-11,9.420000076293945,9.420000076293945,9.420000076293945,9.420000076293945,0
2000-07-12,9.4399995803833,9.4399995803833,9.4399995803833,9.4399995803833,0
2000-07-13,9.460000038146973,9.460000038146973,9.460000038146973,9.460000038146973,0
2000-07-14,9.4399995803833,9.4399995803833,9.4399995803833,9.4399995803833,0
2000-07-17,9.420000076293945,9.420000076293945,9.420000076293945,9.420000076293945,0
2000-07-18,9.420000076293945,9.420000076293945,9.420000076293945,9.420000076293945,0
2000-07-19,9.399999618530273,9.399999618530273,9.399999618530273,9.399999618530273,0
2000-07-20,9.420000076293945,9.420000076293945,9.420000076293945,9.420000076293945,0
2000-07-21,9.430000305175781,9.430000305175781,9.430000305175781,9.430000305175781,0
2000-07-24,9.420000076293945,9.420000076293945,9.420000076293945,9.420000076293945,0
2000-07-25,9.430000305175781,9.430000305175781,9.430000305175781,9.430000305175781,0
2000-07-26,9.4399995803833,9.4399995803833,9.4399995803833,9.4399995803833,0
2000-07-27,9.449999809265137,9.449999809265137,9.449999809265137,9.449999809265137,0
2000-07-28,9.449999809265137,9.449999809265137,9.449999809265137,9.449999809265137,0
2000-07-31,9.449999809265137,9.449999809265137,9.449999809265137,9.449999809265137,0
2000-08-01,9.460000038146973,9.460000038146973,9.460000038146973,9.460000038146973,0
2000-08-02,9.460000038146973,9.460000038146973,9.460000038146973,9.460000038146973,0
2000-08-03,9.479999542236328,9.479999542236328,9.479999542236328,9.479999542236328,0
2000-08-04,9.489999771118164,9.489999771118164,9.489999771118164,9.489999771118164,0
2000-08-07,9.5,9.5,9.5,9.5,0
2000-08-08,9.510000228881836,9.510000228881836,9.510000228881836,9.510000228881836,0
2000-08-09,9.510000228881836,9.510000228881836,9.510000228881836,9.510000228881836,0
2000-08-10,9.529999732971191,9.529999732971191,9.529999732971191,9.529999732971191,0
2000-08-11,9.529999732971191,9.529999732971191,9.529999732971191,9.529999732971191,0
2000-08-14,9.529999732971191,9.529999732971191,9.529999732971191,9.529999732971191,0
2000-08-15,9.529999732971191,9.529999732971191,9.529999732971191,9.529999732971191,0
2000-08-16,9.529999732971191,9.529999732971191,9.529999732971191,9.529999732971191,0
2000-08-17,9.539999961853027,9.539999961853027,9.539999961853027,9.539999961853027,0
2000-08-18,9.550000190734863,9.550000190734863,9.550000190734863,9.550000190734863,0
2000-08-21,9.550000190734863,9.550000190734863,9.550000190734863,9.550000190734863,0
2000-08-22,9.5600004196167,9.5600004196167,9.5600004196167,9.5600004196167,0
2000-08-23,9.59000015258789,9.59000015258789,9.59000015258789,9.59000015258789,0
2000-08-24,9.59000015258789,9.59000015258789,9.59000015258789,9.59000015258789,0
2000-08-25,9.59000015258789,9.59000015258789,9.59000015258789,9.59000015258789,0
2000-08-28,9.579999923706055,9.579999923706055,9.579999923706055,9.579999923706055,0
2000-08-29,9.5600004196167,9.5600004196167,9.5600004196167,9.5600004196167,0
2000-08-30,9.5600004196167,9.5600004196167,9.5600004196167,9.5600004196167,0
2000-08-31,9.579999923706055,9.579999923706055,9.579999923706055,9.579999923706055,0
2000-09-01,9.59000015258789,9.59000015258789,9.59000015258789,9.59000015258789,0
2000-09-05,9.59000015258789,9.59000015258789,9.59000015258789,9.59000015258789,0
2000-09-06,9.59000015258789,9.59000015258789,9.59000015258789,9.59000015258789,0
2000-09-07,9.59000015258789,9.59000015258789,9.59000015258789,9.59000015258789,0
2000-09-08,9.59000015258789,9.59000015258789,9.59000015258789,9.59000015258789,0
2000-09-11,9.59000015258789,9.59000015258789,9.59000015258789,9.59000015258789,0
2000-09-12,9.579999923706055,9.579999923706055,9.579999923706055,9.579999923706055,0
2000-09-13,9.579999923706055,9.579999923706055,9.579999923706055,9.579999923706055,0
2000-09-14,9.569999694824219,9.569999694824219,9.569999694824219,9.569999694824219,0
2000-09-15,9.539999961853027,9.539999961853027,9.539999961853027,9.539999961853027,0
2000-09-18,9.510000228881836,9.510000228881836,9.510000228881836,9.510000228881836,0
2000-09-19,9.510000228881836,9.510000228881836,9.510000228881836,9.510000228881836,0
2000-09-20,9.5,9.5,9.5,9.5,0
2000-09-21,9.489999771118164,9.489999771118164,9.489999771118164,9.489999771118164,0
2000-09-22,9.489999771118164,9.489999771118164,9.489999771118164,9.489999771118164,0
2000-09-25,9.489999771118164,9.489999771118164,9.489999771118164,9.489999771118164,0
2000-09-26,9.489999771118164,9.489999771118164,9.489999771118164,9.489999771118164,0
2000-09-27,9.460000038146973,9.460000038146973,9.460000038146973,9.460000038146973,0
2000-09-28,9.460000038146973,9.460000038146973,9.460000038146973,9.460000038146973,0
2000-09-29,9.470000267028809,9.470000267028809,9.470000267028809,9.470000267028809,0
2000-10-02,9.460000038146973,9.460000038146973,9.460000038146973,9.460000038146973,0
2000-10-03,9.460000038146973,9.460000038146973,9.460000038146973,9.460000038146973,0
2000-10-04,9.460000038146973,9.460000038146973,9.460000038146973,9.460000038146973,0
2000-10-05,9.460000038146973,9.460000038146973,9.460000038146973,9.460000038146973,0
2000-10-06,9.460000038146973,9.460000038146973,9.460000038146973,9.460000038146973,0
2000-10-09,9.460000038146973,9.460000038146973,9.460000038146973,9.460000038146973,0
2000-10-10,9.460000038146973,9.460000038146973,9.460000038146973,9.460000038146973,0
2000-10-11,9.479999542236328,9.479999542236328,9.479999542236328,9.479999542236328,0
2000-10-12,9.489999771118164,9.489999771118164,9.489999771118164,9.489999771118164,0
2000-10-13,9.489999771118164,9.489999771118164,9.489999771118164,9.489999771118164,0
2000-10-16,9.489999771118164,9.489999771118164,9.489999771118164,9.489999771118164,0
2000-10-17,9.5,9.5,9.5,9.5,0
2000-10-18,9.520000457763672,9.520000457763672,9.520000457763672,9.520000457763672,0
2000-10-19,9.529999732971191,9.529999732971191,9.529999732971191,9.529999732971191,0
2000-10-20,9.539999961853027,9.539999961853027,9.539999961853027,9.539999961853027,0
2000-10-23,9.539999961853027,9.539999961853027,9.539999961853027,9.539999961853027,0
2000-10-24,9.539999961853027,9.539999961853027,9.539999961853027,9.539999961853027,0
2000-10-25,9.550000190734863,9.550000190734863,9.550000190734863,9.550000190734863,0
2000-10-26,9.5600004196167,9.5600004196167,9.5600004196167,9.5600004196167,0
2000-10-27,9.5600004196167,9.5600004196167,9.5600004196167,9.5600004196167,0
2000-10-30,9.5600004196167,9.5600004196167,9.5600004196167,9.5600004196167,0
2000-10-31,9.5600004196167,9.5600004196167,9.5600004196167,9.5600004196167,0
2000-11-01,9.5600004196167,9.5600004196167,9.5600004196167,9.5600004196167,0
2000-11-02,9.5600004196167,9.5600004196167,9.5600004196167,9.5600004196167,0
2000-11-03,9.539999961853027,9.539999961853027,9.539999961853027,9.539999961853027,0
2000-11-06,9.529999732971191,9.529999732971191,9.529999732971191,9.529999732971191,0
2000-11-07,9.520000457763672,9.520000457763672,9.520000457763672,9.520000457763672,0
2000-11-08,9.510000228881836,9.510000228881836,9.510000228881836,9.510000228881836,0
2000-11-09,9.520000457763672,9.520000457763672,9.520000457763672,9.520000457763672,0
2000-11-10,9.520000457763672,9.520000457763672,9.520000457763672,9.520000457763672,0
2000-11-13,9.520000457763672,9.520000457763672,9.520000457763672,9.520000457763672,0
2000-11-14,9.529999732971191,9.529999732971191,9.529999732971191,9.529999732971191,0
2000-11-15,9.539999961853027,9.539999961853027,9.539999961853027,9.539999961853027,0
2000-11-16,9.539999961853027,9.539999961853027,9.539999961853027,9.539999961853027,0
2000-11-17,9.539999961853027,9.539999961853027,9.539999961853027,9.539999961853027,0
2000-11-20,9.539999961853027,9.539999961853027,9.539999961853027,9.539999961853027,0
2000-11-21,9.539999961853027,9.539999961853027,9.539999961853027,9.539999961853027,0
2000-11-22,9.550000190734863,9.550000190734863,9.550000190734863,9.550000190734863,0
2000-11-24,9.550000190734863,9.550000190734863,9.550000190734863,9.550000190734863,0
2000-11-27,9.550000190734863,9.550000190734863,9.550000190734863,9.550000190734863,0
2000-11-28,9.5600004196167,9.5600004196167,9.5600004196167,9.5600004196167,0
2000-11-29,9.569999694824219,9.569999694824219,9.569999694824219,9.569999694824219,0
2000-11-30,9.600000381469727,9.600000381469727,9.600000381469727,9.600000381469727,0
2000-12-01,9.609999656677246,9.609999656677246,9.609999656677246,9.609999656677246,0
2000-12-04,9.609999656677246,9.609999656677246,9.609999656677246,9.609999656677246,0
2000-12-05,9.640000343322754,9.640000343322754,9.640000343322754,9.640000343322754,0
2000-12-06,9.670000076293945,9.670000076293945,9.670000076293945,9.670000076293945,0
2000-12-07,9.6899995803833,9.6899995803833,9.6899995803833,9.6899995803833,0
2000-12-08,9.710000038146973,9.710000038146973,9.710000038146973,9.710000038146973,0
2000-12-11,9.710000038146973,9.710000038146973,9.710000038146973,9.710000038146973,0
2000-12-12,9.710000038146973,9.710000038146973,9.710000038146973,9.710000038146973,0
2000-12-13,9.739999771118164,9.739999771118164,9.739999771118164,9.739999771118164,0
2000-12-14,9.789999961853027,9.789999961853027,9.789999961853027,9.789999961853027,0
2000-12-15,9.8100004196167,9.8100004196167,9.8100004196167,9.8100004196167,0
2000-12-18,9.829999923706055,9.829999923706055,9.829999923706055,9.829999923706055,0
2000-12-19,9.819999694824219,9.819999694824219,9.819999694824219,9.819999694824219,0
2000-12-20,9.850000381469727,9.850000381469727,9.850000381469727,9.850000381469727,0
2000-12-21,9.850000381469727,9.850000381469727,9.850000381469727,9.850000381469727,0
2000-12-22,9.859999656677246,9.859999656677246,9.859999656677246,9.859999656677246,0
2000-12-26,9.859999656677246,9.859999656677246,9.859999656677246,9.859999656677246,0
2000-12-27,9.859999656677246,9.859999656677246,9.859999656677246,9.859999656677246,0
2000-12-28,9.859999656677246,9.859999656677246,9.859999656677246,9.859999656677246,0
2000-12-29,9.869999885559082,9.869999885559082,9.869999885559082,9.869999885559082,0
2001-01-02,9.899999618530273,9.899999618530273,9.899999618530273,9.899999618530273,0
2001-01-03,9.90999984741211,9.90999984741211,9.90999984741211,9.90999984741211,0
2001-01-04,9.930000305175781,9.930000305175781,9.930000305175781,9.930000305175781,0
2001-01-05,9.970000267028809,9.970000267028809,9.970000267028809,9.970000267028809,0
2001-01-08,10.010000228881836,10.010000228881836,10.010000228881836,10.010000228881836,0
2001-01-09,10.029999732971191,10.029999732971191,10.029999732971191,10.029999732971191,0
2001-01-10,10.020000457763672,10.020000457763672,10.020000457763672,10.020000457763672,0
2001-01-11,10.020000457763672,10.020000457763672,10.020000457763672,10.020000457763672,0
2001-01-12,9.979999542236328,9.979999542236328,9.979999542236328,9.979999542236328,0
2001-01-16,9.970000267028809,9.970000267028809,9.970000267028809,9.970000267028809,0
2001-01-17,9.970000267028809,9.970000267028809,9.970000267028809,9.970000267028809,0
2001-01-18,9.979999542236328,9.979999542236328,9.979999542236328,9.979999542236328,0
2001-01-19,9.970000267028809,9.970000267028809,9.970000267028809,9.970000267028809,0
2001-01-22,9.949999809265137,9.949999809265137,9.949999809265137,9.949999809265137,0
2001-01-23,9.930000305175781,9.930000305175781,9.930000305175781,9.930000305175781,0
2001-01-24,9.899999618530273,9.899999618530273,9.899999618530273,9.899999618530273,0
2001-01-25,9.880000114440918,9.880000114440918,9.880000114440918,9.880000114440918,0
2001-01-26,9.880000114440918,9.880000114440918,9.880000114440918,9.880000114440918,0
2001-01-29,9.869999885559082,9.869999885559082,9.869999885559082,9.869999885559082,0
2001-01-30,9.880000114440918,9.880000114440918,9.880000114440918,9.880000114440918,0
2001-01-31,9.890000343322754,9.890000343322754,9.890000343322754,9.890000343322754,0
2001-02-01,9.930000305175781,9.930000305175781,9.930000305175781,9.930000305175781,0
2001-02-02,9.930000305175781,9.930000305175781,9.930000305175781,9.930000305175781,0
2001-02-05,9.9399995803833,9.9399995803833,9.9399995803833,9.9399995803833,0
2001-02-06,9.9399995803833,9.9399995803833,9.9399995803833,9.9399995803833,0
2001-02-07,9.9399995803833,9.9399995803833,9.9399995803833,9.9399995803833,0
2001-02-08,9.9399995803833,9.9399995803833,9.9399995803833,9.9399995803833,0
2001-02-09,9.9399995803833,9.9399995803833,9.9399995803833,9.9399995803833,0
2001-02-12,9.9399995803833,9.9399995803833,9.9399995803833,9.9399995803833,0
2001-02-13,9.9399995803833,9.9399995803833,9.9399995803833,9.9399995803833,0
2001-02-14,9.930000305175781,9.930000305175781,9.930000305175781,9.930000305175781,0
2001-02-15,9.90999984741211,9.90999984741211,9.90999984741211,9.90999984741211,0
2001-02-16,9.90999984741211,9.90999984741211,9.90999984741211,9.90999984741211,0
2001-02-20,9.90999984741211,9.90999984741211,9.90999984741211,9.90999984741211,0
2001-02-21,9.899999618530273,9.899999618530273,9.899999618530273,9.899999618530273,0
2001-02-22,9.899999618530273,9.899999618530273,9.899999618530273,9.899999618530273,0
2001-02-23,9.899999618530273,9.899999618530273,9.899999618530273,9.899999618530273,0
2001-02-26,9.890000343322754,9.890000343322754,9.890000343322754,9.890000343322754,0
2001-02-27,9.90999984741211,9.90999984741211,9.90999984741211,9.90999984741211,0
2001-02-28,9.90999984741211,9.90999984741211,9.90999984741211,9.90999984741211,0
2001-03-01,9.930000305175781,9.930000305175781,9.930000305175781,9.930000305175781,0
2001-03-02,9.920000076293945,9.920000076293945,9.920000076293945,9.920000076293945,0
2001-03-05,9.920000076293945,9.920000076293945,9.920000076293945,9.920000076293945,0
2001-03-06,9.930000305175781,9.930000305175781,9.930000305175781,9.930000305175781,0
2001-03-07,9.9399995803833,9.9399995803833,9.9399995803833,9.9399995803833,0
2001-03-08,9.949999809265137,9.949999809265137,9.949999809265137,9.949999809265137,0
2001-03-09,9.949999809265137,9.949999809265137,9.949999809265137,9.949999809265137,0
2001-03-12,9.949999809265137,9.949999809265137,9.949999809265137,9.949999809265137,0
2001-03-13,9.949999809265137,9.949999809265137,9.949999809265137,9.949999809265137,0
2001-03-14,9.970000267028809,9.970000267028809,9.970000267028809,9.970000267028809,0
2001-03-15,9.970000267028809,9.970000267028809,9.970000267028809,9.970000267028809,0
2001-03-16,9.989999771118164,9.989999771118164,9.989999771118164,9.989999771118164,0
2001-03-19,9.989999771118164,9.989999771118164,9.989999771118164,9.989999771118164,0
2001-03-20,9.989999771118164,9.989999771118164,9.989999771118164,9.989999771118164,0
2001-03-21,10.0,10.0,10.0,10.0,0
2001-03-22,10.010000228881836,10.010000228881836,10.010000228881836,10.010000228881836,0
2001-03-23,10.010000228881836,10.010000228881836,10.010000228881836,10.010000228881836,0
2001-03-26,9.979999542236328,9.979999542236328,9.979999542236328,9.979999542236328,0
2001-03-27,9.960000038146973,9.960000038146973,9.960000038146973,9.960000038146973,0
2001-03-28,9.960000038146973,9.960000038146973,9.960000038146973,9.960000038146973,0
2001-03-29,9.960000038146973,9.960000038146973,9.960000038146973,9.960000038146973,0
2001-03-30,9.960000038146973,9.960000038146973,9.960000038146973,9.960000038146973,0
2001-04-02,9.949999809265137,9.949999809265137,9.949999809265137,9.949999809265137,0
2001-04-03,9.9399995803833,9.9399995803833,9.9399995803833,9.9399995803833,0
2001-04-04,9.930000305175781,9.930000305175781,9.930000305175781,9.930000305175781,0
2001-04-05,9.920000076293945,9.920000076293945,9.920000076293945,9.920000076293945,0
2001-04-06,9.920000076293945,9.920000076293945,9.920000076293945,9.920000076293945,0
2001-04-09,9.920000076293945,9.920000076293945,9.920000076293945,9.920000076293945,0
2001-04-10,9.890000343322754,9.890000343322754,9.890000343322754,9.890000343322754,0
2001-04-11,9.869999885559082,9.869999885559082,9.869999885559082,9.869999885559082,0
2001-04-12,9.869999885559082,9.869999885559082,9.869999885559082,9.869999885559082,0
2001-04-16,9.84000015258789,9.84000015258789,9.84000015258789,9.84000015258789,0
2001-04-17,9.819999694824219,9.819999694824219,9.819999694824219,9.819999694824219,0
2001-04-18,9.800000190734863,9.800000190734863,9.800000190734863,9.800000190734863,0
2001-04-19,9.779999732971191,9.779999732971191,9.779999732971191,9.779999732971191,0
2001-04-20,9.779999732971191,9.779999732971191,9.779999732971191,9.779999732971191,0
2001-04-23,9.779999732971191,9.779999732971191,9.779999732971191,9.779999732971191,0
2001-04-24,9.779999732971191,9.779999732971191,9.779999732971191,9.779999732971191,0
2001-04-25,9.789999961853027,9.789999961853027,9.789999961853027,9.789999961853027,0
2001-04-26,9.789999961853027,9.789999961853027,9.789999961853027,9.789999961853027,0
2001-04-27,9.779999732971191,9.779999732971191,9.779999732971191,9.779999732971191,0
2001-04-30,9.770000457763672,9.770000457763672,9.770000457763672,9.770000457763672,0
2001-05-01,9.789999961853027,9.789999961853027,9.789999961853027,9.789999961853027,0
2001-05-02,9.800000190734863,9.800000190734863,9.800000190734863,9.800000190734863,0
2001-05-03,9.819999694824219,9.819999694824219,9.819999694824219,9.819999694824219,0
2001-05-04,9.84000015258789,9.84000015258789,9.84000015258789,9.84000015258789,0
2001-05-07,9.84000015258789,9.84000015258789,9.84000015258789,9.84000015258789,0
2001-05-08,9.850000381469727,9.850000381469727,9.850000381469727,9.850000381469727,0
2001-05-09,9.869999885559082,9.869999885559082,9.869999885559082,9.869999885559082,0
2001-05-10,9.869999885559082,9.869999885559082,9.869999885559082,9.869999885559082,0
2001-05-11,9.84000015258789,9.84000015258789,9.84000015258789,9.84000015258789,0
2001-05-14,9.84000015258789,9.84000015258789,9.84000015258789,9.84000015258789,0
2001-05-15,9.829999923706055,9.829999923706055,9.829999923706055,9.829999923706055,0
2001-05-16,9.84000015258789,9.84000015258789,9.84000015258789,9.84000015258789,0
2001-05-17,9.850000381469727,9.850000381469727,9.850000381469727,9.850000381469727,0
2001-05-18,9.859999656677246,9.859999656677246,9.859999656677246,9.859999656677246,0
2001-05-21,9.859999656677246,9.859999656677246,9.859999656677246,9.859999656677246,0
2001-05-22,9.859999656677246,9.859999656677246,9.859999656677246,9.859999656677246,0
2001-05-23,9.859999656677246,9.859999656677246,9.859999656677246,9.859999656677246,0
2001-05-24,9.859999656677246,9.859999656677246,9.859999656677246,9.859999656677246,0
2001-05-25,9.859999656677246,9.859999656677246,9.859999656677246,9.859999656677246,0
2001-05-29,9.859999656677246,9.859999656677246,9.859999656677246,9.859999656677246,0
2001-05-30,9.859999656677246,9.859999656677246,9.859999656677246,9.859999656677246,0
2001-05-31,9.869999885559082,9.869999885559082,9.869999885559082,9.869999885559082,0
2001-06-01,9.880000114440918,9.880000114440918,9.880000114440918,9.880000114440918,0
2001-06-04,9.890000343322754,9.890000343322754,9.890000343322754,9.890000343322754,0
2001-06-05,9.90999984741211,9.90999984741211,9.90999984741211,9.90999984741211,0
2001-06-06,9.930000305175781,9.930000305175781,9.930000305175781,9.930000305175781,0
2001-06-07,9.9399995803833,9.9399995803833,9.9399995803833,9.9399995803833,0
2001-06-08,9.930000305175781,9.930000305175781,9.930000305175781,9.930000305175781,0
2001-06-11,9.930000305175781,9.930000305175781,9.930000305175781,9.930000305175781,0
2001-06-12,9.930000305175781,9.930000305175781,9.930000305175781,9.930000305175781,0
2001-06-13,9.930000305175781,9.930000305175781,9.930000305175781,9.930000305175781,0
2001-06-14,9.9399995803833,9.9399995803833,9.9399995803833,9.9399995803833,0
2001-06-15,9.9399995803833,9.9399995803833,9.9399995803833,9.9399995803833,0
2001-06-18,9.9399995803833,9.9399995803833,9.9399995803833,9.9399995803833,0
2001-06-19,9.930000305175781,9.930000305175781,9.930000305175781,9.930000305175781,0
2001-06-20,9.930000305175781,9.930000305175781,9.930000305175781,9.930000305175781,0
2001-06-21,9.9399995803833,9.9399995803833,9.9399995803833,9.9399995803833,0
2001-06-22,9.9399995803833,9.9399995803833,9.9399995803833,9.9399995803833,0
2001-06-25,9.9399995803833,9.9399995803833,9.9399995803833,9.9399995803833,0
2001-06-26,9.9399995803833,9.9399995803833,9.9399995803833,9.9399995803833,0
2001-06-27,9.9399995803833,9.9399995803833,9.9399995803833,9.9399995803833,0
2001-06-28,9.9399995803833,9.9399995803833,9.9399995803833,9.9399995803833,0
2001-06-29,9.920000076293945,9.920000076293945,9.920000076293945,9.920000076293945,0
2001-07-02,9.920000076293945,9.920000076293945,9.920000076293945,9.920000076293945,0
2001-07-03,9.920000076293945,9.920000076293945,9.920000076293945,9.920000076293945,0
2001-07-05,9.920000076293945,9.920000076293945,9.920000076293945,9.920000076293945,0
2001-07-06,9.920000076293945,9.920000076293945,9.920000076293945,9.920000076293945,0
2001-07-09,9.920000076293945,9.920000076293945,9.920000076293945,9.920000076293945,0
2001-07-10,9.920000076293945,9.920000076293945,9.920000076293945,9.920000076293945,0
2001-07-11,9.920000076293945,9.920000076293945,9.920000076293945,9.920000076293945,0
2001-07-12,9.930000305175781,9.930000305175781,9.930000305175781,9.930000305175781,0
2001-07-13,9.930000305175781,9.930000305175781,9.930000305175781,9.930000305175781,0
2001-07-16,9.9399995803833,9.9399995803833,9.9399995803833,9.9399995803833,0
2001-07-17,9.9399995803833,9.9399995803833,9.9399995803833,9.9399995803833,0
2001-07-18,9.960000038146973,9.960000038146973,9.960000038146973,9.960000038146973,0
2001-07-19,9.970000267028809,9.970000267028809,9.970000267028809,9.970000267028809,0
2001-07-20,9.979999542236328,9.979999542236328,9.979999542236328,9.979999542236328,0
2001-07-23,9.979999542236328,9.979999542236328,9.979999542236328,9.979999542236328,0
2001-07-24,9.989999771118164,9.989999771118164,9.989999771118164,9.989999771118164,0
2001-07-25,10.0,10.0,10.0,10.0,0
2001-07-26,10.0,10.0,10.0,10.0,0
2001-07-27,10.010000228881836,10.010000228881836,10.010000228881836,10.010000228881836,0
2001-07-30,10.010000228881836,10.010000228881836,10.010000228881836,10.010000228881836,0
2001-07-31,10.029999732971191,10.029999732971191,10.029999732971191,10.029999732971191,0
2001-08-01,10.029999732971191,10.029999732971191,10.029999732971191,10.029999732971191,0
2001-08-02,10.029999732971191,10.029999732971191,10.029999732971191,10.029999732971191,0
2001-08-03,10.029999732971191,10.029999732971191,10.029999732971191,10.029999732971191,0
2001-08-06,10.029999732971191,10.029999732971191,10.029999732971191,10.029999732971191,0
2001-08-07,10.039999961853027,10.039999961853027,10.039999961853027,10.039999961853027,0
2001-08-08,10.039999961853027,10.039999961853027,10.039999961853027,10.039999961853027,0
2001-08-09,10.0600004196167,10.0600004196167,10.0600004196167,10.0600004196167,0
2001-08-10,10.069999694824219,10.069999694824219,10.069999694824219,10.069999694824219,0
2001-08-13,10.079999923706055,10.079999923706055,10.079999923706055,10.079999923706055,0
2001-08-14,10.079999923706055,10.079999923706055,10.079999923706055,10.079999923706055,0
2001-08-15,10.079999923706055,10.079999923706055,10.079999923706055,10.079999923706055,0
2001-08-16,10.100000381469727,10.100000381469727,10.100000381469727,10.100000381469727,0
2001-08-17,10.109999656677246,10.109999656677246,10.109999656677246,10.109999656677246,0
2001-08-20,10.119999885559082,10.119999885559082,10.119999885559082,10.119999885559082,0
2001-08-21,10.119999885559082,10.119999885559082,10.119999885559082,10.119999885559082,0
2001-08-22,10.119999885559082,10.119999885559082,10.119999885559082,10.119999885559082,0
2001-08-23,10.140000343322754,10.140000343322754,10.140000343322754,10.140000343322754,0
2001-08-24,10.130000114440918,10.130000114440918,10.130000114440918,10.130000114440918,0
2001-08-27,10.130000114440918,10.130000114440918,10.130000114440918,10.130000114440918,0
2001-08-28,10.140000343322754,10.140000343322754,10.140000343322754,10.140000343322754,0
2001-08-29,10.170000076293945,10.170000076293945,10.170000076293945,10.170000076293945,0
2001-08-30,10.170000076293945,10.170000076293945,10.170000076293945,10.170000076293945,0
2001-08-31,10.180000305175781,10.180000305175781,10.180000305175781,10.180000305175781,0
2001-09-04,10.149999618530273,10.149999618530273,10.149999618530273,10.149999618530273,0
2001-09-05,10.140000343322754,10.140000343322754,10.140000343322754,10.140000343322754,0
2001-09-06,10.140000343322754,10.140000343322754,10.140000343322754,10.140000343322754,0
2001-09-07,10.15999984741211,10.15999984741211,10.15999984741211,10.15999984741211,0
2001-09-10,10.15999984741211,10.15999984741211,10.15999984741211,10.15999984741211,0
2001-09-17,10.180000305175781,10.180000305175781,10.180000305175781,10.180000305175781,0
2001-09-18,10.140000343322754,10.140000343322754,10.140000343322754,10.140000343322754,0
2001-09-19,10.109999656677246,10.109999656677246,10.109999656677246,10.109999656677246,0
2001-09-20,10.09000015258789,10.09000015258789,10.09000015258789,10.09000015258789,0
2001-09-21,10.069999694824219,10.069999694824219,10.069999694824219,10.069999694824219,0
2001-09-24,10.0600004196167,10.0600004196167,10.0600004196167,10.0600004196167,0
2001-09-25,10.039999961853027,10.039999961853027,10.039999961853027,10.039999961853027,0
2001-09-26,10.039999961853027,10.039999961853027,10.039999961853027,10.039999961853027,0
2001-09-27,10.050000190734863,10.050000190734863,10.050000190734863,10.050000190734863,0
2001-09-28,10.069999694824219,10.069999694824219,10.069999694824219,10.069999694824219,0
2001-10-01,10.069999694824219,10.069999694824219,10.069999694824219,10.069999694824219,0
2001-10-02,10.100000381469727,10.100000381469727,10.100000381469727,10.100000381469727,0
2001-10-03,10.130000114440918,10.130000114440918,10.130000114440918,10.130000114440918,0
2001-10-04,10.149999618530273,10.149999618530273,10.149999618530273,10.149999618530273,0
2001-10-05,10.15999984741211,10.15999984741211,10.15999984741211,10.15999984741211,0
2001-10-08,10.15999984741211,10.15999984741211,10.15999984741211,10.15999984741211,0
2001-10-09,10.149999618530273,10.149999618530273,10.149999618530273,10.149999618530273,0
2001-10-10,10.149999618530273,10.149999618530273,10.149999618530273,10.149999618530273,0
2001-10-11,10.130000114440918,10.130000114440918,10.130000114440918,10.130000114440918,0
2001-10-12,10.119999885559082,10.119999885559082,10.119999885559082,10.119999885559082,0
2001-10-15,10.119999885559082,10.119999885559082,10.119999885559082,10.119999885559082,0
2001-10-16,10.130000114440918,10.130000114440918,10.130000114440918,10.130000114440918,0
2001-10-17,10.130000114440918,10.130000114440918,10.130000114440918,10.130000114440918,0
2001-10-18,10.130000114440918,10.130000114440918,10.130000114440918,10.130000114440918,0
2001-10-19,10.130000114440918,10.130000114440918,10.130000114440918,10.130000114440918,0
2001-10-22,10.119999885559082,10.119999885559082,10.119999885559082,10.119999885559082,0
2001-10-23,10.100000381469727,10.100000381469727,10.100000381469727,10.100000381469727,0
2001-10-24,10.100000381469727,10.100000381469727,10.100000381469727,10.100000381469727,0
2001-10-25,10.100000381469727,10.100000381469727,10.100000381469727,10.100000381469727,0
2001-10-26,10.100000381469727,10.100000381469727,10.100000381469727,10.100000381469727,0
2001-10-29,10.100000381469727,10.100000381469727,10.100000381469727,10.100000381469727,0
2001-10-30,10.100000381469727,10.100000381469727,10.100000381469727,10.100000381469727,0
2001-10-31,10.130000114440918,10.130000114440918,10.130000114440918,10.130000114440918,0
2001-11-01,10.180000305175781,10.180000305175781,10.180000305175781,10.180000305175781,0
2001-11-02,10.15999984741211,10.15999984741211,10.15999984741211,10.15999984741211,0
2001-11-05,10.15999984741211,10.15999984741211,10.15999984741211,10.15999984741211,0
2001-11-06,10.170000076293945,10.170000076293945,10.170000076293945,10.170000076293945,0
2001-11-07,10.199999809265137,10.199999809265137,10.199999809265137,10.199999809265137,0
2001-11-08,10.199999809265137,10.199999809265137,10.199999809265137,10.199999809265137,0
2001-11-09,10.199999809265137,10.199999809265137,10.199999809265137,10.199999809265137,0
2001-11-12,10.199999809265137,10.199999809265137,10.199999809265137,10.199999809265137,0
2001-11-13,10.180000305175781,10.180000305175781,10.180000305175781,10.180000305175781,0
2001-11-14,10.15999984741211,10.15999984741211,10.15999984741211,10.15999984741211,0
2001-11-15,10.119999885559082,10.119999885559082,10.119999885559082,10.119999885559082,0
2001-11-16,10.069999694824219,10.069999694824219,10.069999694824219,10.069999694824219,0
2001-11-19,10.050000190734863,10.050000190734863,10.050000190734863,10.050000190734863,0
2001-11-20,10.029999732971191,10.029999732971191,10.029999732971191,10.029999732971191,0
2001-11-21,10.0,10.0,10.0,10.0,0
2001-11-23,10.0,10.0,10.0,10.0,0
2001-11-26,9.989999771118164,9.989999771118164,9.989999771118164,9.989999771118164,0
2001-11-27,9.960000038146973,9.960000038146973,9.960000038146973,9.960000038146973,0
2001-11-28,9.949999809265137,9.949999809265137,9.949999809265137,9.949999809265137,0
2001-11-29,9.970000267028809,9.970000267028809,9.970000267028809,9.970000267028809,0
2001-11-30,9.970000267028809,9.970000267028809,9.970000267028809,9.970000267028809,0
2001-12-03,9.970000267028809,9.970000267028809,9.970000267028809,9.970000267028809,0
2001-12-04,9.989999771118164,9.989999771118164,9.989999771118164,9.989999771118164,0
2001-12-05,9.9399995803833,9.9399995803833,9.9399995803833,9.9399995803833,0
2001-12-06,9.899999618530273,9.899999618530273,9.899999618530273,9.899999618530273,0
2001-12-07,9.829999923706055,9.829999923706055,9.829999923706055,9.829999923706055,0
2001-12-10,9.819999694824219,9.819999694824219,9.819999694824219,9.819999694824219,0
2001-12-11,9.819999694824219,9.819999694824219,9.819999694824219,9.819999694824219,0
2001-12-12,9.819999694824219,9.819999694824219,9.819999694824219,9.819999694824219,0
2001-12-13,9.8100004196167,9.8100004196167,9.8100004196167,9.8100004196167,0
2001-12-14,9.800000190734863,9.800000190734863,9.800000190734863,9.800000190734863,0
2001-12-17,9.729999542236328,9.729999542236328,9.729999542236328,9.729999542236328,0
2001-12-18,9.729999542236328,9.729999542236328,9.729999542236328,9.729999542236328,0
2001-12-19,9.779999732971191,9.779999732971191,9.779999732971191,9.779999732971191,0
2001-12-20,9.800000190734863,9.800000190734863,9.800000190734863,9.800000190734863,0
2001-12-21,9.800000190734863,9.800000190734863,9.800000190734863,9.800000190734863,0
2001-12-24,9.800000190734863,9.800000190734863,9.800000190734863,9.800000190734863,0
2001-12-26,9.800000190734863,9.800000190734863,9.800000190734863,9.800000190734863,0
2001-12-27,9.800000190734863,9.800000190734863,9.800000190734863,9.800000190734863,0
2001-12-28,9.800000190734863,9.800000190734863,9.800000190734863,9.800000190734863,0
2001-12-31,9.819999694824219,9.819999694824219,9.819999694824219,9.819999694824219,0
2002-01-02,9.819999694824219,9.819999694824219,9.819999694824219,9.819999694824219,0
2002-01-03,9.829999923706055,9.829999923706055,9.829999923706055,9.829999923706055,0
2002-01-04,9.829999923706055,9.829999923706055,9.829999923706055,9.829999923706055,0
2002-01-07,9.850000381469727,9.850000381469727,9.850000381469727,9.850000381469727,0
2002-01-08,9.880000114440918,9.880000114440918,9.880000114440918,9.880000114440918,0
2002-01-09,9.890000343322754,9.890000343322754,9.890000343322754,9.890000343322754,0
2002-01-10,9.930000305175781,9.930000305175781,9.930000305175781,9.930000305175781,0
2002-01-11,9.960000038146973,9.960000038146973,9.960000038146973,9.960000038146973,0
2002-01-14,9.979999542236328,9.979999542236328,9.979999542236328,9.979999542236328,0
2002-01-15,10.0,10.0,10.0,10.0,0
2002-01-16,10.020000457763672,10.020000457763672,10.020000457763672,10.020000457763672,0
2002-01-17,10.0,10.0,10.0,10.0,0
2002-01-18,9.989999771118164,9.989999771118164,9.989999771118164,9.989999771118164,0
2002-01-22,9.979999542236328,9.979999542236328,9.979999542236328,9.979999542236328,0
2002-01-23,9.970000267028809,9.970000267028809,9.970000267028809,9.970000267028809,0
2002-01-24,9.9399995803833,9.9399995803833,9.9399995803833,9.9399995803833,0
2002-01-25,9.930000305175781,9.930000305175781,9.930000305175781,9.930000305175781,0
2002-01-28,9.920000076293945,9.920000076293945,9.920000076293945,9.920000076293945,0
2002-01-29,9.930000305175781,9.930000305175781,9.930000305175781,9.930000305175781,0
2002-01-30,9.930000305175781,9.930000305175781,9.930000305175781,9.930000305175781,0
2002-01-31,9.930000305175781,9.930000305175781,9.930000305175781,9.930000305175781,0
2002-02-01,9.930000305175781,9.930000305175781,9.930000305175781,9.930000305175781,0
2002-02-04,9.920000076293945,9.920000076293945,9.920000076293945,9.920000076293945,0
2002-02-05,9.920000076293945,9.920000076293945,9.920000076293945,9.920000076293945,0
2002-02-06,9.930000305175781,9.930000305175781,9.930000305175781,9.930000305175781,0
2002-02-07,9.930000305175781,9.930000305175781,9.930000305175781,9.930000305175781,0
2002-02-08,9.9399995803833,9.9399995803833,9.9399995803833,9.9399995803833,0
2002-02-11,9.9399995803833,9.9399995803833,9.9399995803833,9.9399995803833,0
2002-02-12,9.9399995803833,9.9399995803833,9.9399995803833,9.9399995803833,0
2002-02-13,9.930000305175781,9.930000305175781,9.930000305175781,9.930000305175781,0
2002-02-14,9.930000305175781,9.930000305175781,9.930000305175781,9.930000305175781,0
2002-02-15,9.9399995803833,9.9399995803833,9.9399995803833,9.9399995803833,0
2002-02-19,9.9399995803833,9.9399995803833,9.9399995803833,9.9399995803833,0
2002-02-20,9.949999809265137,9.949999809265137,9.949999809265137,9.949999809265137,0
2002-02-21,9.960000038146973,9.960000038146973,9.960000038146973,9.960000038146973,0
2002-02-22,9.989999771118164,9.989999771118164,9.989999771118164,9.989999771118164,0
2002-02-25,9.989999771118164,9.989999771118164,9.989999771118164,9.989999771118164,0
2002-02-26,9.989999771118164,9.989999771118164,9.989999771118164,9.989999771118164,0
2002-02-27,10.0,10.0,10.0,10.0,0
2002-02-28,10.0,10.0,10.0,10.0,0
2002-03-01,9.989999771118164,9.989999771118164,9.989999771118164,9.989999771118164,0
2002-03-04,9.960000038146973,9.960000038146973,9.960000038146973,9.960000038146973,0
2002-03-05,9.960000038146973,9.960000038146973,9.960000038146973,9.960000038146973,0
2002-03-06,9.960000038146973,9.960000038146973,9.960000038146973,9.960000038146973,0
2002-03-07,9.90999984741211,9.90999984741211,9.90999984741211,9.90999984741211,0
2002-03-08,9.859999656677246,9.859999656677246,9.859999656677246,9.859999656677246,0
2002-03-11,9.859999656677246,9.859999656677246,9.859999656677246,9.859999656677246,0
2002-03-12,9.850000381469727,9.850000381469727,9.850000381469727,9.850000381469727,0
2002-03-13,9.850000381469727,9.850000381469727,9.850000381469727,9.850000381469727,0
2002-03-14,9.8100004196167,9.8100004196167,9.8100004196167,9.8100004196167,0
2002-03-15,9.819999694824219,9.819999694824219,9.819999694824219,9.819999694824219,0
2002-03-18,9.819999694824219,9.819999694824219,9.819999694824219,9.819999694824219,0
2002-03-19,9.819999694824219,9.819999694824219,9.819999694824219,9.819999694824219,0
2002-03-20,9.779999732971191,9.779999732971191,9.779999732971191,9.779999732971191,0
2002-03-21,9.770000457763672,9.770000457763672,9.770000457763672,9.770000457763672,0
2002-03-22,9.770000457763672,9.770000457763672,9.770000457763672,9.770000457763672,0
2002-03-25,9.75,9.75,9.75,9.75,0
2002-03-26,9.760000228881836,9.760000228881836,9.760000228881836,9.760000228881836,0
2002-03-27,9.770000457763672,9.770000457763672,9.770000457763672,9.770000457763672,0
2002-03-28,9.770000457763672,9.770000457763672,9.770000457763672,9.770000457763672,0
2002-04-01,9.770000457763672,9.770000457763672,9.770000457763672,9.770000457763672,0
2002-04-02,9.760000228881836,9.760000228881836,9.760000228881836,9.760000228881836,0
2002-04-03,9.779999732971191,9.779999732971191,9.779999732971191,9.779999732971191,0
2002-04-04,9.789999961853027,9.789999961853027,9.789999961853027,9.789999961853027,0
2002-04-05,9.819999694824219,9.819999694824219,9.819999694824219,9.819999694824219,0
2002-04-08,9.84000015258789,9.84000015258789,9.84000015258789,9.84000015258789,0
2002-04-09,9.84000015258789,9.84000015258789,9.84000015258789,9.84000015258789,0
2002-04-10,9.850000381469727,9.850000381469727,9.850000381469727,9.850000381469727,0
2002-04-11,9.869999885559082,9.869999885559082,9.869999885559082,9.869999885559082,0
2002-04-12,9.880000114440918,9.880000114440918,9.880000114440918,9.880000114440918,0
2002-04-15,9.890000343322754,9.890000343322754,9.890000343322754,9.890000343322754,0
2002-04-16,9.880000114440918,9.880000114440918,9.880000114440918,9.880000114440918,0
2002-04-17,9.869999885559082,9.869999885559082,9.869999885559082,9.869999885559082,0
2002-04-18,9.869999885559082,9.869999885559082,9.869999885559082,9.869999885559082,0
2002-04-19,9.869999885559082,9.869999885559082,9.869999885559082,9.869999885559082,0
2002-04-22,9.869999885559082,9.869999885559082,9.869999885559082,9.869999885559082,0
2002-04-23,9.890000343322754,9.890000343322754,9.890000343322754,9.890000343322754,0
2002-04-24,9.90999984741211,9.90999984741211,9.90999984741211,9.90999984741211,0
2002-04-25,9.920000076293945,9.920000076293945,9.920000076293945,9.920000076293945,0
2002-04-26,9.920000076293945,9.920000076293945,9.920000076293945,9.920000076293945,0
2002-04-29,9.920000076293945,9.920000076293945,9.920000076293945,9.920000076293945,0
2002-04-30,9.930000305175781,9.930000305175781,9.930000305175781,9.930000305175781,0
2002-05-01,9.930000305175781,9.930000305175781,9.930000305175781,9.930000305175781,0
2002-05-02,9.930000305175781,9.930000305175781,9.930000305175781,9.930000305175781,0
2002-05-03,9.9399995803833,9.9399995803833,9.9399995803833,9.9399995803833,0
2002-05-06,9.9399995803833,9.9399995803833,9.9399995803833,9.9399995803833,0
2002-05-07,9.9399995803833,9.9399995803833,9.9399995803833,9.9399995803833,0
2002-05-08,9.920000076293945,9.920000076293945,9.920000076293945,9.920000076293945,0
2002-05-09,9.920000076293945,9.920000076293945,9.920000076293945,9.920000076293945,0
2002-05-10,9.920000076293945,9.920000076293945,9.920000076293945,9.920000076293945,0
2002-05-13,9.890000343322754,9.890000343322754,9.890000343322754,9.890000343322754,0
2002-05-14,9.850000381469727,9.850000381469727,9.850000381469727,9.850000381469727,0
2002-05-15,9.850000381469727,9.850000381469727,9.850000381469727,9.850000381469727,0
2002-05-16,9.859999656677246,9.859999656677246,9.859999656677246,9.859999656677246,0
2002-05-17,9.859999656677246,9.859999656677246,9.859999656677246,9.859999656677246,0
2002-05-20,9.859999656677246,9.859999656677246,9.859999656677246,9.859999656677246,0
2002-05-21,9.880000114440918,9.880000114440918,9.880000114440918,9.880000114440918,0
2002-05-22,9.90999984741211,9.90999984741211,9.90999984741211,9.90999984741211,0
2002-05-23,9.930000305175781,9.930000305175781,9.930000305175781,9.930000305175781,0
2002-05-24,9.930000305175781,9.930000305175781,9.930000305175781,9.930000305175781,0
2002-05-28,9.930000305175781,9.930000305175781,9.930000305175781,9.930000305175781,0
2002-05-29,9.9399995803833,9.9399995803833,9.9399995803833,9.9399995803833,0
2002-05-30,9.960000038146973,9.960000038146973,9.960000038146973,9.960000038146973,0
2002-05-31,9.970000267028809,9.970000267028809,9.970000267028809,9.970000267028809,0
2002-06-03,9.970000267028809,9.970000267028809,9.970000267028809,9.970000267028809,0
2002-06-04,9.979999542236328,9.979999542236328,9.979999542236328,9.979999542236328,0
2002-06-05,9.979999542236328,9.979999542236328,9.979999542236328,9.979999542236328,0
2002-06-06,9.989999771118164,9.989999771118164,9.989999771118164,9.989999771118164,0
2002-06-07,9.989999771118164,9.989999771118164,9.989999771118164,9.989999771118164,0
2002-06-10,9.989999771118164,9.989999771118164,9.989999771118164,9.989999771118164,0
2002-06-11,9.989999771118164,9.989999771118164,9.989999771118164,9.989999771118164,0
2002-06-12,10.0,10.0,10.0,10.0,0
2002-06-13,10.020000457763672,10.020000457763672,10.020000457763672,10.020000457763672,0
2002-06-14,10.050000190734863,10.050000190734863,10.050000190734863,10.050000190734863,0
2002-06-17,10.039999961853027,10.039999961853027,10.039999961853027,10.039999961853027,0
2002-06-18,10.039999961853027,10.039999961853027,10.039999961853027,10.039999961853027,0
2002-06-19,10.050000190734863,10.050000190734863,10.050000190734863,10.050000190734863,0
2002-06-20,10.050000190734863,10.050000190734863,10.050000190734863,10.050000190734863,0
2002-06-21,10.050000190734863,10.050000190734863,10.050000190734863,10.050000190734863,0
2002-06-24,10.050000190734863,10.050000190734863,10.050000190734863,10.050000190734863,0
2002-06-25,10.029999732971191,10.029999732971191,10.029999732971191,10.029999732971191,0
2002-06-26,10.0600004196167,10.0600004196167,10.0600004196167,10.0600004196167,0
2002-06-27,10.039999961853027,10.039999961853027,10.039999961853027,10.039999961853027,0
2002-06-28,10.029999732971191,10.029999732971191,10.029999732971191,10.029999732971191,0
2002-07-01,10.010000228881836,10.010000228881836,10.010000228881836,10.010000228881836,0
2002-07-02,10.029999732971191,10.029999732971191,10.029999732971191,10.029999732971191,0
2002-07-03,10.039999961853027,10.039999961853027,10.039999961853027,10.039999961853027,0
2002-07-05,10.039999961853027,10.039999961853027,10.039999961853027,10.039999961853027,0
2002-07-08,10.029999732971191,10.029999732971191,10.029999732971191,10.029999732971191,0
2002-07-09,10.050000190734863,10.050000190734863,10.050000190734863,10.050000190734863,0
2002-07-10,10.069999694824219,10.069999694824219,10.069999694824219,10.069999694824219,0
2002-07-11,10.109999656677246,10.109999656677246,10.109999656677246,10.109999656677246,0
2002-07-12,10.109999656677246,10.109999656677246,10.109999656677246,10.109999656677246,0
2002-07-15,10.130000114440918,10.130000114440918,10.130000114440918,10.130000114440918,0
2002-07-16,10.119999885559082,10.119999885559082,10.119999885559082,10.119999885559082,0
2002-07-17,10.109999656677246,10.109999656677246,10.109999656677246,10.109999656677246,0
2002-07-18,10.119999885559082,10.119999885559082,10.119999885559082,10.119999885559082,0
2002-07-19,10.130000114440918,10.130000114440918,10.130000114440918,10.130000114440918,0
2002-07-22,10.140000343322754,10.140000343322754,10.140000343322754,10.140000343322754,0
2002-07-23,10.140000343322754,10.140000343322754,10.140000343322754,10.140000343322754,0
2002-07-24,10.15999984741211,10.15999984741211,10.15999984741211,10.15999984741211,0
2002-07-25,10.149999618530273,10.149999618530273,10.149999618530273,10.149999618530273,0
2002-07-26,10.149999618530273,10.149999618530273,10.149999618530273,10.149999618530273,0
2002-07-29,10.109999656677246,10.109999656677246,10.109999656677246,10.109999656677246,0
2002-07-30,10.109999656677246,10.109999656677246,10.109999656677246,10.109999656677246,0
2002-07-31,10.119999885559082,10.119999885559082,10.119999885559082,10.119999885559082,0
2002-08-01,10.119999885559082,10.119999885559082,10.119999885559082,10.119999885559082,0
2002-08-02,10.109999656677246,10.109999656677246,10.109999656677246,10.109999656677246,0
2002-08-05,10.119999885559082,10.119999885559082,10.119999885559082,10.119999885559082,0
2002-08-06,10.119999885559082,10.119999885559082,10.119999885559082,10.119999885559082,0
2002-08-07,10.119999885559082,10.119999885559082,10.119999885559082,10.119999885559082,0
2002-08-08,10.109999656677246,10.109999656677246,10.109999656677246,10.109999656677246,0
2002-08-09,10.130000114440918,10.130000114440918,10.130000114440918,10.130000114440918,0
2002-08-12,10.140000343322754,10.140000343322754,10.140000343322754,10.140000343322754,0
2002-08-13,10.15999984741211,10.15999984741211,10.15999984741211,10.15999984741211,0
2002-08-14,10.1899995803833,10.1899995803833,10.1899995803833,10.1899995803833,0
2002-08-15,10.170000076293945,10.170000076293945,10.170000076293945,10.170000076293945,0
2002-08-16,10.149999618530273,10.149999618530273,10.149999618530273,10.149999618530273,0
2002-08-19,10.140000343322754,10.140000343322754,10.140000343322754,10.140000343322754,0
2002-08-20,10.149999618530273,10.149999618530273,10.149999618530273,10.149999618530273,0
2002-08-21,10.140000343322754,10.140000343322754,10.140000343322754,10.140000343322754,0
2002-08-22,10.130000114440918,10.130000114440918,10.130000114440918,10.130000114440918,0
2002-08-23,10.130000114440918,10.130000114440918,10.130000114440918,10.130000114440918,0
2002-08-26,10.140000343322754,10.140000343322754,10.140000343322754,10.140000343322754,0
2002-08-27,10.140000343322754,10.140000343322754,10.140000343322754,10.140000343322754,0
2002-08-28,10.149999618530273,10.149999618530273,10.149999618530273,10.149999618530273,0
2002-08-29,10.170000076293945,10.170000076293945,10.170000076293945,10.170000076293945,0
2002-08-30,10.180000305175781,10.180000305175781,10.180000305175781,10.180000305175781,0
2002-09-03,10.210000038146973,10.210000038146973,10.210000038146973,10.210000038146973,0
2002-09-04,10.239999771118164,10.239999771118164,10.239999771118164,10.239999771118164,0
2002-09-05,10.270000457763672,10.270000457763672,10.270000457763672,10.270000457763672,0
2002-09-06,10.260000228881836,10.260000228881836,10.260000228881836,10.260000228881836,0
2002-09-09,10.260000228881836,10.260000228881836,10.260000228881836,10.260000228881836,0
2002-09-10,10.260000228881836,10.260000228881836,10.260000228881836,10.260000228881836,0
2002-09-11,10.25,10.25,10.25,10.25,0
2002-09-12,10.260000228881836,10.260000228881836,10.260000228881836,10.260000228881836,0
2002-09-13,10.289999961853027,10.289999961853027,10.289999961853027,10.289999961853027,0
2002-09-16,10.289999961853027,10.289999961853027,10.289999961853027,10.289999961853027,0
2002-09-17,10.289999961853027,10.289999961853027,10.289999961853027,10.289999961853027,0
2002-09-18,10.319999694824219,10.319999694824219,10.319999694824219,10.319999694824219,0
2002-09-19,10.34000015258789,10.34000015258789,10.34000015258789,10.34000015258789,0
2002-09-20,10.34000015258789,10.34000015258789,10.34000015258789,10.34000015258789,0
2002-09-23,10.350000381469727,10.350000381469727,10.350000381469727,10.350000381469727,0
2002-09-24,10.369999885559082,10.369999885559082,10.369999885559082,10.369999885559082,0
2002-09-25,10.350000381469727,10.350000381469727,10.350000381469727,10.350000381469727,0
2002-09-26,10.34000015258789,10.34000015258789,10.34000015258789,10.34000015258789,0
2002-09-27,10.34000015258789,10.34000015258789,10.34000015258789,10.34000015258789,0
2002-09-30,10.350000381469727,10.350000381469727,10.350000381469727,10.350000381469727,0
2002-10-01,10.34000015258789,10.34000015258789,10.34000015258789,10.34000015258789,0
2002-10-02,10.34000015258789,10.34000015258789,10.34000015258789,10.34000015258789,0
2002-10-03,10.34000015258789,10.34000015258789,10.34000015258789,10.34000015258789,0
2002-10-04,10.34000015258789,10.34000015258789,10.34000015258789,10.34000015258789,0
2002-10-07,10.34000015258789,10.34000015258789,10.34000015258789,10.34000015258789,0
2002-10-08,10.34000015258789,10.34000015258789,10.34000015258789,10.34000015258789,0
2002-10-09,10.34000015258789,10.34000015258789,10.34000015258789,10.34000015258789,0
2002-10-10,10.319999694824219,10.319999694824219,10.319999694824219,10.319999694824219,0
2002-10-11,10.300000190734863,10.300000190734863,10.300000190734863,10.300000190734863,0
2002-10-14,10.300000190734863,10.300000190734863,10.300000190734863,10.300000190734863,0
2002-10-15,10.239999771118164,10.239999771118164,10.239999771118164,10.239999771118164,0
2002-10-16,10.180000305175781,10.180000305175781,10.180000305175781,10.180000305175781,0
2002-10-17,10.079999923706055,10.079999923706055,10.079999923706055,10.079999923706055,0
2002-10-18,10.039999961853027,10.039999961853027,10.039999961853027,10.039999961853027,0
2002-10-21,10.010000228881836,10.010000228881836,10.010000228881836,10.010000228881836,0
2002-10-22,9.979999542236328,9.979999542236328,9.979999542236328,9.979999542236328,0
2002-10-23,9.979999542236328,9.979999542236328,9.979999542236328,9.979999542236328,0
2002-10-24,9.989999771118164,9.989999771118164,9.989999771118164,9.989999771118164,0
2002-10-25,10.010000228881836,10.010000228881836,10.010000228881836,10.010000228881836,0
2002-10-28,10.029999732971191,10.029999732971191,10.029999732971191,10.029999732971191,0
2002-10-29,10.09000015258789,10.09000015258789,10.09000015258789,10.09000015258789,0
2002-10-30,10.100000381469727,10.100000381469727,10.100000381469727,10.100000381469727,0
2002-10-31,10.119999885559082,10.119999885559082,10.119999885559082,10.119999885559082,0
2002-11-01,10.109999656677246,10.109999656677246,10.109999656677246,10.109999656677246,0
2002-11-04,10.09000015258789,10.09000015258789,10.09000015258789,10.09000015258789,0
2002-11-05,10.09000015258789,10.09000015258789,10.09000015258789,10.09000015258789,0
2002-11-06,10.09000015258789,10.09000015258789,10.09000015258789,10.09000015258789,0
2002-11-07,10.140000343322754,10.140000343322754,10.140000343322754,10.140000343322754,0
2002-11-08,10.180000305175781,10.180000305175781,10.180000305175781,10.180000305175781,0
2002-11-11,10.180000305175781,10.180000305175781,10.180000305175781,10.180000305175781,0
2002-11-12,10.199999809265137,10.199999809265137,10.199999809265137,10.199999809265137,0
2002-11-13,10.1899995803833,10.1899995803833,10.1899995803833,10.1899995803833,0
2002-11-14,10.130000114440918,10.130000114440918,10.130000114440918,10.130000114440918,0
2002-11-15,10.109999656677246,10.109999656677246,10.109999656677246,10.109999656677246,0
2002-11-18,10.109999656677246,10.109999656677246,10.109999656677246,10.109999656677246,0
2002-11-19,10.119999885559082,10.119999885559082,10.119999885559082,10.119999885559082,0
2002-11-20,10.109999656677246,10.109999656677246,10.109999656677246,10.109999656677246,0
2002-11-21,10.069999694824219,10.069999694824219,10.069999694824219,10.069999694824219,0
2002-11-22,10.0600004196167,10.0600004196167,10.0600004196167,10.0600004196167,0
2002-11-25,10.069999694824219,10.069999694824219,10.069999694824219,10.069999694824219,0
2002-11-26,10.069999694824219,10.069999694824219,10.069999694824219,10.069999694824219,0
2002-11-27,10.050000190734863,10.050000190734863,10.050000190734863,10.050000190734863,0
2002-11-29,10.050000190734863,10.050000190734863,10.050000190734863,10.050000190734863,0
2002-12-02,10.029999732971191,10.029999732971191,10.029999732971191,10.029999732971191,0
2002-12-03,10.039999961853027,10.039999961853027,10.039999961853027,10.039999961853027,0
2002-12-04,10.0600004196167,10.0600004196167,10.0600004196167,10.0600004196167,0
2002-12-05,10.079999923706055,10.079999923706055,10.079999923706055,10.079999923706055,0
2002-12-06,10.100000381469727,10.100000381469727,10.100000381469727,10.100000381469727,0
2002-12-09,10.109999656677246,10.109999656677246,10.109999656677246,10.109999656677246,0
2002-12-10,10.109999656677246,10.109999656677246,10.109999656677246,10.109999656677246,0
2002-12-11,10.140000343322754,10.140000343322754,10.140000343322754,10.140000343322754,0
2002-12-12,10.140000343322754,10.140000343322754,10.140000343322754,10.140000343322754,0
2002-12-13,10.130000114440918,10.130000114440918,10.130000114440918,10.130000114440918,0
2002-12-16,10.119999885559082,10.119999885559082,10.119999885559082,10.119999885559082,0
2002-12-17,10.119999885559082,10.119999885559082,10.119999885559082,10.119999885559082,0
2002-12-18,10.130000114440918,10.130000114440918,10.130000114440918,10.130000114440918,0
2002-12-19,10.15999984741211,10.15999984741211,10.15999984741211,10.15999984741211,0
2002-12-20,10.15999984741211,10.15999984741211,10.15999984741211,10.15999984741211,0
2002-12-23,10.15999984741211,10.15999984741211,10.15999984741211,10.15999984741211,0
2002-12-24,10.170000076293945,10.170000076293945,10.170000076293945,10.170000076293945,0
2002-12-26,10.170000076293945,10.170000076293945,10.170000076293945,10.170000076293945,0
2002-12-27,10.180000305175781,10.180000305175781,10.180000305175781,10.180000305175781,0
2002-12-30,10.199999809265137,10.199999809265137,10.199999809265137,10.199999809265137,0
2002-12-31,10.229999542236328,10.229999542236328,10.229999542236328,10.229999542236328,0
2003-01-02,10.199999809265137,10.199999809265137,10.199999809265137,10.199999809265137,0
2003-01-03,10.1899995803833,10.1899995803833,10.1899995803833,10.1899995803833,0
2003-01-06,10.15999984741211,10.15999984741211,10.15999984741211,10.15999984741211,0
2003-01-07,10.15999984741211,10.15999984741211,10.15999984741211,10.15999984741211,0
2003-01-08,10.15999984741211,10.15999984741211,10.15999984741211,10.15999984741211,0
2003-01-09,10.130000114440918,10.130000114440918,10.130000114440918,10.130000114440918,0
2003-01-10,10.130000114440918,10.130000114440918,10.130000114440918,10.130000114440918,0
2003-01-13,10.119999885559082,10.119999885559082,10.119999885559082,10.119999885559082,0
2003-01-14,10.119999885559082,10.119999885559082,10.119999885559082,10.119999885559082,0
2003-01-15,10.119999885559082,10.119999885559082,10.119999885559082,10.119999885559082,0
2003-01-16,10.119999885559082,10.119999885559082,10.119999885559082,10.119999885559082,0
2003-01-17,10.130000114440918,10.130000114440918,10.130000114440918,10.130000114440918,0
2003-01-21,10.130000114440918,10.130000114440918,10.130000114440918,10.130000114440918,0
2003-01-22,10.140000343322754,10.140000343322754,10.140000343322754,10.140000343322754,0
2003-01-23,10.140000343322754,10.140000343322754,10.140000343322754,10.140000343322754,0
2003-01-24,10.140000343322754,10.140000343322754,10.140000343322754,10.140000343322754,0
2003-01-27,10.149999618530273,10.149999618530273,10.149999618530273,10.149999618530273,0
2003-01-28,10.130000114440918,10.130000114440918,10.130000114440918,10.130000114440918,0
2003-01-29,10.130000114440918,10.130000114440918,10.130000114440918,10.130000114440918,0
2003-01-30,10.130000114440918,10.130000114440918,10.130000114440918,10.130000114440918,0
2003-01-31,10.130000114440918,10.130000114440918,10.130000114440918,10.130000114440918,0
2003-02-03,10.130000114440918,10.130000114440918,10.130000114440918,10.130000114440918,0
2003-02-04,10.140000343322754,10.140000343322754,10.140000343322754,10.140000343322754,0
2003-02-05,10.140000343322754,10.140000343322754,10.140000343322754,10.140000343322754,0
2003-02-06,10.149999618530273,10.149999618530273,10.149999618530273,10.149999618530273,0
2003-02-07,10.149999618530273,10.149999618530273,10.149999618530273,10.149999618530273,0
2003-02-10,10.149999618530273,10.149999618530273,10.149999618530273,10.149999618530273,0
2003-02-11,10.149999618530273,10.149999618530273,10.149999618530273,10.149999618530273,0
2003-02-12,10.149999618530273,10.149999618530273,10.149999618530273,10.149999618530273,0
2003-02-13,10.15999984741211,10.15999984741211,10.15999984741211,10.15999984741211,0
2003-02-14,10.15999984741211,10.15999984741211,10.15999984741211,10.15999984741211,0
2003-02-18,10.15999984741211,10.15999984741211,10.15999984741211,10.15999984741211,0
2003-02-19,10.15999984741211,10.15999984741211,10.15999984741211,10.15999984741211,0
2003-02-20,10.180000305175781,10.180000305175781,10.180000305175781,10.180000305175781,0
2003-02-21,10.180000305175781,10.180000305175781,10.180000305175781,10.180000305175781,0
2003-02-24,10.180000305175781,10.180000305175781,10.180000305175781,10.180000305175781,0
2003-02-25,10.210000038146973,10.210000038146973,10.210000038146973,10.210000038146973,0
2003-02-26,10.220000267028809,10.220000267028809,10.220000267028809,10.220000267028809,0
2003-02-27,10.229999542236328,10.229999542236328,10.229999542236328,10.229999542236328,0
2003-02-28,10.25,10.25,10.25,10.25,0
2003-03-03,10.25,10.25,10.25,10.25,0
2003-03-04,10.260000228881836,10.260000228881836,10.260000228881836,10.260000228881836,0
2003-03-05,10.270000457763672,10.270000457763672,10.270000457763672,10.270000457763672,0
2003-03-06,10.279999732971191,10.279999732971191,10.279999732971191,10.279999732971191,0
2003-03-07,10.289999961853027,10.289999961853027,10.289999961853027,10.289999961853027,0
2003-03-10,10.3100004196167,10.3100004196167,10.3100004196167,10.3100004196167,0
2003-03-11,10.3100004196167,10.3100004196167,10.3100004196167,10.3100004196167,0
2003-03-12,10.319999694824219,10.319999694824219,10.319999694824219,10.319999694824219,0
2003-03-13,10.289999961853027,10.289999961853027,10.289999961853027,10.289999961853027,0
2003-03-14,10.289999961853027,10.289999961853027,10.289999961853027,10.289999961853027,0
2003-03-17,10.260000228881836,10.260000228881836,10.260000228881836,10.260000228881836,0
2003-03-18,10.239999771118164,10.239999771118164,10.239999771118164,10.239999771118164,0
2003-03-19,10.1899995803833,10.1899995803833,10.1899995803833,10.1899995803833,0
2003-03-20,10.15999984741211,10.15999984741211,10.15999984741211,10.15999984741211,0
2003-03-21,10.09000015258789,10.09000015258789,10.09000015258789,10.09000015258789,0
2003-03-24,10.109999656677246,10.109999656677246,10.109999656677246,10.109999656677246,0
2003-03-25,10.130000114440918,10.130000114440918,10.130000114440918,10.130000114440918,0
2003-03-26,10.149999618530273,10.149999618530273,10.149999618530273,10.149999618530273,0
2003-03-27,10.170000076293945,10.170000076293945,10.170000076293945,10.170000076293945,0
2003-03-28,10.1899995803833,10.1899995803833,10.1899995803833,10.1899995803833,0
2003-03-31,10.220000267028809,10.220000267028809,10.220000267028809,10.220000267028809,0
2003-04-01,10.220000267028809,10.220000267028809,10.220000267028809,10.220000267028809,0
2003-04-02,10.180000305175781,10.180000305175781,10.180000305175781,10.180000305175781,0
2003-04-03,10.180000305175781,10.180000305175781,10.180000305175781,10.180000305175781,0
2003-04-04,10.180000305175781,10.180000305175781,10.180000305175781,10.180000305175781,0
2003-04-07,10.140000343322754,10.140000343322754,10.140000343322754,10.140000343322754,0
2003-04-08,10.149999618530273,10.149999618530273,10.149999618530273,10.149999618530273,0
2003-04-09,10.170000076293945,10.170000076293945,10.170000076293945,10.170000076293945,0
2003-04-10,10.180000305175781,10.180000305175781,10.180000305175781,10.180000305175781,0
2003-04-11,10.180000305175781,10.180000305175781,10.180000305175781,10.180000305175781,0
2003-04-14,10.180000305175781,10.180000305175781,10.180000305175781,10.180000305175781,0
2003-04-15,10.1899995803833,10.1899995803833,10.1899995803833,10.1899995803833,0
2003-04-16,10.210000038146973,10.210000038146973,10.210000038146973,10.210000038146973,0
2003-04-17,10.220000267028809,10.220000267028809,10.220000267028809,10.220000267028809,0
2003-04-21,10.210000038146973,10.210000038146973,10.210000038146973,10.210000038146973,0
2003-04-22,10.220000267028809,10.220000267028809,10.220000267028809,10.220000267028809,0
2003-04-23,10.239999771118164,10.239999771118164,10.239999771118164,10.239999771118164,0
2003-04-24,10.270000457763672,10.270000457763672,10.270000457763672,10.270000457763672,0
2003-04-25,10.279999732971191,10.279999732971191,10.279999732971191,10.279999732971191,0
2003-04-28,10.279999732971191,10.279999732971191,10.279999732971191,10.279999732971191,0
2003-04-29,10.279999732971191,10.279999732971191,10.279999732971191,10.279999732971191,0
2003-04-30,10.289999961853027,10.289999961853027,10.289999961853027,10.289999961853027,0
2003-05-01,10.300000190734863,10.300000190734863,10.300000190734863,10.300000190734863,0
2003-05-02,10.300000190734863,10.300000190734863,10.300000190734863,10.300000190734863,0
2003-05-05,10.300000190734863,10.300000190734863,10.300000190734863,10.300000190734863,0
2003-05-06,10.300000190734863,10.300000190734863,10.300000190734863,10.300000190734863,0
2003-05-07,10.350000381469727,10.350000381469727,10.350000381469727,10.350000381469727,0
2003-05-08,10.369999885559082,10.369999885559082,10.369999885559082,10.369999885559082,0
2003-05-09,10.369999885559082,10.369999885559082,10.369999885559082,10.369999885559082,0
2003-05-12,10.399999618530273,10.399999618530273,10.399999618530273,10.399999618530273,0
2003-05-13,10.40999984741211,10.40999984741211,10.40999984741211,10.40999984741211,0
2003-05-14,10.449999809265137,10.449999809265137,10.449999809265137,10.449999809265137,0
2003-05-15,10.470000267028809,10.470000267028809,10.470000267028809,10.470000267028809,0
2003-05-16,10.479999542236328,10.479999542236328,10.479999542236328,10.479999542236328,0
2003-05-19,10.479999542236328,10.479999542236328,10.479999542236328,10.479999542236328,0
2003-05-20,10.489999771118164,10.489999771118164,10.489999771118164,10.489999771118164,0
2003-05-21,10.5,10.5,10.5,10.5,0
2003-05-22,10.5,10.5,10.5,10.5,0
2003-05-23,10.520000457763672,10.520000457763672,10.520000457763672,10.520000457763672,0
2003-05-27,10.5,10.5,10.5,10.5,0
2003-05-28,10.470000267028809,10.470000267028809,10.470000267028809,10.470000267028809,0
2003-05-29,10.479999542236328,10.479999542236328,10.479999542236328,10.479999542236328,0
2003-05-30,10.479999542236328,10.479999542236328,10.479999542236328,10.479999542236328,0
2003-06-02,10.449999809265137,10.449999809265137,10.449999809265137,10.449999809265137,0
2003-06-03,10.479999542236328,10.479999542236328,10.479999542236328,10.479999542236328,0
2003-06-04,10.5,10.5,10.5,10.5,0
2003-06-05,10.520000457763672,10.520000457763672,10.520000457763672,10.520000457763672,0
2003-06-06,10.520000457763672,10.520000457763672,10.520000457763672,10.520000457763672,0
2003-06-09,10.520000457763672,10.520000457763672,10.520000457763672,10.520000457763672,0
2003-06-10,10.539999961853027,10.539999961853027,10.539999961853027,10.539999961853027,0
2003-06-11,10.5600004196167,10.5600004196167,10.5600004196167,10.5600004196167,0
2003-06-12,10.579999923706055,10.579999923706055,10.579999923706055,10.579999923706055,0
2003-06-13,10.600000381469727,10.600000381469727,10.600000381469727,10.600000381469727,0
2003-06-16,10.59000015258789,10.59000015258789,10.59000015258789,10.59000015258789,0
2003-06-17,10.539999961853027,10.539999961853027,10.539999961853027,10.539999961853027,0
2003-06-18,10.479999542236328,10.479999542236328,10.479999542236328,10.479999542236328,0
2003-06-19,10.449999809265137,10.449999809265137,10.449999809265137,10.449999809265137,0
2003-06-20,10.430000305175781,10.430000305175781,10.430000305175781,10.430000305175781,0
2003-06-23,10.420000076293945,10.420000076293945,10.420000076293945,10.420000076293945,0
2003-06-24,10.430000305175781,10.430000305175781,10.430000305175781,10.430000305175781,0
2003-06-25,10.430000305175781,10.430000305175781,10.430000305175781,10.430000305175781,0
2003-06-26,10.390000343322754,10.390000343322754,10.390000343322754,10.390000343322754,0
2003-06-27,10.369999885559082,10.369999885559082,10.369999885559082,10.369999885559082,0
2003-06-30,10.380000114440918,10.380000114440918,10.380000114440918,10.380000114440918,0
2003-07-01,10.380000114440918,10.380000114440918,10.380000114440918,10.380000114440918,0
2003-07-02,10.369999885559082,10.369999885559082,10.369999885559082,10.369999885559082,0
2003-07-03,10.359999656677246,10.359999656677246,10.359999656677246,10.359999656677246,0
2003-07-07,10.329999923706055,10.329999923706055,10.329999923706055,10.329999923706055,0
2003-07-08,10.329999923706055,10.329999923706055,10.329999923706055,10.329999923706055,0
2003-07-09,10.34000015258789,10.34000015258789,10.34000015258789,10.34000015258789,0
2003-07-10,10.350000381469727,10.350000381469727,10.350000381469727,10.350000381469727,0
2003-07-11,10.34000015258789,10.34000015258789,10.34000015258789,10.34000015258789,0
2003-07-14,10.350000381469727,10.350000381469727,10.350000381469727,10.350000381469727,0
2003-07-15,10.279999732971191,10.279999732971191,10.279999732971191,10.279999732971191,0
2003-07-16,10.260000228881836,10.260000228881836,10.260000228881836,10.260000228881836,0
2003-07-17,10.25,10.25,10.25,10.25,0
2003-07-18,10.25,10.25,10.25,10.25,0
2003-07-21,10.220000267028809,10.220000267028809,10.220000267028809,10.220000267028809,0
2003-07-22,10.15999984741211,10.15999984741211,10.15999984741211,10.15999984741211,0
2003-07-23,10.180000305175781,10.180000305175781,10.180000305175781,10.180000305175781,0
2003-07-24,10.170000076293945,10.170000076293945,10.170000076293945,10.170000076293945,0
2003-07-25,10.180000305175781,10.180000305175781,10.180000305175781,10.180000305175781,0
2003-07-28,10.140000343322754,10.140000343322754,10.140000343322754,10.140000343322754,0
2003-07-29,10.079999923706055,10.079999923706055,10.079999923706055,10.079999923706055,0
2003-07-30,10.079999923706055,10.079999923706055,10.079999923706055,10.079999923706055,0
2003-07-31,10.020000457763672,10.020000457763672,10.020000457763672,10.020000457763672,0
2003-08-01,10.020000457763672,10.020000457763672,10.020000457763672,10.020000457763672,0
2003-08-04,10.029999732971191,10.029999732971191,10.029999732971191,10.029999732971191,0
2003-08-05,10.020000457763672,10.020000457763672,10.020000457763672,10.020000457763672,0
2003-08-06,10.050000190734863,10.050000190734863,10.050000190734863,10.050000190734863,0
2003-08-07,10.079999923706055,10.079999923706055,10.079999923706055,10.079999923706055,0
2003-08-08,10.119999885559082,10.119999885559082,10.119999885559082,10.119999885559082,0
2003-08-11,10.09000015258789,10.09000015258789,10.09000015258789,10.09000015258789,0
2003-08-12,10.09000015258789,10.09000015258789,10.09000015258789,10.09000015258789,0
2003-08-13,10.039999961853027,10.039999961853027,10.039999961853027,10.039999961853027,0
2003-08-14,10.020000457763672,10.020000457763672,10.020000457763672,10.020000457763672,0
2003-08-15,10.029999732971191,10.029999732971191,10.029999732971191,10.029999732971191,0
2003-08-18,10.050000190734863,10.050000190734863,10.050000190734863,10.050000190734863,0
2003-08-19,10.0600004196167,10.0600004196167,10.0600004196167,10.0600004196167,0
2003-08-20,10.069999694824219,10.069999694824219,10.069999694824219,10.069999694824219,0
2003-08-21,10.050000190734863,10.050000190734863,10.050000190734863,10.050000190734863,0
2003-08-22,10.050000190734863,10.050000190734863,10.050000190734863,10.050000190734863,0
2003-08-25,10.050000190734863,10.050000190734863,10.050000190734863,10.050000190734863,0
2003-08-26,10.050000190734863,10.050000190734863,10.050000190734863,10.050000190734863,0
2003-08-27,10.050000190734863,10.050000190734863,10.050000190734863,10.050000190734863,0
2003-08-28,10.069999694824219,10.069999694824219,10.069999694824219,10.069999694824219,0
2003-08-29,10.069999694824219,10.069999694824219,10.069999694824219,10.069999694824219,0
2003-09-02,10.050000190734863,10.050000190734863,10.050000190734863,10.050000190734863,0
2003-09-03,10.050000190734863,10.050000190734863,10.050000190734863,10.050000190734863,0
2003-09-04,10.0600004196167,10.0600004196167,10.0600004196167,10.0600004196167,0
2003-09-05,10.100000381469727,10.100000381469727,10.100000381469727,10.100000381469727,0
2003-09-08,10.130000114440918,10.130000114440918,10.130000114440918,10.130000114440918,0
2003-09-09,10.119999885559082,10.119999885559082,10.119999885559082,10.119999885559082,0
2003-09-10,10.140000343322754,10.140000343322754,10.140000343322754,10.140000343322754,0
2003-09-11,10.140000343322754,10.140000343322754,10.140000343322754,10.140000343322754,0
2003-09-12,10.180000305175781,10.180000305175781,10.180000305175781,10.180000305175781,0
2003-09-15,10.180000305175781,10.180000305175781,10.180000305175781,10.180000305175781,0
2003-09-16,10.170000076293945,10.170000076293945,10.170000076293945,10.170000076293945,0
2003-09-17,10.199999809265137,10.199999809265137,10.199999809265137,10.199999809265137,0
2003-09-18,10.199999809265137,10.199999809265137,10.199999809265137,10.199999809265137,0
2003-09-19,10.210000038146973,10.210000038146973,10.210000038146973,10.210000038146973,0
2003-09-22,10.1899995803833,10.1899995803833,10.1899995803833,10.1899995803833,0
2003-09-23,10.180000305175781,10.180000305175781,10.180000305175781,10.180000305175781,0
2003-09-24,10.199999809265137,10.199999809265137,10.199999809265137,10.199999809265137,0
2003-09-25,10.210000038146973,10.210000038146973,10.210000038146973,10.210000038146973,0
2003-09-26,10.229999542236328,10.229999542236328,10.229999542236328,10.229999542236328,0
2003-09-29,10.229999542236328,10.229999542236328,10.229999542236328,10.229999542236328,0
2003-09-30,10.270000457763672,10.270000457763672,10.270000457763672,10.270000457763672,0
2003-10-01,10.270000457763672,10.270000457763672,10.270000457763672,10.270000457763672,0
2003-10-02,10.25,10.25,10.25,10.25,0
2003-10-03,10.180000305175781,10.180000305175781,10.180000305175781,10.180000305175781,0
2003-10-06,10.180000305175781,10.180000305175781,10.180000305175781,10.180000305175781,0
2003-10-07,10.170000076293945,10.170000076293945,10.170000076293945,10.170000076293945,0
2003-10-08,10.15999984741211,10.15999984741211,10.15999984741211,10.15999984741211,0
2003-10-09,10.140000343322754,10.140000343322754,10.140000343322754,10.140000343322754,0
2003-10-10,10.140000343322754,10.140000343322754,10.140000343322754,10.140000343322754,0
2003-10-13,10.140000343322754,10.140000343322754,10.140000343322754,10.140000343322754,0
2003-10-14,10.130000114440918,10.130000114440918,10.130000114440918,10.130000114440918,0
2003-10-15,10.100000381469727,10.100000381469727,10.100000381469727,10.100000381469727,0
2003-10-16,10.100000381469727,10.100000381469727,10.100000381469727,10.100000381469727,0
2003-10-17,10.109999656677246,10.109999656677246,10.109999656677246,10.109999656677246,0
2003-10-20,10.119999885559082,10.119999885559082,10.119999885559082,10.119999885559082,0
2003-10-21,10.130000114440918,10.130000114440918,10.130000114440918,10.130000114440918,0
2003-10-22,10.15999984741211,10.15999984741211,10.15999984741211,10.15999984741211,0
2003-10-23,10.149999618530273,10.149999618530273,10.149999618530273,10.149999618530273,0
2003-10-24,10.180000305175781,10.180000305175781,10.180000305175781,10.180000305175781,0
2003-10-27,10.180000305175781,10.180000305175781,10.180000305175781,10.180000305175781,0
2003-10-28,10.1899995803833,10.1899995803833,10.1899995803833,10.1899995803833,0
2003-10-29,10.1899995803833,10.1899995803833,10.1899995803833,10.1899995803833,0
2003-10-30,10.170000076293945,10.170000076293945,10.170000076293945,10.170000076293945,0
2003-10-31,10.180000305175781,10.180000305175781,10.180000305175781,10.180000305175781,0
2003-11-03,10.170000076293945,10.170000076293945,10.170000076293945,10.170000076293945,0
2003-11-04,10.1899995803833,10.1899995803833,10.1899995803833,10.1899995803833,0
2003-11-05,10.199999809265137,10.199999809265137,10.199999809265137,10.199999809265137,0
2003-11-06,10.180000305175781,10.180000305175781,10.180000305175781,10.180000305175781,0
2003-11-07,10.15999984741211,10.15999984741211,10.15999984741211,10.15999984741211,0
2003-11-10,10.15999984741211,10.15999984741211,10.15999984741211,10.15999984741211,0
2003-11-11,10.15999984741211,10.15999984741211,10.15999984741211,10.15999984741211,0
2003-11-12,10.180000305175781,10.180000305175781,10.180000305175781,10.180000305175781,0
2003-11-13,10.210000038146973,10.210000038146973,10.210000038146973,10.210000038146973,0
2003-11-14,10.239999771118164,10.239999771118164,10.239999771118164,10.239999771118164,0
2003-11-17,10.260000228881836,10.260000228881836,10.260000228881836,10.260000228881836,0
2003-11-18,10.260000228881836,10.260000228881836,10.260000228881836,10.260000228881836,0
2003-11-19,10.260000228881836,10.260000228881836,10.260000228881836,10.260000228881836,0
2003-11-20,10.270000457763672,10.270000457763672,10.270000457763672,10.270000457763672,0
2003-11-21,10.279999732971191,10.279999732971191,10.279999732971191,10.279999732971191,0
2003-11-24,10.270000457763672,10.270000457763672,10.270000457763672,10.270000457763672,0
2003-11-25,10.270000457763672,10.270000457763672,10.270000457763672,10.270000457763672,0
2003-11-26,10.270000457763672,10.270000457763672,10.270000457763672,10.270000457763672,0
2003-11-28,10.270000457763672,10.270000457763672,10.270000457763672,10.270000457763672,0
2003-12-01,10.220000267028809,10.220000267028809,10.220000267028809,10.220000267028809,0
2003-12-02,10.199999809265137,10.199999809265137,10.199999809265137,10.199999809265137,0
2003-12-03,10.199999809265137,10.199999809265137,10.199999809265137,10.199999809265137,0
2003-12-04,10.199999809265137,10.199999809265137,10.199999809265137,10.199999809265137,0
2003-12-05,10.239999771118164,10.239999771118164,10.239999771118164,10.239999771118164,0
2003-12-08,10.239999771118164,10.239999771118164,10.239999771118164,10.239999771118164,0
2003-12-09,10.239999771118164,10.239999771118164,10.239999771118164,10.239999771118164,0
2003-12-10,10.229999542236328,10.229999542236328,10.229999542236328,10.229999542236328,0
2003-12-11,10.239999771118164,10.239999771118164,10.239999771118164,10.239999771118164,0
2003-12-12,10.25,10.25,10.25,10.25,0
2003-12-15,10.25,10.25,10.25,10.25,0
2003-12-16,10.270000457763672,10.270000457763672,10.270000457763672,10.270000457763672,0
2003-12-17,10.289999961853027,10.289999961853027,10.289999961853027,10.289999961853027,0
2003-12-18,10.3100004196167,10.3100004196167,10.3100004196167,10.3100004196167,0
2003-12-19,10.319999694824219,10.319999694824219,10.319999694824219,10.319999694824219,0
2003-12-22,10.319999694824219,10.319999694824219,10.319999694824219,10.319999694824219,0
2003-12-23,10.300000190734863,10.300000190734863,10.300000190734863,10.300000190734863,0
2003-12-24,10.3100004196167,10.3100004196167,10.3100004196167,10.3100004196167,0
2003-12-26,10.3100004196167,10.3100004196167,10.3100004196167,10.3100004196167,0
2003-12-29,10.3100004196167,10.3100004196167,10.3100004196167,10.3100004196167,0
2003-12-30,10.300000190734863,10.300000190734863,10.300000190734863,10.300000190734863,0
2003-12-31,10.300000190734863,10.300000190734863,10.300000190734863,10.300000190734863,0
2004-01-02,10.279999732971191,10.279999732971191,10.279999732971191,10.279999732971191,0
2004-01-05,10.270000457763672,10.270000457763672,10.270000457763672,10.270000457763672,0
2004-01-06,10.289999961853027,10.289999961853027,10.289999961853027,10.289999961853027,0
2004-01-07,10.319999694824219,10.319999694824219,10.319999694824219,10.319999694824219,0
2004-01-08,10.329999923706055,10.329999923706055,10.329999923706055,10.329999923706055,0
2004-01-09,10.390000343322754,10.390000343322754,10.390000343322754,10.390000343322754,0
2004-01-12,10.399999618530273,10.399999618530273,10.399999618530273,10.399999618530273,0
2004-01-13,10.399999618530273,10.399999618530273,10.399999618530273,10.399999618530273,0
2004-01-14,10.40999984741211,10.40999984741211,10.40999984741211,10.40999984741211,0
2004-01-15,10.420000076293945,10.420000076293945,10.420000076293945,10.420000076293945,0
2004-01-16,10.420000076293945,10.420000076293945,10.420000076293945,10.420000076293945,0
2004-01-20,10.390000343322754,10.390000343322754,10.390000343322754,10.390000343322754,0
2004-01-21,10.369999885559082,10.369999885559082,10.369999885559082,10.369999885559082,0
2004-01-22,10.380000114440918,10.380000114440918,10.380000114440918,10.380000114440918,0
2004-01-23,10.359999656677246,10.359999656677246,10.359999656677246,10.359999656677246,0
2004-01-26,10.319999694824219,10.319999694824219,10.319999694824219,10.319999694824219,0
2004-01-27,10.319999694824219,10.319999694824219,10.319999694824219,10.319999694824219,0
2004-01-28,10.289999961853027,10.289999961853027,10.289999961853027,10.289999961853027,0
2004-01-29,10.260000228881836,10.260000228881836,10.260000228881836,10.260000228881836,0
2004-01-30,10.289999961853027,10.289999961853027,10.289999961853027,10.289999961853027,0
2004-02-02,10.289999961853027,10.289999961853027,10.289999961853027,10.289999961853027,0
2004-02-03,10.319999694824219,10.319999694824219,10.319999694824219,10.319999694824219,0
2004-02-04,10.319999694824219,10.319999694824219,10.319999694824219,10.319999694824219,0
2004-02-05,10.3100004196167,10.3100004196167,10.3100004196167,10.3100004196167,0
2004-02-06,10.34000015258789,10.34000015258789,10.34000015258789,10.34000015258789,0
2004-02-09,10.350000381469727,10.350000381469727,10.350000381469727,10.350000381469727,0
2004-02-10,10.350000381469727,10.350000381469727,10.350000381469727,10.350000381469727,0
2004-02-11,10.390000343322754,10.390000343322754,10.390000343322754,10.390000343322754,0
2004-02-12,10.399999618530273,10.399999618530273,10.399999618530273,10.399999618530273,0
2004-02-13,10.40999984741211,10.40999984741211,10.40999984741211,10.40999984741211,0
2004-02-17,10.40999984741211,10.40999984741211,10.40999984741211,10.40999984741211,0
2004-02-18,10.430000305175781,10.430000305175781,10.430000305175781,10.430000305175781,0
2004-02-19,10.420000076293945,10.420000076293945,10.420000076293945,10.420000076293945,0
2004-02-20,10.40999984741211,10.40999984741211,10.40999984741211,10.40999984741211,0
2004-02-23,10.40999984741211,10.40999984741211,10.40999984741211,10.40999984741211,0
2004-02-24,10.430000305175781,10.430000305175781,10.430000305175781,10.430000305175781,0
2004-02-25,10.4399995803833,10.4399995803833,10.4399995803833,10.4399995803833,0
2004-02-26,10.430000305175781,10.430000305175781,10.430000305175781,10.430000305175781,0
2004-02-27,10.4399995803833,10.4399995803833,10.4399995803833,10.4399995803833,0
2004-03-01,10.4399995803833,10.4399995803833,10.4399995803833,10.4399995803833,0
2004-03-02,10.420000076293945,10.420000076293945,10.420000076293945,10.420000076293945,0
2004-03-03,10.399999618530273,10.399999618530273,10.399999618530273,10.399999618530273,0
2004-03-04,10.399999618530273,10.399999618530273,10.399999618530273,10.399999618530273,0
2004-03-05,10.470000267028809,10.470000267028809,10.470000267028809,10.470000267028809,0
2004-03-08,10.5,10.5,10.5,10.5,0
2004-03-09,10.520000457763672,10.520000457763672,10.520000457763672,10.520000457763672,0
2004-03-10,10.520000457763672,10.520000457763672,10.520000457763672,10.520000457763672,0
2004-03-11,10.520000457763672,10.520000457763672,10.520000457763672,10.520000457763672,0
2004-03-12,10.520000457763672,10.520000457763672,10.520000457763672,10.520000457763672,0
2004-03-15,10.510000228881836,10.510000228881836,10.510000228881836,10.510000228881836,0
2004-03-16,10.510000228881836,10.510000228881836,10.510000228881836,10.510000228881836,0
2004-03-17,10.5,10.5,10.5,10.5,0
2004-03-18,10.479999542236328,10.479999542236328,10.479999542236328,10.479999542236328,0
2004-03-19,10.460000038146973,10.460000038146973,10.460000038146973,10.460000038146973,0
2004-03-22,10.460000038146973,10.460000038146973,10.460000038146973,10.460000038146973,0
2004-03-23,10.449999809265137,10.449999809265137,10.449999809265137,10.449999809265137,0
2004-03-24,10.4399995803833,10.4399995803833,10.4399995803833,10.4399995803833,0
2004-03-25,10.420000076293945,10.420000076293945,10.420000076293945,10.420000076293945,0
2004-03-26,10.359999656677246,10.359999656677246,10.359999656677246,10.359999656677246,0
2004-03-29,10.3100004196167,10.3100004196167,10.3100004196167,10.3100004196167,0
2004-03-30,10.3100004196167,10.3100004196167,10.3100004196167,10.3100004196167,0
2004-03-31,10.34000015258789,10.34000015258789,10.34000015258789,10.34000015258789,0
2004-04-01,10.319999694824219,10.319999694824219,10.319999694824219,10.319999694824219,0
2004-04-02,10.210000038146973,10.210000038146973,10.210000038146973,10.210000038146973,0
2004-04-05,10.180000305175781,10.180000305175781,10.180000305175781,10.180000305175781,0
2004-04-06,10.1899995803833,10.1899995803833,10.1899995803833,10.1899995803833,0
2004-04-07,10.220000267028809,10.220000267028809,10.220000267028809,10.220000267028809,0
2004-04-08,10.220000267028809,10.220000267028809,10.220000267028809,10.220000267028809,0
2004-04-12,10.210000038146973,10.210000038146973,10.210000038146973,10.210000038146973,0
2004-04-13,10.149999618530273,10.149999618530273,10.149999618530273,10.149999618530273,0
2004-04-14,10.109999656677246,10.109999656677246,10.109999656677246,10.109999656677246,0
2004-04-15,10.130000114440918,10.130000114440918,10.130000114440918,10.130000114440918,0
2004-04-16,10.149999618530273,10.149999618530273,10.149999618530273,10.149999618530273,0
2004-04-19,10.170000076293945,10.170000076293945,10.170000076293945,10.170000076293945,0
2004-04-20,10.149999618530273,10.149999618530273,10.149999618530273,10.149999618530273,0
2004-04-21,10.130000114440918,10.130000114440918,10.130000114440918,10.130000114440918,0
2004-04-22,10.140000343322754,10.140000343322754,10.140000343322754,10.140000343322754,0
2004-04-23,10.119999885559082,10.119999885559082,10.119999885559082,10.119999885559082,0
2004-04-26,10.109999656677246,10.109999656677246,10.109999656677246,10.109999656677246,0
2004-04-27,10.109999656677246,10.109999656677246,10.109999656677246,10.109999656677246,0
2004-04-28,10.079999923706055,10.079999923706055,10.079999923706055,10.079999923706055,0
2004-04-29,10.050000190734863,10.050000190734863,10.050000190734863,10.050000190734863,0
2004-04-30,10.039999961853027,10.039999961853027,10.039999961853027,10.039999961853027,0
2004-05-03,10.050000190734863,10.050000190734863,10.050000190734863,10.050000190734863,0
2004-05-04,10.039999961853027,10.039999961853027,10.039999961853027,10.039999961853027,0
2004-05-05,10.029999732971191,10.029999732971191,10.029999732971191,10.029999732971191,0
2004-05-06,10.010000228881836,10.010000228881836,10.010000228881836,10.010000228881836,0
2004-05-07,9.9399995803833,9.9399995803833,9.9399995803833,9.9399995803833,0
2004-05-10,9.930000305175781,9.930000305175781,9.930000305175781,9.930000305175781,0
2004-05-11,9.920000076293945,9.920000076293945,9.920000076293945,9.920000076293945,0
2004-05-12,9.899999618530273,9.899999618530273,9.899999618530273,9.899999618530273,0
2004-05-13,9.869999885559082,9.869999885559082,9.869999885559082,9.869999885559082,0
2004-05-14,9.890000343322754,9.890000343322754,9.890000343322754,9.890000343322754,0
2004-05-17,9.90999984741211,9.90999984741211,9.90999984741211,9.90999984741211,0
2004-05-18,9.90999984741211,9.90999984741211,9.90999984741211,9.90999984741211,0
2004-05-19,9.90999984741211,9.90999984741211,9.90999984741211,9.90999984741211,0
2004-05-20,9.930000305175781,9.930000305175781,9.930000305175781,9.930000305175781,0
2004-05-21,9.930000305175781,9.930000305175781,9.930000305175781,9.930000305175781,0
2004-05-24,9.9399995803833,9.9399995803833,9.9399995803833,9.9399995803833,0
2004-05-25,9.960000038146973,9.960000038146973,9.960000038146973,9.960000038146973,0
2004-05-26,9.970000267028809,9.970000267028809,9.970000267028809,9.970000267028809,0
2004-05-27,10.020000457763672,10.020000457763672,10.020000457763672,10.020000457763672,0
2004-05-28,10.010000228881836,10.010000228881836,10.010000228881836,10.010000228881836,0
2004-06-01,9.979999542236328,9.979999542236328,9.979999542236328,9.979999542236328,0
2004-06-02,9.970000267028809,9.970000267028809,9.970000267028809,9.970000267028809,0
2004-06-03,9.970000267028809,9.970000267028809,9.970000267028809,9.970000267028809,0
2004-06-04,9.960000038146973,9.960000038146973,9.960000038146973,9.960000038146973,0
2004-06-07,9.960000038146973,9.960000038146973,9.960000038146973,9.960000038146973,0
2004-06-08,9.960000038146973,9.960000038146973,9.960000038146973,9.960000038146973,0
2004-06-09,9.9399995803833,9.9399995803833,9.9399995803833,9.9399995803833,0
2004-06-10,9.9399995803833,9.9399995803833,9.9399995803833,9.9399995803833,0
2004-06-14,9.920000076293945,9.920000076293945,9.920000076293945,9.920000076293945,0
2004-06-15,9.960000038146973,9.960000038146973,9.960000038146973,9.960000038146973,0
2004-06-16,9.949999809265137,9.949999809265137,9.949999809265137,9.949999809265137,0
2004-06-17,9.960000038146973,9.960000038146973,9.960000038146973,9.960000038146973,0
2004-06-18,9.970000267028809,9.970000267028809,9.970000267028809,9.970000267028809,0
2004-06-21,9.970000267028809,9.970000267028809,9.970000267028809,9.970000267028809,0
2004-06-22,9.979999542236328,9.979999542236328,9.979999542236328,9.979999542236328,0
2004-06-23,9.979999542236328,9.979999542236328,9.979999542236328,9.979999542236328,0
2004-06-24,10.0,10.0,10.0,10.0,0
2004-06-25,10.0,10.0,10.0,10.0,0
2004-06-28,9.979999542236328,9.979999542236328,9.979999542236328,9.979999542236328,0
2004-06-29,9.989999771118164,9.989999771118164,9.989999771118164,9.989999771118164,0
2004-06-30,10.010000228881836,10.010000228881836,10.010000228881836,10.010000228881836,0
2004-07-01,10.020000457763672,10.020000457763672,10.020000457763672,10.020000457763672,0
2004-07-02,10.09000015258789,10.09000015258789,10.09000015258789,10.09000015258789,0
2004-07-06,10.09000015258789,10.09000015258789,10.09000015258789,10.09000015258789,0
2004-07-07,10.100000381469727,10.100000381469727,10.100000381469727,10.100000381469727,0
2004-07-08,10.109999656677246,10.109999656677246,10.109999656677246,10.109999656677246,0
2004-07-09,10.119999885559082,10.119999885559082,10.119999885559082,10.119999885559082,0
2004-07-12,10.119999885559082,10.119999885559082,10.119999885559082,10.119999885559082,0
2004-07-13,10.109999656677246,10.109999656677246,10.109999656677246,10.109999656677246,0
2004-07-14,10.109999656677246,10.109999656677246,10.109999656677246,10.109999656677246,0
2004-07-15,10.100000381469727,10.100000381469727,10.100000381469727,10.100000381469727,0
2004-07-16,10.130000114440918,10.130000114440918,10.130000114440918,10.130000114440918,0
2004-07-19,10.130000114440918,10.130000114440918,10.130000114440918,10.130000114440918,0
2004-07-20,10.130000114440918,10.130000114440918,10.130000114440918,10.130000114440918,0
2004-07-21,10.100000381469727,10.100000381469727,10.100000381469727,10.100000381469727,0
2004-07-22,10.100000381469727,10.100000381469727,10.100000381469727,10.100000381469727,0
2004-07-23,10.109999656677246,10.109999656677246,10.109999656677246,10.109999656677246,0
2004-07-26,10.109999656677246,10.109999656677246,10.109999656677246,10.109999656677246,0
2004-07-27,10.069999694824219,10.069999694824219,10.069999694824219,10.069999694824219,0
2004-07-28,10.0600004196167,10.0600004196167,10.0600004196167,10.0600004196167,0
2004-07-29,10.069999694824219,10.069999694824219,10.069999694824219,10.069999694824219,0
2004-07-30,10.100000381469727,10.100000381469727,10.100000381469727,10.100000381469727,0
2004-08-02,10.109999656677246,10.109999656677246,10.109999656677246,10.109999656677246,0
2004-08-03,10.130000114440918,10.130000114440918,10.130000114440918,10.130000114440918,0
2004-08-04,10.140000343322754,10.140000343322754,10.140000343322754,10.140000343322754,0
2004-08-05,10.140000343322754,10.140000343322754,10.140000343322754,10.140000343322754,0
2004-08-06,10.229999542236328,10.229999542236328,10.229999542236328,10.229999542236328,0
2004-08-09,10.229999542236328,10.229999542236328,10.229999542236328,10.229999542236328,0
2004-08-10,10.210000038146973,10.210000038146973,10.210000038146973,10.210000038146973,0
2004-08-11,10.199999809265137,10.199999809265137,10.199999809265137,10.199999809265137,0
2004-08-12,10.210000038146973,10.210000038146973,10.210000038146973,10.210000038146973,0
2004-08-13,10.229999542236328,10.229999542236328,10.229999542236328,10.229999542236328,0
2004-08-16,10.210000038146973,10.210000038146973,10.210000038146973,10.210000038146973,0
2004-08-17,10.220000267028809,10.220000267028809,10.220000267028809,10.220000267028809,0
2004-08-18,10.229999542236328,10.229999542236328,10.229999542236328,10.229999542236328,0
2004-08-19,10.239999771118164,10.239999771118164,10.239999771118164,10.239999771118164,0
2004-08-20,10.239999771118164,10.239999771118164,10.239999771118164,10.239999771118164,0
2004-08-23,10.210000038146973,10.210000038146973,10.210000038146973,10.210000038146973,0
2004-08-24,10.210000038146973,10.210000038146973,10.210000038146973,10.210000038146973,0
2004-08-25,10.220000267028809,10.220000267028809,10.220000267028809,10.220000267028809,0
2004-08-26,10.229999542236328,10.229999542236328,10.229999542236328,10.229999542236328,0
2004-08-27,10.229999542236328,10.229999542236328,10.229999542236328,10.229999542236328,0
2004-08-30,10.239999771118164,10.239999771118164,10.239999771118164,10.239999771118164,0
2004-08-31,10.270000457763672,10.270000457763672,10.270000457763672,10.270000457763672,0
2004-09-01,10.270000457763672,10.270000457763672,10.270000457763672,10.270000457763672,0
2004-09-02,10.25,10.25,10.25,10.25,0
2004-09-03,10.220000267028809,10.220000267028809,10.220000267028809,10.220000267028809,0
2004-09-07,10.229999542236328,10.229999542236328,10.229999542236328,10.229999542236328,0
2004-09-08,10.25,10.25,10.25,10.25,0
2004-09-09,10.25,10.25,10.25,10.25,0
2004-09-10,10.270000457763672,10.270000457763672,10.270000457763672,10.270000457763672,0
2004-09-13,10.279999732971191,10.279999732971191,10.279999732971191,10.279999732971191,0
2004-09-14,10.279999732971191,10.279999732971191,10.279999732971191,10.279999732971191,0
2004-09-15,10.279999732971191,10.279999732971191,10.279999732971191,10.279999732971191,0
2004-09-16,10.3100004196167,10.3100004196167,10.3100004196167,10.3100004196167,0
2004-09-17,10.289999961853027,10.289999961853027,10.289999961853027,10.289999961853027,0
2004-09-20,10.3100004196167,10.3100004196167,10.3100004196167,10.3100004196167,0
2004-09-21,10.319999694824219,10.319999694824219,10.319999694824219,10.319999694824219,0
2004-09-22,10.350000381469727,10.350000381469727,10.350000381469727,10.350000381469727,0
2004-09-23,10.359999656677246,10.359999656677246,10.359999656677246,10.359999656677246,0
2004-09-24,10.359999656677246,10.359999656677246,10.359999656677246,10.359999656677246,0
2004-09-27,10.359999656677246,10.359999656677246,10.359999656677246,10.359999656677246,0
2004-09-28,10.350000381469727,10.350000381469727,10.350000381469727,10.350000381469727,0
2004-09-29,10.319999694824219,10.319999694824219,10.319999694824219,10.319999694824219,0
2004-09-30,10.289999961853027,10.289999961853027,10.289999961853027,10.289999961853027,0
2004-10-01,10.25,10.25,10.25,10.25,0
2004-10-04,10.239999771118164,10.239999771118164,10.239999771118164,10.239999771118164,0
2004-10-05,10.25,10.25,10.25,10.25,0
2004-10-06,10.25,10.25,10.25,10.25,0
2004-10-07,10.239999771118164,10.239999771118164,10.239999771118164,10.239999771118164,0
2004-10-08,10.289999961853027,10.289999961853027,10.289999961853027,10.289999961853027,0
2004-10-11,10.289999961853027,10.289999961853027,10.289999961853027,10.289999961853027,0
2004-10-12,10.300000190734863,10.300000190734863,10.300000190734863,10.300000190734863,0
2004-10-13,10.3100004196167,10.3100004196167,10.3100004196167,10.3100004196167,0
2004-10-14,10.34000015258789,10.34000015258789,10.34000015258789,10.34000015258789,0
2004-10-15,10.319999694824219,10.319999694824219,10.319999694824219,10.319999694824219,0
2004-10-18,10.319999694824219,10.319999694824219,10.319999694824219,10.319999694824219,0
2004-10-19,10.329999923706055,10.329999923706055,10.329999923706055,10.329999923706055,0
2004-10-20,10.350000381469727,10.350000381469727,10.350000381469727,10.350000381469727,0
2004-10-21,10.359999656677246,10.359999656677246,10.359999656677246,10.359999656677246,0
2004-10-22,10.369999885559082,10.369999885559082,10.369999885559082,10.369999885559082,0
2004-10-25,10.380000114440918,10.380000114440918,10.380000114440918,10.380000114440918,0
2004-10-26,10.380000114440918,10.380000114440918,10.380000114440918,10.380000114440918,0
2004-10-27,10.34000015258789,10.34000015258789,10.34000015258789,10.34000015258789,0
2004-10-28,10.34000015258789,10.34000015258789,10.34000015258789,10.34000015258789,0
2004-10-29,10.350000381469727,10.350000381469727,10.350000381469727,10.350000381469727,0
2004-11-01,10.329999923706055,10.329999923706055,10.329999923706055,10.329999923706055,0
2004-11-02,10.329999923706055,10.329999923706055,10.329999923706055,10.329999923706055,0
2004-11-03,10.319999694824219,10.319999694824219,10.319999694824219,10.319999694824219,0
2004-11-04,10.319999694824219,10.319999694824219,10.319999694824219,10.319999694824219,0
2004-11-05,10.260000228881836,10.260000228881836,10.260000228881836,10.260000228881836,0
2004-11-08,10.239999771118164,10.239999771118164,10.239999771118164,10.239999771118164,0
2004-11-09,10.239999771118164,10.239999771118164,10.239999771118164,10.239999771118164,0
2004-11-10,10.220000267028809,10.220000267028809,10.220000267028809,10.220000267028809,0
2004-11-11,10.220000267028809,10.220000267028809,10.220000267028809,10.220000267028809,0
2004-11-12,10.25,10.25,10.25,10.25,0
2004-11-15,10.25,10.25,10.25,10.25,0
2004-11-16,10.25,10.25,10.25,10.25,0
2004-11-17,10.260000228881836,10.260000228881836,10.260000228881836,10.260000228881836,0
2004-11-18,10.279999732971191,10.279999732971191,10.279999732971191,10.279999732971191,0
2004-11-19,10.25,10.25,10.25,10.25,0
2004-11-22,10.260000228881836,10.260000228881836,10.260000228881836,10.260000228881836,0
2004-11-23,10.260000228881836,10.260000228881836,10.260000228881836,10.260000228881836,0
2004-11-24,10.260000228881836,10.260000228881836,10.260000228881836,10.260000228881836,0
2004-11-26,10.260000228881836,10.260000228881836,10.260000228881836,10.260000228881836,0
2004-11-29,10.199999809265137,10.199999809265137,10.199999809265137,10.199999809265137,0
2004-11-30,10.180000305175781,10.180000305175781,10.180000305175781,10.180000305175781,0
2004-12-01,10.180000305175781,10.180000305175781,10.180000305175781,10.180000305175781,0
2004-12-02,10.170000076293945,10.170000076293945,10.170000076293945,10.170000076293945,0
2004-12-03,10.229999542236328,10.229999542236328,10.229999542236328,10.229999542236328,0
2004-12-06,10.239999771118164,10.239999771118164,10.239999771118164,10.239999771118164,0
2004-12-07,10.25,10.25,10.25,10.25,0
2004-12-08,10.289999961853027,10.289999961853027,10.289999961853027,10.289999961853027,0
2004-12-09,10.300000190734863,10.300000190734863,10.300000190734863,10.300000190734863,0
2004-12-10,10.300000190734863,10.300000190734863,10.300000190734863,10.300000190734863,0
2004-12-13,10.3100004196167,10.3100004196167,10.3100004196167,10.3100004196167,0
2004-12-14,10.3100004196167,10.3100004196167,10.3100004196167,10.3100004196167,0
2004-12-15,10.350000381469727,10.350000381469727,10.350000381469727,10.350000381469727,0
2004-12-16,10.300000190734863,10.300000190734863,10.300000190734863,10.300000190734863,0
2004-12-17,10.279999732971191,10.279999732971191,10.279999732971191,10.279999732971191,0
2004-12-20,10.279999732971191,10.279999732971191,10.279999732971191,10.279999732971191,0
2004-12-21,10.279999732971191,10.279999732971191,10.279999732971191,10.279999732971191,0
2004-12-22,10.279999732971191,10.279999732971191,10.279999732971191,10.279999732971191,0
2004-12-23,10.279999732971191,10.279999732971191,10.279999732971191,10.279999732971191,0
2004-12-27,10.25,10.25,10.25,10.25,0
2004-12-28,10.25,10.25,10.25,10.25,0
2004-12-29,10.25,10.25,10.25,10.25,0
2004-12-30,10.279999732971191,10.279999732971191,10.279999732971191,10.279999732971191,0
2004-12-31,10.289999961853027,10.289999961853027,10.289999961853027,10.289999961853027,0
2005-01-03,10.289999961853027,10.289999961853027,10.289999961853027,10.289999961853027,0
2005-01-04,10.279999732971191,10.279999732971191,10.279999732971191,10.279999732971191,0
2005-01-05,10.289999961853027,10.289999961853027,10.289999961853027,10.289999961853027,0
2005-01-06,10.289999961853027,10.289999961853027,10.289999961853027,10.289999961853027,0
2005-01-07,10.300000190734863,10.300000190734863,10.300000190734863,10.300000190734863,0
2005-01-10,10.289999961853027,10.289999961853027,10.289999961853027,10.289999961853027,0
2005-01-11,10.300000190734863,10.300000190734863,10.300000190734863,10.300000190734863,0
2005-01-12,10.300000190734863,10.300000190734863,10.300000190734863,10.300000190734863,0
2005-01-13,10.319999694824219,10.319999694824219,10.319999694824219,10.319999694824219,0
2005-01-14,10.319999694824219,10.319999694824219,10.319999694824219,10.319999694824219,0
2005-01-18,10.3100004196167,10.3100004196167,10.3100004196167,10.3100004196167,0
2005-01-19,10.3100004196167,10.3100004196167,10.3100004196167,10.3100004196167,0
2005-01-20,10.3100004196167,10.3100004196167,10.3100004196167,10.3100004196167,0
2005-01-21,10.329999923706055,10.329999923706055,10.329999923706055,10.329999923706055,0
2005-01-24,10.329999923706055,10.329999923706055,10.329999923706055,10.329999923706055,0
2005-01-25,10.319999694824219,10.319999694824219,10.319999694824219,10.319999694824219,0
2005-01-26,10.319999694824219,10.319999694824219,10.319999694824219,10.319999694824219,0
2005-01-27,10.319999694824219,10.319999694824219,10.319999694824219,10.319999694824219,0
2005-01-28,10.350000381469727,10.350000381469727,10.350000381469727,10.350000381469727,0
2005-01-31,10.350000381469727,10.350000381469727,10.350000381469727,10.350000381469727,0
2005-02-01,10.359999656677246,10.359999656677246,10.359999656677246,10.359999656677246,0
2005-02-02,10.359999656677246,10.359999656677246,10.359999656677246,10.359999656677246,0
2005-02-03,10.359999656677246,10.359999656677246,10.359999656677246,10.359999656677246,0
2005-02-04,10.40999984741211,10.40999984741211,10.40999984741211,10.40999984741211,0
2005-02-07,10.40999984741211,10.40999984741211,10.40999984741211,10.40999984741211,0
2005-02-08,10.430000305175781,10.430000305175781,10.430000305175781,10.430000305175781,0
2005-02-09,10.4399995803833,10.4399995803833,10.4399995803833,10.4399995803833,0
2005-02-10,10.420000076293945,10.420000076293945,10.420000076293945,10.420000076293945,0
2005-02-11,10.40999984741211,10.40999984741211,10.40999984741211,10.40999984741211,0
2005-02-14,10.40999984741211,10.40999984741211,10.40999984741211,10.40999984741211,0
2005-02-15,10.390000343322754,10.390000343322754,10.390000343322754,10.390000343322754,0
2005-02-16,10.369999885559082,10.369999885559082,10.369999885559082,10.369999885559082,0
2005-02-17,10.34000015258789,10.34000015258789,10.34000015258789,10.34000015258789,0
2005-02-18,10.3100004196167,10.3100004196167,10.3100004196167,10.3100004196167,0
2005-02-22,10.300000190734863,10.300000190734863,10.300000190734863,10.300000190734863,0
2005-02-23,10.300000190734863,10.300000190734863,10.300000190734863,10.300000190734863,0
2005-02-24,10.300000190734863,10.300000190734863,10.300000190734863,10.300000190734863,0
2005-02-25,10.300000190734863,10.300000190734863,10.300000190734863,10.300000190734863,0
2005-02-28,10.270000457763672,10.270000457763672,10.270000457763672,10.270000457763672,0
2005-03-01,10.25,10.25,10.25,10.25,0
2005-03-02,10.239999771118164,10.239999771118164,10.239999771118164,10.239999771118164,0
2005-03-03,10.239999771118164,10.239999771118164,10.239999771118164,10.239999771118164,0
2005-03-04,10.270000457763672,10.270000457763672,10.270000457763672,10.270000457763672,0
2005-03-07,10.279999732971191,10.279999732971191,10.279999732971191,10.279999732971191,0
2005-03-08,10.25,10.25,10.25,10.25,0
2005-03-09,10.199999809265137,10.199999809265137,10.199999809265137,10.199999809265137,0
2005-03-10,10.199999809265137,10.199999809265137,10.199999809265137,10.199999809265137,0
2005-03-11,10.1899995803833,10.1899995803833,10.1899995803833,10.1899995803833,0
2005-03-14,10.180000305175781,10.180000305175781,10.180000305175781,10.180000305175781,0
2005-03-15,10.170000076293945,10.170000076293945,10.170000076293945,10.170000076293945,0
2005-03-16,10.1899995803833,10.1899995803833,10.1899995803833,10.1899995803833,0
2005-03-17,10.199999809265137,10.199999809265137,10.199999809265137,10.199999809265137,0
2005-03-18,10.1899995803833,10.1899995803833,10.1899995803833,10.1899995803833,0
2005-03-21,10.180000305175781,10.180000305175781,10.180000305175781,10.180000305175781,0
2005-03-22,10.149999618530273,10.149999618530273,10.149999618530273,10.149999618530273,0
2005-03-23,10.130000114440918,10.130000114440918,10.130000114440918,10.130000114440918,0
2005-03-24,10.140000343322754,10.140000343322754,10.140000343322754,10.140000343322754,0
2005-03-28,10.119999885559082,10.119999885559082,10.119999885559082,10.119999885559082,0
2005-03-29,10.119999885559082,10.119999885559082,10.119999885559082,10.119999885559082,0
2005-03-30,10.119999885559082,10.119999885559082,10.119999885559082,10.119999885559082,0
2005-03-31,10.140000343322754,10.140000343322754,10.140000343322754,10.140000343322754,0
2005-04-01,10.149999618530273,10.149999618530273,10.149999618530273,10.149999618530273,0
2005-04-04,10.15999984741211,10.15999984741211,10.15999984741211,10.15999984741211,0
2005-04-05,10.15999984741211,10.15999984741211,10.15999984741211,10.15999984741211,0
2005-04-06,10.170000076293945,10.170000076293945,10.170000076293945,10.170000076293945,0
2005-04-07,10.170000076293945,10.170000076293945,10.170000076293945,10.170000076293945,0
2005-04-08,10.170000076293945,10.170000076293945,10.170000076293945,10.170000076293945,0
2005-04-11,10.170000076293945,10.170000076293945,10.170000076293945,10.170000076293945,0
2005-04-12,10.199999809265137,10.199999809265137,10.199999809265137,10.199999809265137,0
2005-04-13,10.210000038146973,10.210000038146973,10.210000038146973,10.210000038146973,0
2005-04-14,10.210000038146973,10.210000038146973,10.210000038146973,10.210000038146973,0
2005-04-15,10.239999771118164,10.239999771118164,10.239999771118164,10.239999771118164,0
2005-04-18,10.25,10.25,10.25,10.25,0
2005-04-19,10.270000457763672,10.270000457763672,10.270000457763672,10.270000457763672,0
2005-04-20,10.260000228881836,10.260000228881836,10.260000228881836,10.260000228881836,0
2005-04-21,10.229999542236328,10.229999542236328,10.229999542236328,10.229999542236328,0
2005-04-22,10.25,10.25,10.25,10.25,0
2005-04-25,10.25,10.25,10.25,10.25,0
2005-04-26,10.25,10.25,10.25,10.25,0
2005-04-27,10.270000457763672,10.270000457763672,10.270000457763672,10.270000457763672,0
2005-04-28,10.289999961853027,10.289999961853027,10.289999961853027,10.289999961853027,0
2005-04-29,10.289999961853027,10.289999961853027,10.289999961853027,10.289999961853027,0
2005-05-02,10.289999961853027,10.289999961853027,10.289999961853027,10.289999961853027,0
2005-05-03,10.289999961853027,10.289999961853027,10.289999961853027,10.289999961853027,0
2005-05-04,10.279999732971191,10.279999732971191,10.279999732971191,10.279999732971191,0
2005-05-05,10.289999961853027,10.289999961853027,10.289999961853027,10.289999961853027,0
2005-05-06,10.25,10.25,10.25,10.25,0
2005-05-09,10.239999771118164,10.239999771118164,10.239999771118164,10.239999771118164,0
2005-05-10,10.260000228881836,10.260000228881836,10.260000228881836,10.260000228881836,0
2005-05-11,10.279999732971191,10.279999732971191,10.279999732971191,10.279999732971191,0
2005-05-12,10.279999732971191,10.279999732971191,10.279999732971191,10.279999732971191,0
2005-05-13,10.300000190734863,10.300000190734863,10.300000190734863,10.300000190734863,0
2005-05-16,10.300000190734863,10.300000190734863,10.300000190734863,10.300000190734863,0
2005-05-17,10.3100004196167,10.3100004196167,10.3100004196167,10.3100004196167,0
2005-05-18,10.329999923706055,10.329999923706055,10.329999923706055,10.329999923706055,0
2005-05-19,10.319999694824219,10.319999694824219,10.319999694824219,10.319999694824219,0
2005-05-20,10.3100004196167,10.3100004196167,10.3100004196167,10.3100004196167,0
2005-05-23,10.319999694824219,10.319999694824219,10.319999694824219,10.319999694824219,0
2005-05-24,10.329999923706055,10.329999923706055,10.329999923706055,10.329999923706055,0
2005-05-25,10.319999694824219,10.319999694824219,10.319999694824219,10.319999694824219,0
2005-05-26,10.319999694824219,10.319999694824219,10.319999694824219,10.319999694824219,0
2005-05-27,10.319999694824219,10.319999694824219,10.319999694824219,10.319999694824219,0
2005-05-31,10.34000015258789,10.34000015258789,10.34000015258789,10.34000015258789,0
2005-06-01,10.369999885559082,10.369999885559082,10.369999885559082,10.369999885559082,0
2005-06-02,10.380000114440918,10.380000114440918,10.380000114440918,10.380000114440918,0
2005-06-03,10.359999656677246,10.359999656677246,10.359999656677246,10.359999656677246,0
2005-06-06,10.369999885559082,10.369999885559082,10.369999885559082,10.369999885559082,0
2005-06-07,10.390000343322754,10.390000343322754,10.390000343322754,10.390000343322754,0
2005-06-08,10.390000343322754,10.390000343322754,10.390000343322754,10.390000343322754,0
2005-06-09,10.369999885559082,10.369999885559082,10.369999885559082,10.369999885559082,0
2005-06-10,10.350000381469727,10.350000381469727,10.350000381469727,10.350000381469727,0
2005-06-13,10.319999694824219,10.319999694824219,10.319999694824219,10.319999694824219,0
2005-06-14,10.3100004196167,10.3100004196167,10.3100004196167,10.3100004196167,0
2005-06-15,10.289999961853027,10.289999961853027,10.289999961853027,10.289999961853027,0
2005-06-16,10.300000190734863,10.300000190734863,10.300000190734863,10.300000190734863,0
2005-06-17,10.300000190734863,10.300000190734863,10.300000190734863,10.300000190734863,0
2005-06-20,10.289999961853027,10.289999961853027,10.289999961853027,10.289999961853027,0
2005-06-21,10.3100004196167,10.3100004196167,10.3100004196167,10.3100004196167,0
2005-06-22,10.359999656677246,10.359999656677246,10.359999656677246,10.359999656677246,0
2005-06-23,10.359999656677246,10.359999656677246,10.359999656677246,10.359999656677246,0
2005-06-24,10.369999885559082,10.369999885559082,10.369999885559082,10.369999885559082,0
2005-06-27,10.380000114440918,10.380000114440918,10.380000114440918,10.380000114440918,0
2005-06-28,10.359999656677246,10.359999656677246,10.359999656677246,10.359999656677246,0
2005-06-29,10.350000381469727,10.350000381469727,10.350000381469727,10.350000381469727,0
2005-06-30,10.359999656677246,10.359999656677246,10.359999656677246,10.359999656677246,0
2005-07-01,10.34000015258789,10.34000015258789,10.34000015258789,10.34000015258789,0
2005-07-05,10.300000190734863,10.300000190734863,10.300000190734863,10.300000190734863,0
2005-07-06,10.3100004196167,10.3100004196167,10.3100004196167,10.3100004196167,0
2005-07-07,10.329999923706055,10.329999923706055,10.329999923706055,10.329999923706055,0
2005-07-08,10.319999694824219,10.319999694824219,10.319999694824219,10.319999694824219,0
2005-07-11,10.3100004196167,10.3100004196167,10.3100004196167,10.3100004196167,0
2005-07-12,10.3100004196167,10.3100004196167,10.3100004196167,10.3100004196167,0
2005-07-13,10.300000190734863,10.300000190734863,10.300000190734863,10.300000190734863,0
2005-07-14,10.300000190734863,10.300000190734863,10.300000190734863,10.300000190734863,0
2005-07-15,10.300000190734863,10.300000190734863,10.300000190734863,10.300000190734863,0
2005-07-18,10.289999961853027,10.289999961853027,10.289999961853027,10.289999961853027,0
2005-07-19,10.289999961853027,10.289999961853027,10.289999961853027,10.289999961853027,0
2005-07-20,10.289999961853027,10.289999961853027,10.289999961853027,10.289999961853027,0
2005-07-21,10.25,10.25,10.25,10.25,0
2005-07-22,10.270000457763672,10.270000457763672,10.270000457763672,10.270000457763672,0
2005-07-25,10.270000457763672,10.270000457763672,10.270000457763672,10.270000457763672,0
2005-07-26,10.270000457763672,10.270000457763672,10.270000457763672,10.270000457763672,0
2005-07-27,10.260000228881836,10.260000228881836,10.260000228881836,10.260000228881836,0
2005-07-28,10.279999732971191,10.279999732971191,10.279999732971191,10.279999732971191,0
2005-07-29,10.260000228881836,10.260000228881836,10.260000228881836,10.260000228881836,0
2005-08-01,10.239999771118164,10.239999771118164,10.239999771118164,10.239999771118164,0
2005-08-02,10.229999542236328,10.229999542236328,10.229999542236328,10.229999542236328,0
2005-08-03,10.239999771118164,10.239999771118164,10.239999771118164,10.239999771118164,0
2005-08-04,10.239999771118164,10.239999771118164,10.239999771118164,10.239999771118164,0
2005-08-05,10.210000038146973,10.210000038146973,10.210000038146973,10.210000038146973,0
2005-08-08,10.199999809265137,10.199999809265137,10.199999809265137,10.199999809265137,0
2005-08-09,10.199999809265137,10.199999809265137,10.199999809265137,10.199999809265137,0
2005-08-10,10.210000038146973,10.210000038146973,10.210000038146973,10.210000038146973,0
2005-08-11,10.220000267028809,10.220000267028809,10.220000267028809,10.220000267028809,0
2005-08-12,10.25,10.25,10.25,10.25,0
2005-08-15,10.25,10.25,10.25,10.25,0
2005-08-16,10.270000457763672,10.270000457763672,10.270000457763672,10.270000457763672,0
2005-08-17,10.270000457763672,10.270000457763672,10.270000457763672,10.270000457763672,0
2005-08-18,10.279999732971191,10.279999732971191,10.279999732971191,10.279999732971191,0
2005-08-19,10.279999732971191,10.279999732971191,10.279999732971191,10.279999732971191,0
2005-08-22,10.279999732971191,10.279999732971191,10.279999732971191,10.279999732971191,0
2005-08-23,10.289999961853027,10.289999961853027,10.289999961853027,10.289999961853027,0
2005-08-24,10.289999961853027,10.289999961853027,10.289999961853027,10.289999961853027,0
2005-08-25,10.300000190734863,10.300000190734863,10.300000190734863,10.300000190734863,0
2005-08-26,10.300000190734863,10.300000190734863,10.300000190734863,10.300000190734863,0
2005-08-29,10.300000190734863,10.300000190734863,10.300000190734863,10.300000190734863,0
2005-08-30,10.319999694824219,10.319999694824219,10.319999694824219,10.319999694824219,0
2005-08-31,10.350000381469727,10.350000381469727,10.350000381469727,10.350000381469727,0
2005-09-01,10.350000381469727,10.350000381469727,10.350000381469727,10.350000381469727,0
2005-09-02,10.350000381469727,10.350000381469727,10.350000381469727,10.350000381469727,0
2005-09-06,10.34000015258789,10.34000015258789,10.34000015258789,10.34000015258789,0
2005-09-07,10.3100004196167,10.3100004196167,10.3100004196167,10.3100004196167,0
2005-09-08,10.319999694824219,10.319999694824219,10.319999694824219,10.319999694824219,0
2005-09-09,10.319999694824219,10.319999694824219,10.319999694824219,10.319999694824219,0
2005-09-12,10.300000190734863,10.300000190734863,10.300000190734863,10.300000190734863,0
2005-09-13,10.319999694824219,10.319999694824219,10.319999694824219,10.319999694824219,0
2005-09-14,10.3100004196167,10.3100004196167,10.3100004196167,10.3100004196167,0
2005-09-15,10.279999732971191,10.279999732971191,10.279999732971191,10.279999732971191,0
2005-09-16,10.260000228881836,10.260000228881836,10.260000228881836,10.260000228881836,0
2005-09-19,10.260000228881836,10.260000228881836,10.260000228881836,10.260000228881836,0
2005-09-20,10.260000228881836,10.260000228881836,10.260000228881836,10.260000228881836,0
2005-09-21,10.279999732971191,10.279999732971191,10.279999732971191,10.279999732971191,0
2005-09-22,10.279999732971191,10.279999732971191,10.279999732971191,10.279999732971191,0
2005-09-23,10.260000228881836,10.260000228881836,10.260000228881836,10.260000228881836,0
2005-09-26,10.229999542236328,10.229999542236328,10.229999542236328,10.229999542236328,0
2005-09-27,10.220000267028809,10.220000267028809,10.220000267028809,10.220000267028809,0
2005-09-28,10.229999542236328,10.229999542236328,10.229999542236328,10.229999542236328,0
2005-09-29,10.220000267028809,10.220000267028809,10.220000267028809,10.220000267028809,0
2005-09-30,10.210000038146973,10.210000038146973,10.210000038146973,10.210000038146973,0
2005-10-03,10.180000305175781,10.180000305175781,10.180000305175781,10.180000305175781,0
2005-10-04,10.180000305175781,10.180000305175781,10.180000305175781,10.180000305175781,0
2005-10-05,10.1899995803833,10.1899995803833,10.1899995803833,10.1899995803833,0
2005-10-06,10.180000305175781,10.180000305175781,10.180000305175781,10.180000305175781,0
2005-10-07,10.1899995803833,10.1899995803833,10.1899995803833,10.1899995803833,0
2005-10-10,10.1899995803833,10.1899995803833,10.1899995803833,10.1899995803833,0
2005-10-11,10.180000305175781,10.180000305175781,10.180000305175781,10.180000305175781,0
2005-10-12,10.15999984741211,10.15999984741211,10.15999984741211,10.15999984741211,0
2005-10-13,10.140000343322754,10.140000343322754,10.140000343322754,10.140000343322754,0
2005-10-14,10.130000114440918,10.130000114440918,10.130000114440918,10.130000114440918,0
2005-10-17,10.130000114440918,10.130000114440918,10.130000114440918,10.130000114440918,0
2005-10-18,10.140000343322754,10.140000343322754,10.140000343322754,10.140000343322754,0
2005-10-19,10.149999618530273,10.149999618530273,10.149999618530273,10.149999618530273,0
2005-10-20,10.149999618530273,10.149999618530273,10.149999618530273,10.149999618530273,0
2005-10-21,10.180000305175781,10.180000305175781,10.180000305175781,10.180000305175781,0
2005-10-24,10.15999984741211,10.15999984741211,10.15999984741211,10.15999984741211,0
2005-10-25,10.140000343322754,10.140000343322754,10.140000343322754,10.140000343322754,0
2005-10-26,10.100000381469727,10.100000381469727,10.100000381469727,10.100000381469727,0
2005-10-27,10.100000381469727,10.100000381469727,10.100000381469727,10.100000381469727,0
2005-10-28,10.100000381469727,10.100000381469727,10.100000381469727,10.100000381469727,0
2005-10-31,10.100000381469727,10.100000381469727,10.100000381469727,10.100000381469727,0
2005-11-01,10.100000381469727,10.100000381469727,10.100000381469727,10.100000381469727,0
2005-11-02,10.09000015258789,10.09000015258789,10.09000015258789,10.09000015258789,0
2005-11-03,10.0600004196167,10.0600004196167,10.0600004196167,10.0600004196167,0
2005-11-04,10.0600004196167,10.0600004196167,10.0600004196167,10.0600004196167,0
2005-11-07,10.0600004196167,10.0600004196167,10.0600004196167,10.0600004196167,0
2005-11-08,10.09000015258789,10.09000015258789,10.09000015258789,10.09000015258789,0
2005-11-09,10.069999694824219,10.069999694824219,10.069999694824219,10.069999694824219,0
2005-11-10,10.079999923706055,10.079999923706055,10.079999923706055,10.079999923706055,0
2005-11-11,10.079999923706055,10.079999923706055,10.079999923706055,10.079999923706055,0
2005-11-14,10.069999694824219,10.069999694824219,10.069999694824219,10.069999694824219,0
2005-11-15,10.079999923706055,10.079999923706055,10.079999923706055,10.079999923706055,0
2005-11-16,10.100000381469727,10.100000381469727,10.100000381469727,10.100000381469727,0
2005-11-17,10.119999885559082,10.119999885559082,10.119999885559082,10.119999885559082,0
2005-11-18,10.109999656677246,10.109999656677246,10.109999656677246,10.109999656677246,0
2005-11-21,10.119999885559082,10.119999885559082,10.119999885559082,10.119999885559082,0
2005-11-22,10.130000114440918,10.130000114440918,10.130000114440918,10.130000114440918,0
2005-11-23,10.119999885559082,10.119999885559082,10.119999885559082,10.119999885559082,0
2005-11-25,10.130000114440918,10.130000114440918,10.130000114440918,10.130000114440918,0
2005-11-28,10.140000343322754,10.140000343322754,10.140000343322754,10.140000343322754,0
2005-11-29,10.130000114440918,10.130000114440918,10.130000114440918,10.130000114440918,0
2005-11-30,10.119999885559082,10.119999885559082,10.119999885559082,10.119999885559082,0
2005-12-01,10.109999656677246,10.109999656677246,10.109999656677246,10.109999656677246,0
2005-12-02,10.109999656677246,10.109999656677246,10.109999656677246,10.109999656677246,0
2005-12-05,10.09000015258789,10.09000015258789,10.09000015258789,10.09000015258789,0
2005-12-06,10.109999656677246,10.109999656677246,10.109999656677246,10.109999656677246,0
2005-12-07,10.109999656677246,10.109999656677246,10.109999656677246,10.109999656677246,0
2005-12-08,10.130000114440918,10.130000114440918,10.130000114440918,10.130000114440918,0
2005-12-09,10.109999656677246,10.109999656677246,10.109999656677246,10.109999656677246,0
2005-12-12,10.109999656677246,10.109999656677246,10.109999656677246,10.109999656677246,0
2005-12-13,10.109999656677246,10.109999656677246,10.109999656677246,10.109999656677246,0
2005-12-14,10.140000343322754,10.140000343322754,10.140000343322754,10.140000343322754,0
2005-12-15,10.140000343322754,10.140000343322754,10.140000343322754,10.140000343322754,0
2005-12-16,10.140000343322754,10.140000343322754,10.140000343322754,10.140000343322754,0
2005-12-19,10.149999618530273,10.149999618530273,10.149999618530273,10.149999618530273,0
2005-12-20,10.140000343322754,10.140000343322754,10.140000343322754,10.140000343322754,0
2005-12-21,10.130000114440918,10.130000114440918,10.130000114440918,10.130000114440918,0
2005-12-22,10.149999618530273,10.149999618530273,10.149999618530273,10.149999618530273,0
2005-12-23,10.180000305175781,10.180000305175781,10.180000305175781,10.180000305175781,0
2005-12-27,10.1899995803833,10.1899995803833,10.1899995803833,10.1899995803833,0
2005-12-28,10.1899995803833,10.1899995803833,10.1899995803833,10.1899995803833,0
2005-12-29,10.180000305175781,10.180000305175781,10.180000305175781,10.180000305175781,0
2005-12-30,10.1899995803833,10.1899995803833,10.1899995803833,10.1899995803833,0
2006-01-03,10.1899995803833,10.1899995803833,10.1899995803833,10.1899995803833,0
2006-01-04,10.199999809265137,10.199999809265137,10.199999809265137,10.199999809265137,0
2006-01-05,10.199999809265137,10.199999809265137,10.199999809265137,10.199999809265137,0
2006-01-06,10.199999809265137,10.199999809265137,10.199999809265137,10.199999809265137,0
2006-01-09,10.199999809265137,10.199999809265137,10.199999809265137,10.199999809265137,0
2006-01-10,10.1899995803833,10.1899995803833,10.1899995803833,10.1899995803833,0
2006-01-11,10.180000305175781,10.180000305175781,10.180000305175781,10.180000305175781,0
2006-01-12,10.199999809265137,10.199999809265137,10.199999809265137,10.199999809265137,0
2006-01-13,10.220000267028809,10.220000267028809,10.220000267028809,10.220000267028809,0
2006-01-17,10.229999542236328,10.229999542236328,10.229999542236328,10.229999542236328,0
2006-01-18,10.239999771118164,10.239999771118164,10.239999771118164,10.239999771118164,0
2006-01-19,10.229999542236328,10.229999542236328,10.229999542236328,10.229999542236328,0
2006-01-20,10.229999542236328,10.229999542236328,10.229999542236328,10.229999542236328,0
2006-01-23,10.229999542236328,10.229999542236328,10.229999542236328,10.229999542236328,0
2006-01-24,10.229999542236328,10.229999542236328,10.229999542236328,10.229999542236328,0
2006-01-25,10.199999809265137,10.199999809265137,10.199999809265137,10.199999809265137,0
2006-01-26,10.170000076293945,10.170000076293945,10.170000076293945,10.170000076293945,0
2006-01-27,10.180000305175781,10.180000305175781,10.180000305175781,10.180000305175781,0
2006-01-30,10.170000076293945,10.170000076293945,10.170000076293945,10.170000076293945,0
2006-01-31,10.170000076293945,10.170000076293945,10.170000076293945,10.170000076293945,0
2006-02-01,10.15999984741211,10.15999984741211,10.15999984741211,10.15999984741211,0
2006-02-02,10.15999984741211,10.15999984741211,10.15999984741211,10.15999984741211,0
2006-02-03,10.170000076293945,10.170000076293945,10.170000076293945,10.170000076293945,0
2006-02-06,10.170000076293945,10.170000076293945,10.170000076293945,10.170000076293945,0
2006-02-07,10.180000305175781,10.180000305175781,10.180000305175781,10.180000305175781,0
2006-02-08,10.180000305175781,10.180000305175781,10.180000305175781,10.180000305175781,0
2006-02-09,10.180000305175781,10.180000305175781,10.180000305175781,10.180000305175781,0
2006-02-10,10.170000076293945,10.170000076293945,10.170000076293945,10.170000076293945,0
2006-02-13,10.170000076293945,10.170000076293945,10.170000076293945,10.170000076293945,0
2006-02-14,10.15999984741211,10.15999984741211,10.15999984741211,10.15999984741211,0
2006-02-15,10.170000076293945,10.170000076293945,10.170000076293945,10.170000076293945,0
2006-02-16,10.180000305175781,10.180000305175781,10.180000305175781,10.180000305175781,0
2006-02-17,10.199999809265137,10.199999809265137,10.199999809265137,10.199999809265137,0
2006-02-21,10.199999809265137,10.199999809265137,10.199999809265137,10.199999809265137,0
2006-02-22,10.210000038146973,10.210000038146973,10.210000038146973,10.210000038146973,0
2006-02-23,10.210000038146973,10.210000038146973,10.210000038146973,10.210000038146973,0
2006-02-24,10.210000038146973,10.210000038146973,10.210000038146973,10.210000038146973,0
2006-02-27,10.210000038146973,10.210000038146973,10.210000038146973,10.210000038146973,0
2006-02-28,10.220000267028809,10.220000267028809,10.220000267028809,10.220000267028809,0
2006-03-01,10.210000038146973,10.210000038146973,10.210000038146973,10.210000038146973,0
2006-03-02,10.180000305175781,10.180000305175781,10.180000305175781,10.180000305175781,0
2006-03-03,10.15999984741211,10.15999984741211,10.15999984741211,10.15999984741211,0
2006-03-06,10.140000343322754,10.140000343322754,10.140000343322754,10.140000343322754,0
2006-03-07,10.140000343322754,10.140000343322754,10.140000343322754,10.140000343322754,0
2006-03-08,10.140000343322754,10.140000343322754,10.140000343322754,10.140000343322754,0
2006-03-09,10.140000343322754,10.140000343322754,10.140000343322754,10.140000343322754,0
2006-03-10,10.130000114440918,10.130000114440918,10.130000114440918,10.130000114440918,0
2006-03-13,10.119999885559082,10.119999885559082,10.119999885559082,10.119999885559082,0
2006-03-14,10.149999618530273,10.149999618530273,10.149999618530273,10.149999618530273,0
2006-03-15,10.140000343322754,10.140000343322754,10.140000343322754,10.140000343322754,0
2006-03-16,10.15999984741211,10.15999984741211,10.15999984741211,10.15999984741211,0
2006-03-17,10.15999984741211,10.15999984741211,10.15999984741211,10.15999984741211,0
2006-03-20,10.170000076293945,10.170000076293945,10.170000076293945,10.170000076293945,0
2006-03-21,10.149999618530273,10.149999618530273,10.149999618530273,10.149999618530273,0
2006-03-22,10.149999618530273,10.149999618530273,10.149999618530273,10.149999618530273,0
2006-03-23,10.140000343322754,10.140000343322754,10.140000343322754,10.140000343322754,0
2006-03-24,10.15999984741211,10.15999984741211,10.15999984741211,10.15999984741211,0
2006-03-27,10.149999618530273,10.149999618530273,10.149999618530273,10.149999618530273,0
2006-03-28,10.130000114440918,10.130000114440918,10.130000114440918,10.130000114440918,0
2006-03-29,10.109999656677246,10.109999656677246,10.109999656677246,10.109999656677246,0
2006-03-30,10.09000015258789,10.09000015258789,10.09000015258789,10.09000015258789,0
2006-03-31,10.079999923706055,10.079999923706055,10.079999923706055,10.079999923706055,0
2006-04-03,10.069999694824219,10.069999694824219,10.069999694824219,10.069999694824219,0
2006-04-04,10.079999923706055,10.079999923706055,10.079999923706055,10.079999923706055,0
2006-04-05,10.09000015258789,10.09000015258789,10.09000015258789,10.09000015258789,0
2006-04-06,10.069999694824219,10.069999694824219,10.069999694824219,10.069999694824219,0
2006-04-07,10.050000190734863,10.050000190734863,10.050000190734863,10.050000190734863,0
2006-04-10,10.050000190734863,10.050000190734863,10.050000190734863,10.050000190734863,0
2006-04-11,10.0600004196167,10.0600004196167,10.0600004196167,10.0600004196167,0
2006-04-12,10.039999961853027,10.039999961853027,10.039999961853027,10.039999961853027,0
2006-04-13,10.029999732971191,10.029999732971191,10.029999732971191,10.029999732971191,0
2006-04-17,10.029999732971191,10.029999732971191,10.029999732971191,10.029999732971191,0
2006-04-18,10.039999961853027,10.039999961853027,10.039999961853027,10.039999961853027,0
2006-04-19,10.020000457763672,10.020000457763672,10.020000457763672,10.020000457763672,0
2006-04-20,10.029999732971191,10.029999732971191,10.029999732971191,10.029999732971191,0
2006-04-21,10.039999961853027,10.039999961853027,10.039999961853027,10.039999961853027,0
2006-04-24,10.050000190734863,10.050000190734863,10.050000190734863,10.050000190734863,0
2006-04-25,10.020000457763672,10.020000457763672,10.020000457763672,10.020000457763672,0
2006-04-26,10.010000228881836,10.010000228881836,10.010000228881836,10.010000228881836,0
2006-04-27,10.020000457763672,10.020000457763672,10.020000457763672,10.020000457763672,0
2006-04-28,10.020000457763672,10.020000457763672,10.020000457763672,10.020000457763672,0
2006-05-01,10.0,10.0,10.0,10.0,0
2006-05-02,10.010000228881836,10.010000228881836,10.010000228881836,10.010000228881836,0
2006-05-03,10.0,10.0,10.0,10.0,0
2006-05-04,10.0,10.0,10.0,10.0,0
2006-05-05,10.020000457763672,10.020000457763672,10.020000457763672,10.020000457763672,0
2006-05-08,10.020000457763672,10.020000457763672,10.020000457763672,10.020000457763672,0
2006-05-09,10.020000457763672,10.020000457763672,10.020000457763672,10.020000457763672,0
2006-05-10,10.029999732971191,10.029999732971191,10.029999732971191,10.029999732971191,0
2006-05-11,10.010000228881836,10.010000228881836,10.010000228881836,10.010000228881836,0
2006-05-12,10.0,10.0,10.0,10.0,0
2006-05-15,10.010000228881836,10.010000228881836,10.010000228881836,10.010000228881836,0
2006-05-16,10.020000457763672,10.020000457763672,10.020000457763672,10.020000457763672,0
2006-05-17,10.0,10.0,10.0,10.0,0
2006-05-18,10.029999732971191,10.029999732971191,10.029999732971191,10.029999732971191,0
2006-05-19,10.039999961853027,10.039999961853027,10.039999961853027,10.039999961853027,0
2006-05-22,10.050000190734863,10.050000190734863,10.050000190734863,10.050000190734863,0
2006-05-23,10.039999961853027,10.039999961853027,10.039999961853027,10.039999961853027,0
2006-05-24,10.0600004196167,10.0600004196167,10.0600004196167,10.0600004196167,0
2006-05-25,10.050000190734863,10.050000190734863,10.050000190734863,10.050000190734863,0
2006-05-26,10.050000190734863,10.050000190734863,10.050000190734863,10.050000190734863,0
2006-05-30,10.039999961853027,10.039999961853027,10.039999961853027,10.039999961853027,0
2006-05-31,10.029999732971191,10.029999732971191,10.029999732971191,10.029999732971191,0
2006-06-01,10.029999732971191,10.029999732971191,10.029999732971191,10.029999732971191,0
2006-06-02,10.069999694824219,10.069999694824219,10.069999694824219,10.069999694824219,0
2006-06-05,10.069999694824219,10.069999694824219,10.069999694824219,10.069999694824219,0
2006-06-06,10.069999694824219,10.069999694824219,10.069999694824219,10.069999694824219,0
2006-06-07,10.0600004196167,10.0600004196167,10.0600004196167,10.0600004196167,0
2006-06-08,10.069999694824219,10.069999694824219,10.069999694824219,10.069999694824219,0
2006-06-09,10.079999923706055,10.079999923706055,10.079999923706055,10.079999923706055,0
2006-06-12,10.079999923706055,10.079999923706055,10.079999923706055,10.079999923706055,0
2006-06-13,10.079999923706055,10.079999923706055,10.079999923706055,10.079999923706055,0
2006-06-14,10.050000190734863,10.050000190734863,10.050000190734863,10.050000190734863,0
2006-06-15,10.020000457763672,10.020000457763672,10.020000457763672,10.020000457763672,0
2006-06-16,10.0,10.0,10.0,10.0,0
2006-06-19,9.989999771118164,9.989999771118164,9.989999771118164,9.989999771118164,0
2006-06-20,9.960000038146973,9.960000038146973,9.960000038146973,9.960000038146973,0
2006-06-21,9.960000038146973,9.960000038146973,9.960000038146973,9.960000038146973,0
2006-06-22,9.9399995803833,9.9399995803833,9.9399995803833,9.9399995803833,0
2006-06-23,9.930000305175781,9.930000305175781,9.930000305175781,9.930000305175781,0
2006-06-26,9.920000076293945,9.920000076293945,9.920000076293945,9.920000076293945,0
2006-06-27,9.930000305175781,9.930000305175781,9.930000305175781,9.930000305175781,0
2006-06-28,9.920000076293945,9.920000076293945,9.920000076293945,9.920000076293945,0
2006-06-29,9.920000076293945,9.920000076293945,9.920000076293945,9.920000076293945,0
2006-06-30,9.9399995803833,9.9399995803833,9.9399995803833,9.9399995803833,0
2006-07-03,9.9399995803833,9.9399995803833,9.9399995803833,9.9399995803833,0
2006-07-05,9.920000076293945,9.920000076293945,9.920000076293945,9.920000076293945,0
2006-07-06,9.930000305175781,9.930000305175781,9.930000305175781,9.930000305175781,0
2006-07-07,9.960000038146973,9.960000038146973,9.960000038146973,9.960000038146973,0
2006-07-10,9.949999809265137,9.949999809265137,9.949999809265137,9.949999809265137,0
2006-07-11,9.970000267028809,9.970000267028809,9.970000267028809,9.970000267028809,0
2006-07-12,9.970000267028809,9.970000267028809,9.970000267028809,9.970000267028809,0
2006-07-13,9.979999542236328,9.979999542236328,9.979999542236328,9.979999542236328,0
2006-07-14,9.989999771118164,9.989999771118164,9.989999771118164,9.989999771118164,0
2006-07-17,9.989999771118164,9.989999771118164,9.989999771118164,9.989999771118164,0
2006-07-18,9.979999542236328,9.979999542236328,9.979999542236328,9.979999542236328,0
2006-07-19,9.989999771118164,9.989999771118164,9.989999771118164,9.989999771118164,0
2006-07-20,10.010000228881836,10.010000228881836,10.010000228881836,10.010000228881836,0
2006-07-21,10.010000228881836,10.010000228881836,10.010000228881836,10.010000228881836,0
2006-07-24,10.010000228881836,10.010000228881836,10.010000228881836,10.010000228881836,0
2006-07-25,10.010000228881836,10.010000228881836,10.010000228881836,10.010000228881836,0
2006-07-26,10.020000457763672,10.020000457763672,10.020000457763672,10.020000457763672,0
2006-07-27,10.020000457763672,10.020000457763672,10.020000457763672,10.020000457763672,0
2006-07-28,10.050000190734863,10.050000190734863,10.050000190734863,10.050000190734863,0
2006-07-31,10.050000190734863,10.050000190734863,10.050000190734863,10.050000190734863,0
2006-08-01,10.050000190734863,10.050000190734863,10.050000190734863,10.050000190734863,0
2006-08-02,10.0600004196167,10.0600004196167,10.0600004196167,10.0600004196167,0
2006-08-03,10.069999694824219,10.069999694824219,10.069999694824219,10.069999694824219,0
2006-08-04,10.100000381469727,10.100000381469727,10.100000381469727,10.100000381469727,0
2006-08-07,10.09000015258789,10.09000015258789,10.09000015258789,10.09000015258789,0
2006-08-08,10.100000381469727,10.100000381469727,10.100000381469727,10.100000381469727,0
2006-08-09,10.09000015258789,10.09000015258789,10.09000015258789,10.09000015258789,0
2006-08-10,10.09000015258789,10.09000015258789,10.09000015258789,10.09000015258789,0
2006-08-11,10.079999923706055,10.079999923706055,10.079999923706055,10.079999923706055,0
2006-08-14,10.069999694824219,10.069999694824219,10.069999694824219,10.069999694824219,0
2006-08-15,10.100000381469727,10.100000381469727,10.100000381469727,10.100000381469727,0
2006-08-16,10.130000114440918,10.130000114440918,10.130000114440918,10.130000114440918,0
2006-08-17,10.130000114440918,10.130000114440918,10.130000114440918,10.130000114440918,0
2006-08-18,10.140000343322754,10.140000343322754,10.140000343322754,10.140000343322754,0
2006-08-21,10.140000343322754,10.140000343322754,10.140000343322754,10.140000343322754,0
2006-08-22,10.149999618530273,10.149999618530273,10.149999618530273,10.149999618530273,0
2006-08-23,10.149999618530273,10.149999618530273,10.149999618530273,10.149999618530273,0
2006-08-24,10.149999618530273,10.149999618530273,10.149999618530273,10.149999618530273,0
2006-08-25,10.15999984741211,10.15999984741211,10.15999984741211,10.15999984741211,0
2006-08-28,10.15999984741211,10.15999984741211,10.15999984741211,10.15999984741211,0
2006-08-29,10.15999984741211,10.15999984741211,10.15999984741211,10.15999984741211,0
2006-08-30,10.170000076293945,10.170000076293945,10.170000076293945,10.170000076293945,0
2006-08-31,10.180000305175781,10.180000305175781,10.180000305175781,10.180000305175781,0
2006-09-01,10.180000305175781,10.180000305175781,10.180000305175781,10.180000305175781,0
2006-09-05,10.170000076293945,10.170000076293945,10.170000076293945,10.170000076293945,0
2006-09-06,10.149999618530273,10.149999618530273,10.149999618530273,10.149999618530273,0
2006-09-07,10.15999984741211,10.15999984741211,10.15999984741211,10.15999984741211,0
2006-09-08,10.170000076293945,10.170000076293945,10.170000076293945,10.170000076293945,0
2006-09-11,10.15999984741211,10.15999984741211,10.15999984741211,10.15999984741211,0
2006-09-12,10.170000076293945,10.170000076293945,10.170000076293945,10.170000076293945,0
2006-09-13,10.180000305175781,10.180000305175781,10.180000305175781,10.180000305175781,0
2006-09-14,10.180000305175781,10.180000305175781,10.180000305175781,10.180000305175781,0
2006-09-15,10.180000305175781,10.180000305175781,10.180000305175781,10.180000305175781,0
2006-09-18,10.170000076293945,10.170000076293945,10.170000076293945,10.170000076293945,0
2006-09-19,10.1899995803833,10.1899995803833,10.1899995803833,10.1899995803833,0
2006-09-20,10.199999809265137,10.199999809265137,10.199999809265137,10.199999809265137,0
2006-09-21,10.229999542236328,10.229999542236328,10.229999542236328,10.229999542236328,0
2006-09-22,10.25,10.25,10.25,10.25,0
2006-09-25,10.270000457763672,10.270000457763672,10.270000457763672,10.270000457763672,0
2006-09-26,10.25,10.25,10.25,10.25,0
2006-09-27,10.25,10.25,10.25,10.25,0
2006-09-28,10.229999542236328,10.229999542236328,10.229999542236328,10.229999542236328,0
2006-09-29,10.229999542236328,10.229999542236328,10.229999542236328,10.229999542236328,0
2006-10-02,10.229999542236328,10.229999542236328,10.229999542236328,10.229999542236328,0
2006-10-03,10.220000267028809,10.220000267028809,10.220000267028809,10.220000267028809,0
2006-10-04,10.229999542236328,10.229999542236328,10.229999542236328,10.229999542236328,0
2006-10-05,10.220000267028809,10.220000267028809,10.220000267028809,10.220000267028809,0
2006-10-06,10.199999809265137,10.199999809265137,10.199999809265137,10.199999809265137,0
2006-10-09,10.199999809265137,10.199999809265137,10.199999809265137,10.199999809265137,0
2006-10-10,10.170000076293945,10.170000076293945,10.170000076293945,10.170000076293945,0
2006-10-11,10.15999984741211,10.15999984741211,10.15999984741211,10.15999984741211,0
2006-10-12,10.15999984741211,10.15999984741211,10.15999984741211,10.15999984741211,0
2006-10-13,10.15999984741211,10.15999984741211,10.15999984741211,10.15999984741211,0
2006-10-16,10.15999984741211,10.15999984741211,10.15999984741211,10.15999984741211,0
2006-10-17,10.15999984741211,10.15999984741211,10.15999984741211,10.15999984741211,0
2006-10-18,10.170000076293945,10.170000076293945,10.170000076293945,10.170000076293945,0
2006-10-19,10.15999984741211,10.15999984741211,10.15999984741211,10.15999984741211,0
2006-10-20,10.15999984741211,10.15999984741211,10.15999984741211,10.15999984741211,0
2006-10-23,10.140000343322754,10.140000343322754,10.140000343322754,10.140000343322754,0
2006-10-24,10.140000343322754,10.140000343322754,10.140000343322754,10.140000343322754,0
2006-10-25,10.149999618530273,10.149999618530273,10.149999618530273,10.149999618530273,0
2006-10-26,10.1899995803833,10.1899995803833,10.1899995803833,10.1899995803833,0
2006-10-27,10.210000038146973,10.210000038146973,10.210000038146973,10.210000038146973,0
2006-10-30,10.220000267028809,10.220000267028809,10.220000267028809,10.220000267028809,0
2006-10-31,10.25,10.25,10.25,10.25,0
2006-11-01,10.279999732971191,10.279999732971191,10.279999732971191,10.279999732971191,0
2006-11-02,10.260000228881836,10.260000228881836,10.260000228881836,10.260000228881836,0
2006-11-03,10.220000267028809,10.220000267028809,10.220000267028809,10.220000267028809,0
2006-11-06,10.220000267028809,10.220000267028809,10.220000267028809,10.220000267028809,0
2006-11-07,10.239999771118164,10.239999771118164,10.239999771118164,10.239999771118164,0
2006-11-08,10.25,10.25,10.25,10.25,0
2006-11-09,10.25,10.25,10.25,10.25,0
2006-11-10,10.260000228881836,10.260000228881836,10.260000228881836,10.260000228881836,0
2006-11-13,10.260000228881836,10.260000228881836,10.260000228881836,10.260000228881836,0
2006-11-14,10.279999732971191,10.279999732971191,10.279999732971191,10.279999732971191,0
2006-11-15,10.270000457763672,10.270000457763672,10.270000457763672,10.270000457763672,0
2006-11-16,10.25,10.25,10.25,10.25,0
2006-11-17,10.270000457763672,10.270000457763672,10.270000457763672,10.270000457763672,0
2006-11-20,10.270000457763672,10.270000457763672,10.270000457763672,10.270000457763672,0
2006-11-21,10.279999732971191,10.279999732971191,10.279999732971191,10.279999732971191,0
2006-11-22,10.279999732971191,10.279999732971191,10.279999732971191,10.279999732971191,0
2006-11-24,10.279999732971191,10.279999732971191,10.279999732971191,10.279999732971191,0
2006-11-27,10.279999732971191,10.279999732971191,10.279999732971191,10.279999732971191,0
2006-11-28,10.300000190734863,10.300000190734863,10.300000190734863,10.300000190734863,0
2006-11-29,10.3100004196167,10.3100004196167,10.3100004196167,10.3100004196167,0
2006-11-30,10.329999923706055,10.329999923706055,10.329999923706055,10.329999923706055,0
2006-12-01,10.34000015258789,10.34000015258789,10.34000015258789,10.34000015258789,0
2006-12-04,10.34000015258789,10.34000015258789,10.34000015258789,10.34000015258789,0
2006-12-05,10.329999923706055,10.329999923706055,10.329999923706055,10.329999923706055,0
2006-12-06,10.329999923706055,10.329999923706055,10.329999923706055,10.329999923706055,0
2006-12-07,10.319999694824219,10.319999694824219,10.319999694824219,10.319999694824219,0
2006-12-08,10.3100004196167,10.3100004196167,10.3100004196167,10.3100004196167,0
2006-12-11,10.300000190734863,10.300000190734863,10.300000190734863,10.300000190734863,0
2006-12-12,10.3100004196167,10.3100004196167,10.3100004196167,10.3100004196167,0
2006-12-13,10.279999732971191,10.279999732971191,10.279999732971191,10.279999732971191,0
2006-12-14,10.270000457763672,10.270000457763672,10.270000457763672,10.270000457763672,0
2006-12-15,10.279999732971191,10.279999732971191,10.279999732971191,10.279999732971191,0
2006-12-18,10.279999732971191,10.279999732971191,10.279999732971191,10.279999732971191,0
2006-12-19,10.270000457763672,10.270000457763672,10.270000457763672,10.270000457763672,0
2006-12-20,10.270000457763672,10.270000457763672,10.270000457763672,10.270000457763672,0
2006-12-21,10.279999732971191,10.279999732971191,10.279999732971191,10.279999732971191,0
2006-12-22,10.270000457763672,10.270000457763672,10.270000457763672,10.270000457763672,0
2006-12-26,10.270000457763672,10.270000457763672,10.270000457763672,10.270000457763672,0
2006-12-27,10.260000228881836,10.260000228881836,10.260000228881836,10.260000228881836,0
2006-12-28,10.25,10.25,10.25,10.25,0
2006-12-29,10.25,10.25,10.25,10.25,0
2007-01-03,10.260000228881836,10.260000228881836,10.260000228881836,10.260000228881836,0
2007-01-04,10.270000457763672,10.270000457763672,10.270000457763672,10.270000457763672,0
2007-01-05,10.260000228881836,10.260000228881836,10.260000228881836,10.260000228881836,0
2007-01-08,10.260000228881836,10.260000228881836,10.260000228881836,10.260000228881836,0
2007-01-09,10.260000228881836,10.260000228881836,10.260000228881836,10.260000228881836,0
2007-01-10,10.25,10.25,10.25,10.25,0
2007-01-11,10.229999542236328,10.229999542236328,10.229999542236328,10.229999542236328,0
2007-01-12,10.220000267028809,10.220000267028809,10.220000267028809,10.220000267028809,0
2007-01-16,10.220000267028809,10.220000267028809,10.220000267028809,10.220000267028809,0
2007-01-17,10.210000038146973,10.210000038146973,10.210000038146973,10.210000038146973,0
2007-01-18,10.220000267028809,10.220000267028809,10.220000267028809,10.220000267028809,0
2007-01-19,10.210000038146973,10.210000038146973,10.210000038146973,10.210000038146973,0
2007-01-22,10.220000267028809,10.220000267028809,10.220000267028809,10.220000267028809,0
2007-01-23,10.210000038146973,10.210000038146973,10.210000038146973,10.210000038146973,0
2007-01-24,10.199999809265137,10.199999809265137,10.199999809265137,10.199999809265137,0
2007-01-25,10.180000305175781,10.180000305175781,10.180000305175781,10.180000305175781,0
2007-01-26,10.180000305175781,10.180000305175781,10.180000305175781,10.180000305175781,0
2007-01-29,10.180000305175781,10.180000305175781,10.180000305175781,10.180000305175781,0
2007-01-30,10.180000305175781,10.180000305175781,10.180000305175781,10.180000305175781,0
2007-01-31,10.1899995803833,10.1899995803833,10.1899995803833,10.1899995803833,0
2007-02-01,10.1899995803833,10.1899995803833,10.1899995803833,10.1899995803833,0
2007-02-02,10.199999809265137,10.199999809265137,10.199999809265137,10.199999809265137,0
2007-02-05,10.199999809265137,10.199999809265137,10.199999809265137,10.199999809265137,0
2007-02-06,10.220000267028809,10.220000267028809,10.220000267028809,10.220000267028809,0
2007-02-07,10.229999542236328,10.229999542236328,10.229999542236328,10.229999542236328,0
2007-02-08,10.239999771118164,10.239999771118164,10.239999771118164,10.239999771118164,0
2007-02-09,10.220000267028809,10.220000267028809,10.220000267028809,10.220000267028809,0
2007-02-12,10.210000038146973,10.210000038146973,10.210000038146973,10.210000038146973,0
2007-02-13,10.210000038146973,10.210000038146973,10.210000038146973,10.210000038146973,0
2007-02-14,10.239999771118164,10.239999771118164,10.239999771118164,10.239999771118164,0
2007-02-15,10.25,10.25,10.25,10.25,0
2007-02-16,10.260000228881836,10.260000228881836,10.260000228881836,10.260000228881836,0
2007-02-20,10.260000228881836,10.260000228881836,10.260000228881836,10.260000228881836,0
2007-02-21,10.25,10.25,10.25,10.25,0
2007-02-22,10.239999771118164,10.239999771118164,10.239999771118164,10.239999771118164,0
2007-02-23,10.260000228881836,10.260000228881836,10.260000228881836,10.260000228881836,0
2007-02-26,10.279999732971191,10.279999732971191,10.279999732971191,10.279999732971191,0
2007-02-27,10.3100004196167,10.3100004196167,10.3100004196167,10.3100004196167,0
2007-02-28,10.300000190734863,10.300000190734863,10.300000190734863,10.300000190734863,0
2007-03-01,10.300000190734863,10.300000190734863,10.300000190734863,10.300000190734863,0
2007-03-02,10.3100004196167,10.3100004196167,10.3100004196167,10.3100004196167,0
2007-03-05,10.3100004196167,10.3100004196167,10.3100004196167,10.3100004196167,0
2007-03-06,10.3100004196167,10.3100004196167,10.3100004196167,10.3100004196167,0
2007-03-07,10.3100004196167,10.3100004196167,10.3100004196167,10.3100004196167,0
2007-03-08,10.300000190734863,10.300000190734863,10.300000190734863,10.300000190734863,0
2007-03-09,10.279999732971191,10.279999732971191,10.279999732971191,10.279999732971191,0
2007-03-12,10.279999732971191,10.279999732971191,10.279999732971191,10.279999732971191,0
2007-03-13,10.289999961853027,10.289999961853027,10.289999961853027,10.289999961853027,0
2007-03-14,10.279999732971191,10.279999732971191,10.279999732971191,10.279999732971191,0
2007-03-15,10.279999732971191,10.279999732971191,10.279999732971191,10.279999732971191,0
2007-03-16,10.279999732971191,10.279999732971191,10.279999732971191,10.279999732971191,0
2007-03-19,10.260000228881836,10.260000228881836,10.260000228881836,10.260000228881836,0
2007-03-20,10.270000457763672,10.270000457763672,10.270000457763672,10.270000457763672,0
2007-03-21,10.279999732971191,10.279999732971191,10.279999732971191,10.279999732971191,0
2007-03-22,10.25,10.25,10.25,10.25,0
2007-03-23,10.239999771118164,10.239999771118164,10.239999771118164,10.239999771118164,0
2007-03-26,10.239999771118164,10.239999771118164,10.239999771118164,10.239999771118164,0
2007-03-27,10.229999542236328,10.229999542236328,10.229999542236328,10.229999542236328,0
2007-03-28,10.220000267028809,10.220000267028809,10.220000267028809,10.220000267028809,0
2007-03-29,10.210000038146973,10.210000038146973,10.210000038146973,10.210000038146973,0
2007-03-30,10.199999809265137,10.199999809265137,10.199999809265137,10.199999809265137,0
2007-04-02,10.199999809265137,10.199999809265137,10.199999809265137,10.199999809265137,0
2007-04-03,10.1899995803833,10.1899995803833,10.1899995803833,10.1899995803833,0
2007-04-04,10.1899995803833,10.1899995803833,10.1899995803833,10.1899995803833,0
2007-04-05,10.180000305175781,10.180000305175781,10.180000305175781,10.180000305175781,0
2007-04-09,10.149999618530273,10.149999618530273,10.149999618530273,10.149999618530273,0
2007-04-10,10.15999984741211,10.15999984741211,10.15999984741211,10.15999984741211,0
2007-04-11,10.15999984741211,10.15999984741211,10.15999984741211,10.15999984741211,0
2007-04-12,10.15999984741211,10.15999984741211,10.15999984741211,10.15999984741211,0
2007-04-13,10.149999618530273,10.149999618530273,10.149999618530273,10.149999618530273,0
2007-04-16,10.15999984741211,10.15999984741211,10.15999984741211,10.15999984741211,0
2007-04-17,10.170000076293945,10.170000076293945,10.170000076293945,10.170000076293945,0
2007-04-18,10.1899995803833,10.1899995803833,10.1899995803833,10.1899995803833,0
2007-04-19,10.1899995803833,10.1899995803833,10.1899995803833,10.1899995803833,0
2007-04-20,10.1899995803833,10.1899995803833,10.1899995803833,10.1899995803833,0
2007-04-23,10.1899995803833,10.1899995803833,10.1899995803833,10.1899995803833,0
2007-04-24,10.199999809265137,10.199999809265137,10.199999809265137,10.199999809265137,0
2007-04-25,10.199999809265137,10.199999809265137,10.199999809265137,10.199999809265137,0
2007-04-26,10.180000305175781,10.180000305175781,10.180000305175781,10.180000305175781,0
2007-04-27,10.180000305175781,10.180000305175781,10.180000305175781,10.180000305175781,0
2007-04-30,10.210000038146973,10.210000038146973,10.210000038146973,10.210000038146973,0
2007-05-01,10.210000038146973,10.210000038146973,10.210000038146973,10.210000038146973,0
2007-05-02,10.210000038146973,10.210000038146973,10.210000038146973,10.210000038146973,0
2007-05-03,10.1899995803833,10.1899995803833,10.1899995803833,10.1899995803833,0
2007-05-04,10.210000038146973,10.210000038146973,10.210000038146973,10.210000038146973,0
2007-05-07,10.210000038146973,10.210000038146973,10.210000038146973,10.210000038146973,0
2007-05-08,10.210000038146973,10.210000038146973,10.210000038146973,10.210000038146973,0
2007-05-09,10.210000038146973,10.210000038146973,10.210000038146973,10.210000038146973,0
2007-05-10,10.210000038146973,10.210000038146973,10.210000038146973,10.210000038146973,0
2007-05-11,10.210000038146973,10.210000038146973,10.210000038146973,10.210000038146973,0
2007-05-14,10.1899995803833,10.1899995803833,10.1899995803833,10.1899995803833,0
2007-05-15,10.1899995803833,10.1899995803833,10.1899995803833,10.1899995803833,0
2007-05-16,10.1899995803833,10.1899995803833,10.1899995803833,10.1899995803833,0
2007-05-17,10.170000076293945,10.170000076293945,10.170000076293945,10.170000076293945,0
2007-05-18,10.149999618530273,10.149999618530273,10.149999618530273,10.149999618530273,0
2007-05-21,10.149999618530273,10.149999618530273,10.149999618530273,10.149999618530273,0
2007-05-22,10.140000343322754,10.140000343322754,10.140000343322754,10.140000343322754,0
2007-05-23,10.119999885559082,10.119999885559082,10.119999885559082,10.119999885559082,0
2007-05-24,10.119999885559082,10.119999885559082,10.119999885559082,10.119999885559082,0
2007-05-25,10.119999885559082,10.119999885559082,10.119999885559082,10.119999885559082,0
2007-05-29,10.109999656677246,10.109999656677246,10.109999656677246,10.109999656677246,0
2007-05-30,10.109999656677246,10.109999656677246,10.109999656677246,10.109999656677246,0
2007-05-31,10.100000381469727,10.100000381469727,10.100000381469727,10.100000381469727,0
2007-06-01,10.079999923706055,10.079999923706055,10.079999923706055,10.079999923706055,0
2007-06-04,10.079999923706055,10.079999923706055,10.079999923706055,10.079999923706055,0
2007-06-05,10.0600004196167,10.0600004196167,10.0600004196167,10.0600004196167,0
2007-06-06,10.050000190734863,10.050000190734863,10.050000190734863,10.050000190734863,0
2007-06-07,10.0,10.0,10.0,10.0,0
2007-06-08,9.979999542236328,9.979999542236328,9.979999542236328,9.979999542236328,0
2007-06-11,9.970000267028809,9.970000267028809,9.970000267028809,9.970000267028809,0
2007-06-12,9.920000076293945,9.920000076293945,9.920000076293945,9.920000076293945,0
2007-06-13,9.930000305175781,9.930000305175781,9.930000305175781,9.930000305175781,0
2007-06-14,9.930000305175781,9.930000305175781,9.930000305175781,9.930000305175781,0
2007-06-15,9.949999809265137,9.949999809265137,9.949999809265137,9.949999809265137,0
2007-06-18,9.949999809265137,9.949999809265137,9.949999809265137,9.949999809265137,0
2007-06-19,9.970000267028809,9.970000267028809,9.970000267028809,9.970000267028809,0
2007-06-20,9.960000038146973,9.960000038146973,9.960000038146973,9.960000038146973,0
2007-06-21,9.9399995803833,9.9399995803833,9.9399995803833,9.9399995803833,0
2007-06-22,9.949999809265137,9.949999809265137,9.949999809265137,9.949999809265137,0
2007-06-25,9.970000267028809,9.970000267028809,9.970000267028809,9.970000267028809,0
2007-06-26,9.970000267028809,9.970000267028809,9.970000267028809,9.970000267028809,0
2007-06-27,9.989999771118164,9.989999771118164,9.989999771118164,9.989999771118164,0
2007-06-28,9.979999542236328,9.979999542236328,9.979999542236328,9.979999542236328,0
2007-06-29,10.0,10.0,10.0,10.0,0
2007-07-02,10.010000228881836,10.010000228881836,10.010000228881836,10.010000228881836,0
2007-07-03,10.0,10.0,10.0,10.0,0
2007-07-05,9.970000267028809,9.970000267028809,9.970000267028809,9.970000267028809,0
2007-07-06,9.949999809265137,9.949999809265137,9.949999809265137,9.949999809265137,0
2007-07-09,9.960000038146973,9.960000038146973,9.960000038146973,9.960000038146973,0
2007-07-10,10.0,10.0,10.0,10.0,0
2007-07-11,9.989999771118164,9.989999771118164,9.989999771118164,9.989999771118164,0
2007-07-12,9.970000267028809,9.970000267028809,9.970000267028809,9.970000267028809,0
2007-07-13,9.979999542236328,9.979999542236328,9.979999542236328,9.979999542236328,0
2007-07-16,9.989999771118164,9.989999771118164,9.989999771118164,9.989999771118164,0
2007-07-17,9.989999771118164,9.989999771118164,9.989999771118164,9.989999771118164,0
2007-07-18,10.0,10.0,10.0,10.0,0
2007-07-19,10.0,10.0,10.0,10.0,0
2007-07-20,10.020000457763672,10.020000457763672,10.020000457763672,10.020000457763672,0
2007-07-23,10.010000228881836,10.010000228881836,10.010000228881836,10.010000228881836,0
2007-07-24,10.010000228881836,10.010000228881836,10.010000228881836,10.010000228881836,0
2007-07-25,10.010000228881836,10.010000228881836,10.010000228881836,10.010000228881836,0
2007-07-26,10.029999732971191,10.029999732971191,10.029999732971191,10.029999732971191,0
2007-07-27,10.029999732971191,10.029999732971191,10.029999732971191,10.029999732971191,0
2007-07-30,10.029999732971191,10.029999732971191,10.029999732971191,10.029999732971191,0
2007-07-31,10.039999961853027,10.039999961853027,10.039999961853027,10.039999961853027,0
2007-08-01,10.039999961853027,10.039999961853027,10.039999961853027,10.039999961853027,0
2007-08-02,10.020000457763672,10.020000457763672,10.020000457763672,10.020000457763672,0
2007-08-03,10.020000457763672,10.020000457763672,10.020000457763672,10.020000457763672,0
2007-08-06,10.0,10.0,10.0,10.0,0
2007-08-07,9.989999771118164,9.989999771118164,9.989999771118164,9.989999771118164,0
2007-08-08,9.960000038146973,9.960000038146973,9.960000038146973,9.960000038146973,0
2007-08-09,9.960000038146973,9.960000038146973,9.960000038146973,9.960000038146973,0
2007-08-10,9.960000038146973,9.960000038146973,9.960000038146973,9.960000038146973,0
2007-08-13,9.949999809265137,9.949999809265137,9.949999809265137,9.949999809265137,0
2007-08-14,9.9399995803833,9.9399995803833,9.9399995803833,9.9399995803833,0
2007-08-15,9.920000076293945,9.920000076293945,9.920000076293945,9.920000076293945,0
2007-08-16,9.859999656677246,9.859999656677246,9.859999656677246,9.859999656677246,0
2007-08-17,9.850000381469727,9.850000381469727,9.850000381469727,9.850000381469727,0
2007-08-20,9.829999923706055,9.829999923706055,9.829999923706055,9.829999923706055,0
2007-08-21,9.850000381469727,9.850000381469727,9.850000381469727,9.850000381469727,0
2007-08-22,9.84000015258789,9.84000015258789,9.84000015258789,9.84000015258789,0
2007-08-23,9.84000015258789,9.84000015258789,9.84000015258789,9.84000015258789,0
2007-08-24,9.829999923706055,9.829999923706055,9.829999923706055,9.829999923706055,0
2007-08-27,9.84000015258789,9.84000015258789,9.84000015258789,9.84000015258789,0
2007-08-28,9.859999656677246,9.859999656677246,9.859999656677246,9.859999656677246,0
2007-08-29,9.90999984741211,9.90999984741211,9.90999984741211,9.90999984741211,0
2007-08-30,9.9399995803833,9.9399995803833,9.9399995803833,9.9399995803833,0
2007-08-31,9.9399995803833,9.9399995803833,9.9399995803833,9.9399995803833,0
2007-09-04,9.949999809265137,9.949999809265137,9.949999809265137,9.949999809265137,0
2007-09-05,9.979999542236328,9.979999542236328,9.979999542236328,9.979999542236328,0
2007-09-06,10.010000228881836,10.010000228881836,10.010000228881836,10.010000228881836,0
2007-09-07,10.079999923706055,10.079999923706055,10.079999923706055,10.079999923706055,0
2007-09-10,10.109999656677246,10.109999656677246,10.109999656677246,10.109999656677246,0
2007-09-11,10.119999885559082,10.119999885559082,10.119999885559082,10.119999885559082,0
2007-09-12,10.109999656677246,10.109999656677246,10.109999656677246,10.109999656677246,0
2007-09-13,10.079999923706055,10.079999923706055,10.079999923706055,10.079999923706055,0
2007-09-14,10.079999923706055,10.079999923706055,10.079999923706055,10.079999923706055,0
2007-09-17,10.079999923706055,10.079999923706055,10.079999923706055,10.079999923706055,0
2007-09-18,10.069999694824219,10.069999694824219,10.069999694824219,10.069999694824219,0
2007-09-19,10.0600004196167,10.0600004196167,10.0600004196167,10.0600004196167,0
2007-09-20,10.020000457763672,10.020000457763672,10.020000457763672,10.020000457763672,0
2007-09-21,10.020000457763672,10.020000457763672,10.020000457763672,10.020000457763672,0
2007-09-24,10.029999732971191,10.029999732971191,10.029999732971191,10.029999732971191,0
2007-09-25,10.039999961853027,10.039999961853027,10.039999961853027,10.039999961853027,0
2007-09-26,10.039999961853027,10.039999961853027,10.039999961853027,10.039999961853027,0
2007-09-27,10.050000190734863,10.050000190734863,10.050000190734863,10.050000190734863,0
2007-09-28,10.0600004196167,10.0600004196167,10.0600004196167,10.0600004196167,0
2007-10-01,10.069999694824219,10.069999694824219,10.069999694824219,10.069999694824219,0
2007-10-02,10.079999923706055,10.079999923706055,10.079999923706055,10.079999923706055,0
2007-10-03,10.079999923706055,10.079999923706055,10.079999923706055,10.079999923706055,0
2007-10-04,10.09000015258789,10.09000015258789,10.09000015258789,10.09000015258789,0
2007-10-05,10.050000190734863,10.050000190734863,10.050000190734863,10.050000190734863,0
2007-10-08,10.050000190734863,10.050000190734863,10.050000190734863,10.050000190734863,0
2007-10-09,10.050000190734863,10.050000190734863,10.050000190734863,10.050000190734863,0
2007-10-10,10.039999961853027,10.039999961853027,10.039999961853027,10.039999961853027,0
2007-10-11,10.039999961853027,10.039999961853027,10.039999961853027,10.039999961853027,0
2007-10-12,10.039999961853027,10.039999961853027,10.039999961853027,10.039999961853027,0
2007-10-15,10.029999732971191,10.029999732971191,10.029999732971191,10.029999732971191,0
2007-10-16,10.050000190734863,10.050000190734863,10.050000190734863,10.050000190734863,0
2007-10-17,10.069999694824219,10.069999694824219,10.069999694824219,10.069999694824219,0
2007-10-18,10.09000015258789,10.09000015258789,10.09000015258789,10.09000015258789,0
2007-10-19,10.119999885559082,10.119999885559082,10.119999885559082,10.119999885559082,0
2007-10-22,10.119999885559082,10.119999885559082,10.119999885559082,10.119999885559082,0
2007-10-23,10.119999885559082,10.119999885559082,10.119999885559082,10.119999885559082,0
2007-10-24,10.140000343322754,10.140000343322754,10.140000343322754,10.140000343322754,0
2007-10-25,10.119999885559082,10.119999885559082,10.119999885559082,10.119999885559082,0
2007-10-26,10.100000381469727,10.100000381469727,10.100000381469727,10.100000381469727,0
2007-10-29,10.100000381469727,10.100000381469727,10.100000381469727,10.100000381469727,0
2007-10-30,10.079999923706055,10.079999923706055,10.079999923706055,10.079999923706055,0
2007-10-31,10.0600004196167,10.0600004196167,10.0600004196167,10.0600004196167,0
2007-11-01,10.079999923706055,10.079999923706055,10.079999923706055,10.079999923706055,0
2007-11-02,10.09000015258789,10.09000015258789,10.09000015258789,10.09000015258789,0
2007-11-05,10.0600004196167,10.0600004196167,10.0600004196167,10.0600004196167,0
2007-11-06,10.020000457763672,10.020000457763672,10.020000457763672,10.020000457763672,0
2007-11-07,10.010000228881836,10.010000228881836,10.010000228881836,10.010000228881836,0
2007-11-08,10.0,10.0,10.0,10.0,0
2007-11-09,10.0,10.0,10.0,10.0,0
2007-11-12,10.0,10.0,10.0,10.0,0
2007-11-13,10.0,10.0,10.0,10.0,0
2007-11-14,9.989999771118164,9.989999771118164,9.989999771118164,9.989999771118164,0
2007-11-15,10.020000457763672,10.020000457763672,10.020000457763672,10.020000457763672,0
2007-11-16,10.039999961853027,10.039999961853027,10.039999961853027,10.039999961853027,0
2007-11-19,10.0600004196167,10.0600004196167,10.0600004196167,10.0600004196167,0
2007-11-20,10.0600004196167,10.0600004196167,10.0600004196167,10.0600004196167,0
2007-11-21,10.069999694824219,10.069999694824219,10.069999694824219,10.069999694824219,0
2007-11-23,10.069999694824219,10.069999694824219,10.069999694824219,10.069999694824219,0
2007-11-26,10.109999656677246,10.109999656677246,10.109999656677246,10.109999656677246,0
2007-11-27,10.100000381469727,10.100000381469727,10.100000381469727,10.100000381469727,0
2007-11-28,10.100000381469727,10.100000381469727,10.100000381469727,10.100000381469727,0
2007-11-29,10.119999885559082,10.119999885559082,10.119999885559082,10.119999885559082,0
2007-11-30,10.119999885559082,10.119999885559082,10.119999885559082,10.119999885559082,0
2007-12-03,10.130000114440918,10.130000114440918,10.130000114440918,10.130000114440918,0
2007-12-04,10.140000343322754,10.140000343322754,10.140000343322754,10.140000343322754,0
2007-12-05,10.140000343322754,10.140000343322754,10.140000343322754,10.140000343322754,0
2007-12-06,10.130000114440918,10.130000114440918,10.130000114440918,10.130000114440918,0
2007-12-07,10.100000381469727,10.100000381469727,10.100000381469727,10.100000381469727,0
2007-12-10,10.09000015258789,10.09000015258789,10.09000015258789,10.09000015258789,0
2007-12-11,10.119999885559082,10.119999885559082,10.119999885559082,10.119999885559082,0
2007-12-12,10.100000381469727,10.100000381469727,10.100000381469727,10.100000381469727,0
2007-12-13,10.09000015258789,10.09000015258789,10.09000015258789,10.09000015258789,0
2007-12-14,10.079999923706055,10.079999923706055,10.079999923706055,10.079999923706055,0
2007-12-17,10.079999923706055,10.079999923706055,10.079999923706055,10.079999923706055,0
2007-12-18,10.09000015258789,10.09000015258789,10.09000015258789,10.09000015258789,0
2007-12-19,10.109999656677246,10.109999656677246,10.109999656677246,10.109999656677246,0
2007-12-20,10.119999885559082,10.119999885559082,10.119999885559082,10.119999885559082,0
2007-12-21,10.100000381469727,10.100000381469727,10.100000381469727,10.100000381469727,0
2007-12-24,10.09000015258789,10.09000015258789,10.09000015258789,10.09000015258789,0
2007-12-26,10.079999923706055,10.079999923706055,10.079999923706055,10.079999923706055,0
2007-12-27,10.079999923706055,10.079999923706055,10.079999923706055,10.079999923706055,0
2007-12-28,10.100000381469727,10.100000381469727,10.100000381469727,10.100000381469727,0
2007-12-31,10.109999656677246,10.109999656677246,10.109999656677246,10.109999656677246,0
2008-01-02,10.140000343322754,10.140000343322754,10.140000343322754,10.140000343322754,0
2008-01-03,10.170000076293945,10.170000076293945,10.170000076293945,10.170000076293945,0
2008-01-04,10.199999809265137,10.199999809265137,10.199999809265137,10.199999809265137,0
2008-01-07,10.229999542236328,10.229999542236328,10.229999542236328,10.229999542236328,0
2008-01-08,10.239999771118164,10.239999771118164,10.239999771118164,10.239999771118164,0
2008-01-09,10.260000228881836,10.260000228881836,10.260000228881836,10.260000228881836,0
2008-01-10,10.25,10.25,10.25,10.25,0
2008-01-11,10.270000457763672,10.270000457763672,10.270000457763672,10.270000457763672,0
2008-01-14,10.279999732971191,10.279999732971191,10.279999732971191,10.279999732971191,0
2008-01-15,10.300000190734863,10.300000190734863,10.300000190734863,10.300000190734863,0
2008-01-16,10.3100004196167,10.3100004196167,10.3100004196167,10.3100004196167,0
2008-01-17,10.319999694824219,10.319999694824219,10.319999694824219,10.319999694824219,0
2008-01-18,10.3100004196167,10.3100004196167,10.3100004196167,10.3100004196167,0
2008-01-22,10.329999923706055,10.329999923706055,10.329999923706055,10.329999923706055,0
2008-01-23,10.369999885559082,10.369999885559082,10.369999885559082,10.369999885559082,0
2008-01-24,10.279999732971191,10.279999732971191,10.279999732971191,10.279999732971191,0
2008-01-25,10.270000457763672,10.270000457763672,10.270000457763672,10.270000457763672,0
2008-01-28,10.260000228881836,10.260000228881836,10.260000228881836,10.260000228881836,0
2008-01-29,10.220000267028809,10.220000267028809,10.220000267028809,10.220000267028809,0
2008-01-30,10.199999809265137,10.199999809265137,10.199999809265137,10.199999809265137,0
2008-01-31,10.229999542236328,10.229999542236328,10.229999542236328,10.229999542236328,0
2008-02-01,10.25,10.25,10.25,10.25,0
2008-02-04,10.229999542236328,10.229999542236328,10.229999542236328,10.229999542236328,0
2008-02-05,10.260000228881836,10.260000228881836,10.260000228881836,10.260000228881836,0
2008-02-06,10.260000228881836,10.260000228881836,10.260000228881836,10.260000228881836,0
2008-02-07,10.229999542236328,10.229999542236328,10.229999542236328,10.229999542236328,0
2008-02-08,10.239999771118164,10.239999771118164,10.239999771118164,10.239999771118164,0
2008-02-11,10.25,10.25,10.25,10.25,0
2008-02-12,10.239999771118164,10.239999771118164,10.239999771118164,10.239999771118164,0
2008-02-13,10.220000267028809,10.220000267028809,10.220000267028809,10.220000267028809,0
2008-02-14,10.170000076293945,10.170000076293945,10.170000076293945,10.170000076293945,0
2008-02-15,10.140000343322754,10.140000343322754,10.140000343322754,10.140000343322754,0
2008-02-19,10.100000381469727,10.100000381469727,10.100000381469727,10.100000381469727,0
2008-02-20,10.079999923706055,10.079999923706055,10.079999923706055,10.079999923706055,0
2008-02-21,10.050000190734863,10.050000190734863,10.050000190734863,10.050000190734863,0
2008-02-22,10.010000228881836,10.010000228881836,10.010000228881836,10.010000228881836,0
2008-02-25,9.960000038146973,9.960000038146973,9.960000038146973,9.960000038146973,0
2008-02-26,9.920000076293945,9.920000076293945,9.920000076293945,9.920000076293945,0
2008-02-27,9.829999923706055,9.829999923706055,9.829999923706055,9.829999923706055,0
2008-02-28,9.720000267028809,9.720000267028809,9.720000267028809,9.720000267028809,0
2008-02-29,9.649999618530273,9.649999618530273,9.649999618530273,9.649999618530273,0
2008-03-03,9.6899995803833,9.6899995803833,9.6899995803833,9.6899995803833,0
2008-03-04,9.800000190734863,9.800000190734863,9.800000190734863,9.800000190734863,0
2008-03-05,9.859999656677246,9.859999656677246,9.859999656677246,9.859999656677246,0
2008-03-06,9.920000076293945,9.920000076293945,9.920000076293945,9.920000076293945,0
2008-03-07,9.970000267028809,9.970000267028809,9.970000267028809,9.970000267028809,0
2008-03-10,9.970000267028809,9.970000267028809,9.970000267028809,9.970000267028809,0
2008-03-11,9.930000305175781,9.930000305175781,9.930000305175781,9.930000305175781,0
2008-03-12,9.930000305175781,9.930000305175781,9.930000305175781,9.930000305175781,0
2008-03-13,9.920000076293945,9.920000076293945,9.920000076293945,9.920000076293945,0
2008-03-14,9.930000305175781,9.930000305175781,9.930000305175781,9.930000305175781,0
2008-03-17,9.930000305175781,9.930000305175781,9.930000305175781,9.930000305175781,0
2008-03-18,9.920000076293945,9.920000076293945,9.920000076293945,9.920000076293945,0
2008-03-19,9.920000076293945,9.920000076293945,9.920000076293945,9.920000076293945,0
2008-03-20,9.930000305175781,9.930000305175781,9.930000305175781,9.930000305175781,0
2008-03-24,9.90999984741211,9.90999984741211,9.90999984741211,9.90999984741211,0
2008-03-25,9.90999984741211,9.90999984741211,9.90999984741211,9.90999984741211,0
2008-03-26,9.90999984741211,9.90999984741211,9.90999984741211,9.90999984741211,0
2008-03-27,9.890000343322754,9.890000343322754,9.890000343322754,9.890000343322754,0
2008-03-28,9.899999618530273,9.899999618530273,9.899999618530273,9.899999618530273,0
2008-03-31,9.920000076293945,9.920000076293945,9.920000076293945,9.920000076293945,0
2008-04-01,9.899999618530273,9.899999618530273,9.899999618530273,9.899999618530273,0
2008-04-02,9.90999984741211,9.90999984741211,9.90999984741211,9.90999984741211,0
2008-04-03,9.930000305175781,9.930000305175781,9.930000305175781,9.930000305175781,0
2008-04-04,9.960000038146973,9.960000038146973,9.960000038146973,9.960000038146973,0
2008-04-07,9.960000038146973,9.960000038146973,9.960000038146973,9.960000038146973,0
2008-04-08,10.0,10.0,10.0,10.0,0
2008-04-09,10.0600004196167,10.0600004196167,10.0600004196167,10.0600004196167,0
2008-04-10,10.0600004196167,10.0600004196167,10.0600004196167,10.0600004196167,0
2008-04-11,10.100000381469727,10.100000381469727,10.100000381469727,10.100000381469727,0
2008-04-14,10.100000381469727,10.100000381469727,10.100000381469727,10.100000381469727,0
2008-04-15,10.09000015258789,10.09000015258789,10.09000015258789,10.09000015258789,0
2008-04-16,10.079999923706055,10.079999923706055,10.079999923706055,10.079999923706055,0
2008-04-17,10.069999694824219,10.069999694824219,10.069999694824219,10.069999694824219,0
2008-04-18,10.050000190734863,10.050000190734863,10.050000190734863,10.050000190734863,0
2008-04-21,10.050000190734863,10.050000190734863,10.050000190734863,10.050000190734863,0
2008-04-22,10.050000190734863,10.050000190734863,10.050000190734863,10.050000190734863,0
2008-04-23,10.039999961853027,10.039999961853027,10.039999961853027,10.039999961853027,0
2008-04-24,10.010000228881836,10.010000228881836,10.010000228881836,10.010000228881836,0
2008-04-25,10.0,10.0,10.0,10.0,0
2008-04-28,10.0,10.0,10.0,10.0,0
2008-04-29,10.010000228881836,10.010000228881836,10.010000228881836,10.010000228881836,0
2008-04-30,10.020000457763672,10.020000457763672,10.020000457763672,10.020000457763672,0
2008-05-01,10.029999732971191,10.029999732971191,10.029999732971191,10.029999732971191,0
2008-05-02,10.010000228881836,10.010000228881836,10.010000228881836,10.010000228881836,0
2008-05-05,10.010000228881836,10.010000228881836,10.010000228881836,10.010000228881836,0
2008-05-06,10.020000457763672,10.020000457763672,10.020000457763672,10.020000457763672,0
2008-05-07,10.020000457763672,10.020000457763672,10.020000457763672,10.020000457763672,0
2008-05-08,10.039999961853027,10.039999961853027,10.039999961853027,10.039999961853027,0
2008-05-09,10.069999694824219,10.069999694824219,10.069999694824219,10.069999694824219,0
2008-05-12,10.079999923706055,10.079999923706055,10.079999923706055,10.079999923706055,0
2008-05-13,10.0600004196167,10.0600004196167,10.0600004196167,10.0600004196167,0
2008-05-14,10.069999694824219,10.069999694824219,10.069999694824219,10.069999694824219,0
2008-05-15,10.09000015258789,10.09000015258789,10.09000015258789,10.09000015258789,0
2008-05-16,10.109999656677246,10.109999656677246,10.109999656677246,10.109999656677246,0
2008-05-19,10.100000381469727,10.100000381469727,10.100000381469727,10.100000381469727,0
2008-05-20,10.119999885559082,10.119999885559082,10.119999885559082,10.119999885559082,0
2008-05-21,10.119999885559082,10.119999885559082,10.119999885559082,10.119999885559082,0
2008-05-22,10.100000381469727,10.100000381469727,10.100000381469727,10.100000381469727,0
2008-05-23,10.109999656677246,10.109999656677246,10.109999656677246,10.109999656677246,0
2008-05-27,10.09000015258789,10.09000015258789,10.09000015258789,10.09000015258789,0
2008-05-28,10.069999694824219,10.069999694824219,10.069999694824219,10.069999694824219,0
2008-05-29,10.039999961853027,10.039999961853027,10.039999961853027,10.039999961853027,0
2008-05-30,10.0600004196167,10.0600004196167,10.0600004196167,10.0600004196167,0
2008-06-02,10.069999694824219,10.069999694824219,10.069999694824219,10.069999694824219,0
2008-06-03,10.079999923706055,10.079999923706055,10.079999923706055,10.079999923706055,0
2008-06-04,10.069999694824219,10.069999694824219,10.069999694824219,10.069999694824219,0
2008-06-05,10.050000190734863,10.050000190734863,10.050000190734863,10.050000190734863,0
2008-06-06,10.069999694824219,10.069999694824219,10.069999694824219,10.069999694824219,0
2008-06-09,10.0600004196167,10.0600004196167,10.0600004196167,10.0600004196167,0
2008-06-10,10.029999732971191,10.029999732971191,10.029999732971191,10.029999732971191,0
2008-06-11,10.029999732971191,10.029999732971191,10.029999732971191,10.029999732971191,0
2008-06-12,9.979999542236328,9.979999542236328,9.979999542236328,9.979999542236328,0
2008-06-13,9.970000267028809,9.970000267028809,9.970000267028809,9.970000267028809,0
2008-06-16,9.970000267028809,9.970000267028809,9.970000267028809,9.970000267028809,0
2008-06-17,9.960000038146973,9.960000038146973,9.960000038146973,9.960000038146973,0
2008-06-18,9.9399995803833,9.9399995803833,9.9399995803833,9.9399995803833,0
2008-06-19,9.90999984741211,9.90999984741211,9.90999984741211,9.90999984741211,0
2008-06-20,9.880000114440918,9.880000114440918,9.880000114440918,9.880000114440918,0
2008-06-23,9.869999885559082,9.869999885559082,9.869999885559082,9.869999885559082,0
2008-06-24,9.850000381469727,9.850000381469727,9.850000381469727,9.850000381469727,0
2008-06-25,9.850000381469727,9.850000381469727,9.850000381469727,9.850000381469727,0
2008-06-26,9.869999885559082,9.869999885559082,9.869999885559082,9.869999885559082,0
2008-06-27,9.899999618530273,9.899999618530273,9.899999618530273,9.899999618530273,0
2008-06-30,9.90999984741211,9.90999984741211,9.90999984741211,9.90999984741211,0
2008-07-01,9.949999809265137,9.949999809265137,9.949999809265137,9.949999809265137,0
2008-07-02,9.970000267028809,9.970000267028809,9.970000267028809,9.970000267028809,0
2008-07-03,9.970000267028809,9.970000267028809,9.970000267028809,9.970000267028809,0
2008-07-07,9.979999542236328,9.979999542236328,9.979999542236328,9.979999542236328,0
2008-07-08,10.0,10.0,10.0,10.0,0
2008-07-09,10.020000457763672,10.020000457763672,10.020000457763672,10.020000457763672,0
2008-07-10,10.039999961853027,10.039999961853027,10.039999961853027,10.039999961853027,0
2008-07-11,10.039999961853027,10.039999961853027,10.039999961853027,10.039999961853027,0
2008-07-14,10.039999961853027,10.039999961853027,10.039999961853027,10.039999961853027,0
2008-07-15,10.050000190734863,10.050000190734863,10.050000190734863,10.050000190734863,0
2008-07-16,10.029999732971191,10.029999732971191,10.029999732971191,10.029999732971191,0
2008-07-17,10.0,10.0,10.0,10.0,0
2008-07-18,9.979999542236328,9.979999542236328,9.979999542236328,9.979999542236328,0
2008-07-21,9.970000267028809,9.970000267028809,9.970000267028809,9.970000267028809,0
2008-07-22,9.930000305175781,9.930000305175781,9.930000305175781,9.930000305175781,0
2008-07-23,9.890000343322754,9.890000343322754,9.890000343322754,9.890000343322754,0
2008-07-24,9.920000076293945,9.920000076293945,9.920000076293945,9.920000076293945,0
2008-07-25,9.90999984741211,9.90999984741211,9.90999984741211,9.90999984741211,0
2008-07-28,9.920000076293945,9.920000076293945,9.920000076293945,9.920000076293945,0
2008-07-29,9.90999984741211,9.90999984741211,9.90999984741211,9.90999984741211,0
2008-07-30,9.90999984741211,9.90999984741211,9.90999984741211,9.90999984741211,0
2008-07-31,9.930000305175781,9.930000305175781,9.930000305175781,9.930000305175781,0
2008-08-01,9.930000305175781,9.930000305175781,9.930000305175781,9.930000305175781,0
2008-08-04,9.930000305175781,9.930000305175781,9.930000305175781,9.930000305175781,0
2008-08-05,9.920000076293945,9.920000076293945,9.920000076293945,9.920000076293945,0
2008-08-06,9.899999618530273,9.899999618530273,9.899999618530273,9.899999618530273,0
2008-08-07,9.930000305175781,9.930000305175781,9.930000305175781,9.930000305175781,0
2008-08-08,9.9399995803833,9.9399995803833,9.9399995803833,9.9399995803833,0
2008-08-11,9.9399995803833,9.9399995803833,9.9399995803833,9.9399995803833,0
2008-08-12,9.970000267028809,9.970000267028809,9.970000267028809,9.970000267028809,0
2008-08-13,9.989999771118164,9.989999771118164,9.989999771118164,9.989999771118164,0
2008-08-14,10.0,10.0,10.0,10.0,0
2008-08-15,10.020000457763672,10.020000457763672,10.020000457763672,10.020000457763672,0
2008-08-18,10.029999732971191,10.029999732971191,10.029999732971191,10.029999732971191,0
2008-08-19,10.029999732971191,10.029999732971191,10.029999732971191,10.029999732971191,0
2008-08-20,10.029999732971191,10.029999732971191,10.029999732971191,10.029999732971191,0
2008-08-21,10.020000457763672,10.020000457763672,10.020000457763672,10.020000457763672,0
2008-08-22,10.010000228881836,10.010000228881836,10.010000228881836,10.010000228881836,0
2008-08-25,10.020000457763672,10.020000457763672,10.020000457763672,10.020000457763672,0
2008-08-26,10.020000457763672,10.020000457763672,10.020000457763672,10.020000457763672,0
2008-08-27,10.010000228881836,10.010000228881836,10.010000228881836,10.010000228881836,0
2008-08-28,10.010000228881836,10.010000228881836,10.010000228881836,10.010000228881836,0
2008-08-29,10.010000228881836,10.010000228881836,10.010000228881836,10.010000228881836,0
2008-09-02,10.010000228881836,10.010000228881836,10.010000228881836,10.010000228881836,0
2008-09-03,10.029999732971191,10.029999732971191,10.029999732971191,10.029999732971191,0
2008-09-04,10.050000190734863,10.050000190734863,10.050000190734863,10.050000190734863,0
2008-09-05,10.0600004196167,10.0600004196167,10.0600004196167,10.0600004196167,0
2008-09-08,10.0600004196167,10.0600004196167,10.0600004196167,10.0600004196167,0
2008-09-09,10.079999923706055,10.079999923706055,10.079999923706055,10.079999923706055,0
2008-09-10,10.079999923706055,10.079999923706055,10.079999923706055,10.079999923706055,0
2008-09-11,10.079999923706055,10.079999923706055,10.079999923706055,10.079999923706055,0
2008-09-12,10.0600004196167,10.0600004196167,10.0600004196167,10.0600004196167,0
2008-09-15,10.020000457763672,10.020000457763672,10.020000457763672,10.020000457763672,0
2008-09-16,9.930000305175781,9.930000305175781,9.930000305175781,9.930000305175781,0
2008-09-17,9.890000343322754,9.890000343322754,9.890000343322754,9.890000343322754,0
2008-09-18,9.729999542236328,9.729999542236328,9.729999542236328,9.729999542236328,0
2008-09-19,9.8100004196167,9.8100004196167,9.8100004196167,9.8100004196167,0
2008-09-22,9.75,9.75,9.75,9.75,0
2008-09-23,9.710000038146973,9.710000038146973,9.710000038146973,9.710000038146973,0
2008-09-24,9.65999984741211,9.65999984741211,9.65999984741211,9.65999984741211,0
2008-09-25,9.630000114440918,9.630000114440918,9.630000114440918,9.630000114440918,0
2008-09-26,9.609999656677246,9.609999656677246,9.609999656677246,9.609999656677246,0
2008-09-29,9.5600004196167,9.5600004196167,9.5600004196167,9.5600004196167,0
2008-09-30,9.510000228881836,9.510000228881836,9.510000228881836,9.510000228881836,0
2008-10-01,9.5,9.5,9.5,9.5,0
2008-10-02,9.510000228881836,9.510000228881836,9.510000228881836,9.510000228881836,0
2008-10-03,9.539999961853027,9.539999961853027,9.539999961853027,9.539999961853027,0
2008-10-06,9.539999961853027,9.539999961853027,9.539999961853027,9.539999961853027,0
2008-10-07,9.510000228881836,9.510000228881836,9.510000228881836,9.510000228881836,0
2008-10-08,9.449999809265137,9.449999809265137,9.449999809265137,9.449999809265137,0
2008-10-09,9.359999656677246,9.359999656677246,9.359999656677246,9.359999656677246,0
2008-10-10,9.180000305175781,9.180000305175781,9.180000305175781,9.180000305175781,0
2008-10-13,9.180000305175781,9.180000305175781,9.180000305175781,9.180000305175781,0
2008-10-14,9.039999961853027,9.039999961853027,9.039999961853027,9.039999961853027,0
2008-10-15,9.0,9.0,9.0,9.0,0
2008-10-16,8.979999542236328,8.979999542236328,8.979999542236328,8.979999542236328,0
2008-10-17,9.010000228881836,9.010000228881836,9.010000228881836,9.010000228881836,0
2008-10-20,9.029999732971191,9.029999732971191,9.029999732971191,9.029999732971191,0
2008-10-21,9.130000114440918,9.130000114440918,9.130000114440918,9.130000114440918,0
2008-10-22,9.34000015258789,9.34000015258789,9.34000015258789,9.34000015258789,0
2008-10-23,9.4399995803833,9.4399995803833,9.4399995803833,9.4399995803833,0
2008-10-24,9.5,9.5,9.5,9.5,0
2008-10-27,9.5,9.5,9.5,9.5,0
2008-10-28,9.4399995803833,9.4399995803833,9.4399995803833,9.4399995803833,0
2008-10-29,9.420000076293945,9.420000076293945,9.420000076293945,9.420000076293945,0
2008-10-30,9.40999984741211,9.40999984741211,9.40999984741211,9.40999984741211,0
2008-10-31,9.430000305175781,9.430000305175781,9.430000305175781,9.430000305175781,0
2008-11-03,9.4399995803833,9.4399995803833,9.4399995803833,9.4399995803833,0
2008-11-04,9.460000038146973,9.460000038146973,9.460000038146973,9.460000038146973,0
2008-11-05,9.489999771118164,9.489999771118164,9.489999771118164,9.489999771118164,0
2008-11-06,9.520000457763672,9.520000457763672,9.520000457763672,9.520000457763672,0
2008-11-07,9.550000190734863,9.550000190734863,9.550000190734863,9.550000190734863,0
2008-11-10,9.539999961853027,9.539999961853027,9.539999961853027,9.539999961853027,0
2008-11-11,9.539999961853027,9.539999961853027,9.539999961853027,9.539999961853027,0
2008-11-12,9.5600004196167,9.5600004196167,9.5600004196167,9.5600004196167,0
2008-11-13,9.579999923706055,9.579999923706055,9.579999923706055,9.579999923706055,0
2008-11-14,9.579999923706055,9.579999923706055,9.579999923706055,9.579999923706055,0
2008-11-17,9.59000015258789,9.59000015258789,9.59000015258789,9.59000015258789,0
2008-11-18,9.609999656677246,9.609999656677246,9.609999656677246,9.609999656677246,0
2008-11-19,9.609999656677246,9.609999656677246,9.609999656677246,9.609999656677246,0
2008-11-20,9.600000381469727,9.600000381469727,9.600000381469727,9.600000381469727,0
2008-11-21,9.569999694824219,9.569999694824219,9.569999694824219,9.569999694824219,0
2008-11-24,9.510000228881836,9.510000228881836,9.510000228881836,9.510000228881836,0
2008-11-25,9.449999809265137,9.449999809265137,9.449999809265137,9.449999809265137,0
2008-11-26,9.4399995803833,9.4399995803833,9.4399995803833,9.4399995803833,0
2008-11-28,9.4399995803833,9.4399995803833,9.4399995803833,9.4399995803833,0
2008-12-01,9.420000076293945,9.420000076293945,9.420000076293945,9.420000076293945,0
2008-12-02,9.380000114440918,9.380000114440918,9.380000114440918,9.380000114440918,0
2008-12-03,9.350000381469727,9.350000381469727,9.350000381469727,9.350000381469727,0
2008-12-04,9.3100004196167,9.3100004196167,9.3100004196167,9.3100004196167,0
2008-12-05,9.279999732971191,9.279999732971191,9.279999732971191,9.279999732971191,0
2008-12-08,9.229999542236328,9.229999542236328,9.229999542236328,9.229999542236328,0
2008-12-09,9.199999809265137,9.199999809265137,9.199999809265137,9.199999809265137,0
2008-12-10,9.1899995803833,9.1899995803833,9.1899995803833,9.1899995803833,0
2008-12-11,9.15999984741211,9.15999984741211,9.15999984741211,9.15999984741211,0
2008-12-12,9.140000343322754,9.140000343322754,9.140000343322754,9.140000343322754,0
2008-12-15,9.130000114440918,9.130000114440918,9.130000114440918,9.130000114440918,0
2008-12-16,9.149999618530273,9.149999618530273,9.149999618530273,9.149999618530273,0
2008-12-17,9.239999771118164,9.239999771118164,9.239999771118164,9.239999771118164,0
2008-12-18,9.369999885559082,9.369999885559082,9.369999885559082,9.369999885559082,0
2008-12-19,9.420000076293945,9.420000076293945,9.420000076293945,9.420000076293945,0
2008-12-22,9.430000305175781,9.430000305175781,9.430000305175781,9.430000305175781,0
2008-12-23,9.460000038146973,9.460000038146973,9.460000038146973,9.460000038146973,0
2008-12-24,9.470000267028809,9.470000267028809,9.470000267028809,9.470000267028809,0
2008-12-26,9.470000267028809,9.470000267028809,9.470000267028809,9.470000267028809,0
2008-12-29,9.510000228881836,9.510000228881836,9.510000228881836,9.510000228881836,0
2008-12-30,9.539999961853027,9.539999961853027,9.539999961853027,9.539999961853027,0
2008-12-31,9.569999694824219,9.569999694824219,9.569999694824219,9.569999694824219,0
2009-01-02,9.579999923706055,9.579999923706055,9.579999923706055,9.579999923706055,0
2009-01-05,9.609999656677246,9.609999656677246,9.609999656677246,9.609999656677246,0
2009-01-06,9.649999618530273,9.649999618530273,9.649999618530273,9.649999618530273,0
2009-01-07,9.739999771118164,9.739999771118164,9.739999771118164,9.739999771118164,0
2009-01-08,9.800000190734863,9.800000190734863,9.800000190734863,9.800000190734863,0
2009-01-09,9.829999923706055,9.829999923706055,9.829999923706055,9.829999923706055,0
2009-01-12,9.859999656677246,9.859999656677246,9.859999656677246,9.859999656677246,0
2009-01-13,9.930000305175781,9.930000305175781,9.930000305175781,9.930000305175781,0
2009-01-14,10.0,10.0,10.0,10.0,0
2009-01-15,10.010000228881836,10.010000228881836,10.010000228881836,10.010000228881836,0
2009-01-16,9.989999771118164,9.989999771118164,9.989999771118164,9.989999771118164,0
2009-01-20,9.930000305175781,9.930000305175781,9.930000305175781,9.930000305175781,0
2009-01-21,9.869999885559082,9.869999885559082,9.869999885559082,9.869999885559082,0
2009-01-22,9.829999923706055,9.829999923706055,9.829999923706055,9.829999923706055,0
2009-01-23,9.819999694824219,9.819999694824219,9.819999694824219,9.819999694824219,0
2009-01-26,9.8100004196167,9.8100004196167,9.8100004196167,9.8100004196167,0
2009-01-27,9.829999923706055,9.829999923706055,9.829999923706055,9.829999923706055,0
2009-01-28,9.84000015258789,9.84000015258789,9.84000015258789,9.84000015258789,0
2009-01-29,9.859999656677246,9.859999656677246,9.859999656677246,9.859999656677246,0
2009-01-30,9.869999885559082,9.869999885559082,9.869999885559082,9.869999885559082,0
2009-02-02,9.890000343322754,9.890000343322754,9.890000343322754,9.890000343322754,0
2009-02-03,9.920000076293945,9.920000076293945,9.920000076293945,9.920000076293945,0
2009-02-04,9.9399995803833,9.9399995803833,9.9399995803833,9.9399995803833,0
2009-02-05,9.970000267028809,9.970000267028809,9.970000267028809,9.970000267028809,0
2009-02-06,9.970000267028809,9.970000267028809,9.970000267028809,9.970000267028809,0
2009-02-09,9.970000267028809,9.970000267028809,9.970000267028809,9.970000267028809,0
2009-02-10,9.970000267028809,9.970000267028809,9.970000267028809,9.970000267028809,0
2009-02-11,9.979999542236328,9.979999542236328,9.979999542236328,9.979999542236328,0
2009-02-12,9.989999771118164,9.989999771118164,9.989999771118164,9.989999771118164,0
2009-02-13,9.970000267028809,9.970000267028809,9.970000267028809,9.970000267028809,0
2009-02-17,9.960000038146973,9.960000038146973,9.960000038146973,9.960000038146973,0
2009-02-18,9.949999809265137,9.949999809265137,9.949999809265137,9.949999809265137,0
2009-02-19,9.920000076293945,9.920000076293945,9.920000076293945,9.920000076293945,0
2009-02-20,9.90999984741211,9.90999984741211,9.90999984741211,9.90999984741211,0
2009-02-23,9.880000114440918,9.880000114440918,9.880000114440918,9.880000114440918,0
2009-02-24,9.880000114440918,9.880000114440918,9.880000114440918,9.880000114440918,0
2009-02-25,9.859999656677246,9.859999656677246,9.859999656677246,9.859999656677246,0
2009-02-26,9.850000381469727,9.850000381469727,9.850000381469727,9.850000381469727,0
2009-02-27,9.84000015258789,9.84000015258789,9.84000015258789,9.84000015258789,0
2009-03-02,9.829999923706055,9.829999923706055,9.829999923706055,9.829999923706055,0
2009-03-03,9.8100004196167,9.8100004196167,9.8100004196167,9.8100004196167,0
2009-03-04,9.770000457763672,9.770000457763672,9.770000457763672,9.770000457763672,0
2009-03-05,9.770000457763672,9.770000457763672,9.770000457763672,9.770000457763672,0
2009-03-06,9.770000457763672,9.770000457763672,9.770000457763672,9.770000457763672,0
2009-03-09,9.760000228881836,9.760000228881836,9.760000228881836,9.760000228881836,0
2009-03-10,9.760000228881836,9.760000228881836,9.760000228881836,9.760000228881836,0
2009-03-11,9.760000228881836,9.760000228881836,9.760000228881836,9.760000228881836,0
2009-03-12,9.760000228881836,9.760000228881836,9.760000228881836,9.760000228881836,0
2009-03-13,9.75,9.75,9.75,9.75,0
2009-03-16,9.75,9.75,9.75,9.75,0
2009-03-17,9.6899995803833,9.6899995803833,9.6899995803833,9.6899995803833,0
2009-03-18,9.720000267028809,9.720000267028809,9.720000267028809,9.720000267028809,0
2009-03-19,9.800000190734863,9.800000190734863,9.800000190734863,9.800000190734863,0
2009-03-20,9.800000190734863,9.800000190734863,9.800000190734863,9.800000190734863,0
2009-03-23,9.800000190734863,9.800000190734863,9.800000190734863,9.800000190734863,0
2009-03-24,9.800000190734863,9.800000190734863,9.800000190734863,9.800000190734863,0
2009-03-25,9.789999961853027,9.789999961853027,9.789999961853027,9.789999961853027,0
2009-03-26,9.779999732971191,9.779999732971191,9.779999732971191,9.779999732971191,0
2009-03-27,9.779999732971191,9.779999732971191,9.779999732971191,9.779999732971191,0
2009-03-30,9.800000190734863,9.800000190734863,9.800000190734863,9.800000190734863,0
2009-03-31,9.819999694824219,9.819999694824219,9.819999694824219,9.819999694824219,0
2009-04-01,9.829999923706055,9.829999923706055,9.829999923706055,9.829999923706055,0
2009-04-02,9.829999923706055,9.829999923706055,9.829999923706055,9.829999923706055,0
2009-04-03,9.829999923706055,9.829999923706055,9.829999923706055,9.829999923706055,0
2009-04-06,9.829999923706055,9.829999923706055,9.829999923706055,9.829999923706055,0
2009-04-07,9.850000381469727,9.850000381469727,9.850000381469727,9.850000381469727,0
2009-04-08,9.850000381469727,9.850000381469727,9.850000381469727,9.850000381469727,0
2009-04-09,9.850000381469727,9.850000381469727,9.850000381469727,9.850000381469727,0
2009-04-13,9.850000381469727,9.850000381469727,9.850000381469727,9.850000381469727,0
2009-04-14,9.869999885559082,9.869999885559082,9.869999885559082,9.869999885559082,0
2009-04-15,9.890000343322754,9.890000343322754,9.890000343322754,9.890000343322754,0
2009-04-16,9.9399995803833,9.9399995803833,9.9399995803833,9.9399995803833,0
2009-04-17,9.979999542236328,9.979999542236328,9.979999542236328,9.979999542236328,0
2009-04-20,10.020000457763672,10.020000457763672,10.020000457763672,10.020000457763672,0
2009-04-21,10.050000190734863,10.050000190734863,10.050000190734863,10.050000190734863,0
2009-04-22,10.0600004196167,10.0600004196167,10.0600004196167,10.0600004196167,0
2009-04-23,10.039999961853027,10.039999961853027,10.039999961853027,10.039999961853027,0
2009-04-24,10.020000457763672,10.020000457763672,10.020000457763672,10.020000457763672,0
2009-04-27,10.010000228881836,10.010000228881836,10.010000228881836,10.010000228881836,0
2009-04-28,10.0,10.0,10.0,10.0,0
2009-04-29,9.979999542236328,9.979999542236328,9.979999542236328,9.979999542236328,0
2009-04-30,9.960000038146973,9.960000038146973,9.960000038146973,9.960000038146973,0
2009-05-01,9.949999809265137,9.949999809265137,9.949999809265137,9.949999809265137,0
2009-05-04,9.949999809265137,9.949999809265137,9.949999809265137,9.949999809265137,0
2009-05-05,9.949999809265137,9.949999809265137,9.949999809265137,9.949999809265137,0
2009-05-06,9.970000267028809,9.970000267028809,9.970000267028809,9.970000267028809,0
2009-05-07,9.989999771118164,9.989999771118164,9.989999771118164,9.989999771118164,0
2009-05-08,9.989999771118164,9.989999771118164,9.989999771118164,9.989999771118164,0
2009-05-11,10.010000228881836,10.010000228881836,10.010000228881836,10.010000228881836,0
2009-05-12,10.020000457763672,10.020000457763672,10.020000457763672,10.020000457763672,0
2009-05-13,10.039999961853027,10.039999961853027,10.039999961853027,10.039999961853027,0
2009-05-14,10.0600004196167,10.0600004196167,10.0600004196167,10.0600004196167,0
2009-05-15,10.0600004196167,10.0600004196167,10.0600004196167,10.0600004196167,0
2009-05-18,10.069999694824219,10.069999694824219,10.069999694824219,10.069999694824219,0
2009-05-19,10.09000015258789,10.09000015258789,10.09000015258789,10.09000015258789,0
2009-05-20,10.109999656677246,10.109999656677246,10.109999656677246,10.109999656677246,0
2009-05-21,10.109999656677246,10.109999656677246,10.109999656677246,10.109999656677246,0
2009-05-22,10.109999656677246,10.109999656677246,10.109999656677246,10.109999656677246,0
2009-05-26,10.09000015258789,10.09000015258789,10.09000015258789,10.09000015258789,0
2009-05-27,10.050000190734863,10.050000190734863,10.050000190734863,10.050000190734863,0
2009-05-28,10.010000228881836,10.010000228881836,10.010000228881836,10.010000228881836,0
2009-05-29,10.010000228881836,10.010000228881836,10.010000228881836,10.010000228881836,0
2009-06-01,9.960000038146973,9.960000038146973,9.960000038146973,9.960000038146973,0
2009-06-02,9.960000038146973,9.960000038146973,9.960000038146973,9.960000038146973,0
2009-06-03,9.960000038146973,9.960000038146973,9.960000038146973,9.960000038146973,0
2009-06-04,9.960000038146973,9.960000038146973,9.960000038146973,9.960000038146973,0
2009-06-05,9.949999809265137,9.949999809265137,9.949999809265137,9.949999809265137,0
2009-06-08,9.90999984741211,9.90999984741211,9.90999984741211,9.90999984741211,0
2009-06-09,9.880000114440918,9.880000114440918,9.880000114440918,9.880000114440918,0
2009-06-10,9.84000015258789,9.84000015258789,9.84000015258789,9.84000015258789,0
2009-06-11,9.819999694824219,9.819999694824219,9.819999694824219,9.819999694824219,0
2009-06-12,9.819999694824219,9.819999694824219,9.819999694824219,9.819999694824219,0
2009-06-15,9.819999694824219,9.819999694824219,9.819999694824219,9.819999694824219,0
2009-06-16,9.829999923706055,9.829999923706055,9.829999923706055,9.829999923706055,0
2009-06-17,9.850000381469727,9.850000381469727,9.850000381469727,9.850000381469727,0
2009-06-18,9.84000015258789,9.84000015258789,9.84000015258789,9.84000015258789,0
2009-06-19,9.84000015258789,9.84000015258789,9.84000015258789,9.84000015258789,0
2009-06-22,9.850000381469727,9.850000381469727,9.850000381469727,9.850000381469727,0
2009-06-23,9.859999656677246,9.859999656677246,9.859999656677246,9.859999656677246,0
2009-06-24,9.859999656677246,9.859999656677246,9.859999656677246,9.859999656677246,0
2009-06-25,9.869999885559082,9.869999885559082,9.869999885559082,9.869999885559082,0
2009-06-26,9.869999885559082,9.869999885559082,9.869999885559082,9.869999885559082,0
2009-06-29,9.880000114440918,9.880000114440918,9.880000114440918,9.880000114440918,0
2009-06-30,9.890000343322754,9.890000343322754,9.890000343322754,9.890000343322754,0
2009-07-01,9.890000343322754,9.890000343322754,9.890000343322754,9.890000343322754,0
2009-07-02,9.899999618530273,9.899999618530273,9.899999618530273,9.899999618530273,0
2009-07-06,9.899999618530273,9.899999618530273,9.899999618530273,9.899999618530273,0
2009-07-07,9.920000076293945,9.920000076293945,9.920000076293945,9.920000076293945,0
2009-07-08,9.949999809265137,9.949999809265137,9.949999809265137,9.949999809265137,0
2009-07-09,9.979999542236328,9.979999542236328,9.979999542236328,9.979999542236328,0
2009-07-10,10.010000228881836,10.010000228881836,10.010000228881836,10.010000228881836,0
2009-07-13,10.010000228881836,10.010000228881836,10.010000228881836,10.010000228881836,0
2009-07-14,10.020000457763672,10.020000457763672,10.020000457763672,10.020000457763672,0
2009-07-15,10.0,10.0,10.0,10.0,0
2009-07-16,10.0,10.0,10.0,10.0,0
2009-07-17,9.989999771118164,9.989999771118164,9.989999771118164,9.989999771118164,0
2009-07-20,9.989999771118164,9.989999771118164,9.989999771118164,9.989999771118164,0
2009-07-21,10.0,10.0,10.0,10.0,0
2009-07-22,10.0,10.0,10.0,10.0,0
2009-07-23,9.989999771118164,9.989999771118164,9.989999771118164,9.989999771118164,0
2009-07-24,9.989999771118164,9.989999771118164,9.989999771118164,9.989999771118164,0
2009-07-27,9.979999542236328,9.979999542236328,9.979999542236328,9.979999542236328,0
2009-07-28,9.979999542236328,9.979999542236328,9.979999542236328,9.979999542236328,0
2009-07-29,10.0,10.0,10.0,10.0,0
2009-07-30,10.0,10.0,10.0,10.0,0
2009-07-31,10.010000228881836,10.010000228881836,10.010000228881836,10.010000228881836,0
2009-08-03,10.010000228881836,10.010000228881836,10.010000228881836,10.010000228881836,0
2009-08-04,10.010000228881836,10.010000228881836,10.010000228881836,10.010000228881836,0
2009-08-05,10.020000457763672,10.020000457763672,10.020000457763672,10.020000457763672,0
2009-08-06,10.029999732971191,10.029999732971191,10.029999732971191,10.029999732971191,0
2009-08-07,10.020000457763672,10.020000457763672,10.020000457763672,10.020000457763672,0
2009-08-10,10.020000457763672,10.020000457763672,10.020000457763672,10.020000457763672,0
2009-08-11,10.029999732971191,10.029999732971191,10.029999732971191,10.029999732971191,0
2009-08-12,10.029999732971191,10.029999732971191,10.029999732971191,10.029999732971191,0
2009-08-13,10.029999732971191,10.029999732971191,10.029999732971191,10.029999732971191,0
2009-08-14,10.039999961853027,10.039999961853027,10.039999961853027,10.039999961853027,0
2009-08-17,10.050000190734863,10.050000190734863,10.050000190734863,10.050000190734863,0
2009-08-18,10.0600004196167,10.0600004196167,10.0600004196167,10.0600004196167,0
2009-08-19,10.069999694824219,10.069999694824219,10.069999694824219,10.069999694824219,0
2009-08-20,10.079999923706055,10.079999923706055,10.079999923706055,10.079999923706055,0
2009-08-21,10.079999923706055,10.079999923706055,10.079999923706055,10.079999923706055,0
2009-08-24,10.079999923706055,10.079999923706055,10.079999923706055,10.079999923706055,0
2009-08-25,10.069999694824219,10.069999694824219,10.069999694824219,10.069999694824219,0
2009-08-26,10.079999923706055,10.079999923706055,10.079999923706055,10.079999923706055,0
2009-08-27,10.100000381469727,10.100000381469727,10.100000381469727,10.100000381469727,0
2009-08-28,10.119999885559082,10.119999885559082,10.119999885559082,10.119999885559082,0
2009-08-31,10.119999885559082,10.119999885559082,10.119999885559082,10.119999885559082,0
2009-09-01,10.140000343322754,10.140000343322754,10.140000343322754,10.140000343322754,0
2009-09-02,10.1899995803833,10.1899995803833,10.1899995803833,10.1899995803833,0
2009-09-03,10.199999809265137,10.199999809265137,10.199999809265137,10.199999809265137,0
2009-09-04,10.220000267028809,10.220000267028809,10.220000267028809,10.220000267028809,0
2009-09-08,10.220000267028809,10.220000267028809,10.220000267028809,10.220000267028809,0
2009-09-09,10.220000267028809,10.220000267028809,10.220000267028809,10.220000267028809,0
2009-09-10,10.239999771118164,10.239999771118164,10.239999771118164,10.239999771118164,0
2009-09-11,10.279999732971191,10.279999732971191,10.279999732971191,10.279999732971191,0
2009-09-14,10.279999732971191,10.279999732971191,10.279999732971191,10.279999732971191,0
2009-09-15,10.289999961853027,10.289999961853027,10.289999961853027,10.289999961853027,0
2009-09-16,10.300000190734863,10.300000190734863,10.300000190734863,10.300000190734863,0
2009-09-17,10.329999923706055,10.329999923706055,10.329999923706055,10.329999923706055,0
2009-09-18,10.350000381469727,10.350000381469727,10.350000381469727,10.350000381469727,0
2009-09-21,10.350000381469727,10.350000381469727,10.350000381469727,10.350000381469727,0
2009-09-22,10.380000114440918,10.380000114440918,10.380000114440918,10.380000114440918,0
2009-09-23,10.390000343322754,10.390000343322754,10.390000343322754,10.390000343322754,0
2009-09-24,10.399999618530273,10.399999618530273,10.399999618530273,10.399999618530273,0
2009-09-25,10.40999984741211,10.40999984741211,10.40999984741211,10.40999984741211,0
2009-09-28,10.40999984741211,10.40999984741211,10.40999984741211,10.40999984741211,0
2009-09-29,10.420000076293945,10.420000076293945,10.420000076293945,10.420000076293945,0
2009-09-30,10.4399995803833,10.4399995803833,10.4399995803833,10.4399995803833,0
2009-10-01,10.460000038146973,10.460000038146973,10.460000038146973,10.460000038146973,0
2009-10-02,10.460000038146973,10.460000038146973,10.460000038146973,10.460000038146973,0
2009-10-05,10.460000038146973,10.460000038146973,10.460000038146973,10.460000038146973,0
2009-10-06,10.4399995803833,10.4399995803833,10.4399995803833,10.4399995803833,0
2009-10-07,10.40999984741211,10.40999984741211,10.40999984741211,10.40999984741211,0
2009-10-08,10.369999885559082,10.369999885559082,10.369999885559082,10.369999885559082,0
2009-10-09,10.329999923706055,10.329999923706055,10.329999923706055,10.329999923706055,0
2009-10-12,10.329999923706055,10.329999923706055,10.329999923706055,10.329999923706055,0
2009-10-13,10.270000457763672,10.270000457763672,10.270000457763672,10.270000457763672,0
2009-10-14,10.1899995803833,10.1899995803833,10.1899995803833,10.1899995803833,0
2009-10-15,10.180000305175781,10.180000305175781,10.180000305175781,10.180000305175781,0
2009-10-16,10.1899995803833,10.1899995803833,10.1899995803833,10.1899995803833,0
2009-10-19,10.180000305175781,10.180000305175781,10.180000305175781,10.180000305175781,0
2009-10-20,10.180000305175781,10.180000305175781,10.180000305175781,10.180000305175781,0
2009-10-21,10.1899995803833,10.1899995803833,10.1899995803833,10.1899995803833,0
2009-10-22,10.1899995803833,10.1899995803833,10.1899995803833,10.1899995803833,0
2009-10-23,10.180000305175781,10.180000305175781,10.180000305175781,10.180000305175781,0
2009-10-26,10.180000305175781,10.180000305175781,10.180000305175781,10.180000305175781,0
2009-10-27,10.15999984741211,10.15999984741211,10.15999984741211,10.15999984741211,0
2009-10-28,10.149999618530273,10.149999618530273,10.149999618530273,10.149999618530273,0
2009-10-29,10.130000114440918,10.130000114440918,10.130000114440918,10.130000114440918,0
2009-10-30,10.119999885559082,10.119999885559082,10.119999885559082,10.119999885559082,0
2009-11-02,10.119999885559082,10.119999885559082,10.119999885559082,10.119999885559082,0
2009-11-03,10.130000114440918,10.130000114440918,10.130000114440918,10.130000114440918,0
2009-11-04,10.130000114440918,10.130000114440918,10.130000114440918,10.130000114440918,0
2009-11-05,10.130000114440918,10.130000114440918,10.130000114440918,10.130000114440918,0
2009-11-06,10.130000114440918,10.130000114440918,10.130000114440918,10.130000114440918,0
2009-11-09,10.130000114440918,10.130000114440918,10.130000114440918,10.130000114440918,0
2009-11-10,10.119999885559082,10.119999885559082,10.119999885559082,10.119999885559082,0
2009-11-11,10.119999885559082,10.119999885559082,10.119999885559082,10.119999885559082,0
2009-11-12,10.140000343322754,10.140000343322754,10.140000343322754,10.140000343322754,0
2009-11-13,10.140000343322754,10.140000343322754,10.140000343322754,10.140000343322754,0
2009-11-16,10.149999618530273,10.149999618530273,10.149999618530273,10.149999618530273,0
2009-11-17,10.149999618530273,10.149999618530273,10.149999618530273,10.149999618530273,0
2009-11-18,10.149999618530273,10.149999618530273,10.149999618530273,10.149999618530273,0
2009-11-19,10.15999984741211,10.15999984741211,10.15999984741211,10.15999984741211,0
2009-11-20,10.170000076293945,10.170000076293945,10.170000076293945,10.170000076293945,0
2009-11-23,10.180000305175781,10.180000305175781,10.180000305175781,10.180000305175781,0
2009-11-24,10.180000305175781,10.180000305175781,10.180000305175781,10.180000305175781,0
2009-11-25,10.180000305175781,10.180000305175781,10.180000305175781,10.180000305175781,0
2009-11-27,10.1899995803833,10.1899995803833,10.1899995803833,10.1899995803833,0
2009-11-30,10.1899995803833,10.1899995803833,10.1899995803833,10.1899995803833,0
2009-12-01,10.210000038146973,10.210000038146973,10.210000038146973,10.210000038146973,0
2009-12-02,10.229999542236328,10.229999542236328,10.229999542236328,10.229999542236328,0
2009-12-03,10.239999771118164,10.239999771118164,10.239999771118164,10.239999771118164,0
2009-12-04,10.239999771118164,10.239999771118164,10.239999771118164,10.239999771118164,0
2009-12-07,10.239999771118164,10.239999771118164,10.239999771118164,10.239999771118164,0
2009-12-08,10.260000228881836,10.260000228881836,10.260000228881836,10.260000228881836,0
2009-12-09,10.270000457763672,10.270000457763672,10.270000457763672,10.270000457763672,0
2009-12-10,10.25,10.25,10.25,10.25,0
2009-12-11,10.239999771118164,10.239999771118164,10.239999771118164,10.239999771118164,0
2009-12-14,10.239999771118164,10.239999771118164,10.239999771118164,10.239999771118164,0
2009-12-15,10.229999542236328,10.229999542236328,10.229999542236328,10.229999542236328,0
2009-12-16,10.229999542236328,10.229999542236328,10.229999542236328,10.229999542236328,0
2009-12-17,10.239999771118164,10.239999771118164,10.239999771118164,10.239999771118164,0
2009-12-18,10.239999771118164,10.239999771118164,10.239999771118164,10.239999771118164,0
2009-12-21,10.239999771118164,10.239999771118164,10.239999771118164,10.239999771118164,0
2009-12-22,10.210000038146973,10.210000038146973,10.210000038146973,10.210000038146973,0
2009-12-23,10.210000038146973,10.210000038146973,10.210000038146973,10.210000038146973,0
2009-12-24,10.210000038146973,10.210000038146973,10.210000038146973,10.210000038146973,0
2009-12-28,10.210000038146973,10.210000038146973,10.210000038146973,10.210000038146973,0
2009-12-29,10.210000038146973,10.210000038146973,10.210000038146973,10.210000038146973,0
2009-12-30,10.210000038146973,10.210000038146973,10.210000038146973,10.210000038146973,0
2009-12-31,10.199999809265137,10.199999809265137,10.199999809265137,10.199999809265137,0
2010-01-04,10.199999809265137,10.199999809265137,10.199999809265137,10.199999809265137,0
2010-01-05,10.199999809265137,10.199999809265137,10.199999809265137,10.199999809265137,0
2010-01-06,10.199999809265137,10.199999809265137,10.199999809265137,10.199999809265137,0
2010-01-07,10.199999809265137,10.199999809265137,10.199999809265137,10.199999809265137,0
2010-01-08,10.199999809265137,10.199999809265137,10.199999809265137,10.199999809265137,0
2010-01-11,10.199999809265137,10.199999809265137,10.199999809265137,10.199999809265137,0
2010-01-12,10.210000038146973,10.210000038146973,10.210000038146973,10.210000038146973,0
2010-01-13,10.210000038146973,10.210000038146973,10.210000038146973,10.210000038146973,0
2010-01-14,10.210000038146973,10.210000038146973,10.210000038146973,10.210000038146973,0
2010-01-15,10.220000267028809,10.220000267028809,10.220000267028809,10.220000267028809,0
2010-01-19,10.210000038146973,10.210000038146973,10.210000038146973,10.210000038146973,0
2010-01-20,10.220000267028809,10.220000267028809,10.220000267028809,10.220000267028809,0
2010-01-21,10.229999542236328,10.229999542236328,10.229999542236328,10.229999542236328,0
2010-01-22,10.229999542236328,10.229999542236328,10.229999542236328,10.229999542236328,0
2010-01-25,10.220000267028809,10.220000267028809,10.220000267028809,10.220000267028809,0
2010-01-26,10.199999809265137,10.199999809265137,10.199999809265137,10.199999809265137,0
2010-01-27,10.1899995803833,10.1899995803833,10.1899995803833,10.1899995803833,0
2010-01-28,10.1899995803833,10.1899995803833,10.1899995803833,10.1899995803833,0
2010-01-29,10.1899995803833,10.1899995803833,10.1899995803833,10.1899995803833,0
2010-02-01,10.1899995803833,10.1899995803833,10.1899995803833,10.1899995803833,0
2010-02-02,10.210000038146973,10.210000038146973,10.210000038146973,10.210000038146973,0
2010-02-03,10.210000038146973,10.210000038146973,10.210000038146973,10.210000038146973,0
2010-02-04,10.229999542236328,10.229999542236328,10.229999542236328,10.229999542236328,0
2010-02-05,10.239999771118164,10.239999771118164,10.239999771118164,10.239999771118164,0
2010-02-08,10.239999771118164,10.239999771118164,10.239999771118164,10.239999771118164,0
2010-02-09,10.229999542236328,10.229999542236328,10.229999542236328,10.229999542236328,0
2010-02-10,10.229999542236328,10.229999542236328,10.229999542236328,10.229999542236328,0
2010-02-11,10.229999542236328,10.229999542236328,10.229999542236328,10.229999542236328,0
2010-02-12,10.229999542236328,10.229999542236328,10.229999542236328,10.229999542236328,0
2010-02-16,10.229999542236328,10.229999542236328,10.229999542236328,10.229999542236328,0
2010-02-17,10.229999542236328,10.229999542236328,10.229999542236328,10.229999542236328,0
2010-02-18,10.220000267028809,10.220000267028809,10.220000267028809,10.220000267028809,0
2010-02-19,10.220000267028809,10.220000267028809,10.220000267028809,10.220000267028809,0
2010-02-22,10.220000267028809,10.220000267028809,10.220000267028809,10.220000267028809,0
2010-02-23,10.229999542236328,10.229999542236328,10.229999542236328,10.229999542236328,0
2010-02-24,10.229999542236328,10.229999542236328,10.229999542236328,10.229999542236328,0
2010-02-25,10.239999771118164,10.239999771118164,10.239999771118164,10.239999771118164,0
2010-02-26,10.239999771118164,10.239999771118164,10.239999771118164,10.239999771118164,0
2010-03-01,10.239999771118164,10.239999771118164,10.239999771118164,10.239999771118164,0
2010-03-02,10.239999771118164,10.239999771118164,10.239999771118164,10.239999771118164,0
2010-03-03,10.25,10.25,10.25,10.25,0
2010-03-04,10.260000228881836,10.260000228881836,10.260000228881836,10.260000228881836,0
2010-03-05,10.260000228881836,10.260000228881836,10.260000228881836,10.260000228881836,0
2010-03-08,10.260000228881836,10.260000228881836,10.260000228881836,10.260000228881836,0
2010-03-09,10.260000228881836,10.260000228881836,10.260000228881836,10.260000228881836,0
2010-03-10,10.260000228881836,10.260000228881836,10.260000228881836,10.260000228881836,0
2010-03-11,10.260000228881836,10.260000228881836,10.260000228881836,10.260000228881836,0
2010-03-12,10.260000228881836,10.260000228881836,10.260000228881836,10.260000228881836,0
2010-03-15,10.25,10.25,10.25,10.25,0
2010-03-16,10.25,10.25,10.25,10.25,0
2010-03-17,10.25,10.25,10.25,10.25,0
2010-03-18,10.25,10.25,10.25,10.25,0
2010-03-19,10.25,10.25,10.25,10.25,0
2010-03-22,10.239999771118164,10.239999771118164,10.239999771118164,10.239999771118164,0
2010-03-23,10.229999542236328,10.229999542236328,10.229999542236328,10.229999542236328,0
2010-03-24,10.210000038146973,10.210000038146973,10.210000038146973,10.210000038146973,0
2010-03-25,10.180000305175781,10.180000305175781,10.180000305175781,10.180000305175781,0
2010-03-26,10.170000076293945,10.170000076293945,10.170000076293945,10.170000076293945,0
2010-03-29,10.15999984741211,10.15999984741211,10.15999984741211,10.15999984741211,0
2010-03-30,10.149999618530273,10.149999618530273,10.149999618530273,10.149999618530273,0
2010-03-31,10.149999618530273,10.149999618530273,10.149999618530273,10.149999618530273,0
2010-04-01,10.149999618530273,10.149999618530273,10.149999618530273,10.149999618530273,0
2010-04-05,10.149999618530273,10.149999618530273,10.149999618530273,10.149999618530273,0
2010-04-06,10.140000343322754,10.140000343322754,10.140000343322754,10.140000343322754,0
2010-04-07,10.130000114440918,10.130000114440918,10.130000114440918,10.130000114440918,0
2010-04-08,10.140000343322754,10.140000343322754,10.140000343322754,10.140000343322754,0
2010-04-09,10.140000343322754,10.140000343322754,10.140000343322754,10.140000343322754,0
2010-04-12,10.140000343322754,10.140000343322754,10.140000343322754,10.140000343322754,0
2010-04-13,10.15999984741211,10.15999984741211,10.15999984741211,10.15999984741211,0
2010-04-14,10.170000076293945,10.170000076293945,10.170000076293945,10.170000076293945,0
2010-04-15,10.170000076293945,10.170000076293945,10.170000076293945,10.170000076293945,0
2010-04-16,10.180000305175781,10.180000305175781,10.180000305175781,10.180000305175781,0
2010-04-19,10.180000305175781,10.180000305175781,10.180000305175781,10.180000305175781,0
2010-04-20,10.180000305175781,10.180000305175781,10.180000305175781,10.180000305175781,0
2010-04-21,10.199999809265137,10.199999809265137,10.199999809265137,10.199999809265137,0
2010-04-22,10.199999809265137,10.199999809265137,10.199999809265137,10.199999809265137,0
2010-04-23,10.199999809265137,10.199999809265137,10.199999809265137,10.199999809265137,0
2010-04-26,10.199999809265137,10.199999809265137,10.199999809265137,10.199999809265137,0
2010-04-27,10.220000267028809,10.220000267028809,10.220000267028809,10.220000267028809,0
2010-04-28,10.220000267028809,10.220000267028809,10.220000267028809,10.220000267028809,0
2010-04-29,10.220000267028809,10.220000267028809,10.220000267028809,10.220000267028809,0
2010-04-30,10.229999542236328,10.229999542236328,10.229999542236328,10.229999542236328,0
2010-05-03,10.220000267028809,10.220000267028809,10.220000267028809,10.220000267028809,0
2010-05-04,10.220000267028809,10.220000267028809,10.220000267028809,10.220000267028809,0
2010-05-05,10.229999542236328,10.229999542236328,10.229999542236328,10.229999542236328,0
2010-05-06,10.25,10.25,10.25,10.25,0
2010-05-07,10.239999771118164,10.239999771118164,10.239999771118164,10.239999771118164,0
2010-05-10,10.229999542236328,10.229999542236328,10.229999542236328,10.229999542236328,0
2010-05-11,10.229999542236328,10.229999542236328,10.229999542236328,10.229999542236328,0
2010-05-12,10.229999542236328,10.229999542236328,10.229999542236328,10.229999542236328,0
2010-05-13,10.239999771118164,10.239999771118164,10.239999771118164,10.239999771118164,0
2010-05-14,10.25,10.25,10.25,10.25,0
2010-05-17,10.25,10.25,10.25,10.25,0
2010-05-18,10.25,10.25,10.25,10.25,0
2010-05-19,10.260000228881836,10.260000228881836,10.260000228881836,10.260000228881836,0
2010-05-20,10.270000457763672,10.270000457763672,10.270000457763672,10.270000457763672,0
2010-05-21,10.279999732971191,10.279999732971191,10.279999732971191,10.279999732971191,0
2010-05-24,10.289999961853027,10.289999961853027,10.289999961853027,10.289999961853027,0
2010-05-25,10.300000190734863,10.300000190734863,10.300000190734863,10.300000190734863,0
2010-05-26,10.300000190734863,10.300000190734863,10.300000190734863,10.300000190734863,0
2010-05-27,10.279999732971191,10.279999732971191,10.279999732971191,10.279999732971191,0
2010-05-28,10.279999732971191,10.279999732971191,10.279999732971191,10.279999732971191,0
2010-06-01,10.279999732971191,10.279999732971191,10.279999732971191,10.279999732971191,0
2010-06-02,10.279999732971191,10.279999732971191,10.279999732971191,10.279999732971191,0
2010-06-03,10.270000457763672,10.270000457763672,10.270000457763672,10.270000457763672,0
2010-06-04,10.270000457763672,10.270000457763672,10.270000457763672,10.270000457763672,0
2010-06-07,10.270000457763672,10.270000457763672,10.270000457763672,10.270000457763672,0
2010-06-08,10.270000457763672,10.270000457763672,10.270000457763672,10.270000457763672,0
2010-06-09,10.270000457763672,10.270000457763672,10.270000457763672,10.270000457763672,0
2010-06-10,10.239999771118164,10.239999771118164,10.239999771118164,10.239999771118164,0
2010-06-11,10.239999771118164,10.239999771118164,10.239999771118164,10.239999771118164,0
2010-06-14,10.220000267028809,10.220000267028809,10.220000267028809,10.220000267028809,0
2010-06-15,10.210000038146973,10.210000038146973,10.210000038146973,10.210000038146973,0
2010-06-16,10.210000038146973,10.210000038146973,10.210000038146973,10.210000038146973,0
2010-06-17,10.210000038146973,10.210000038146973,10.210000038146973,10.210000038146973,0
2010-06-18,10.210000038146973,10.210000038146973,10.210000038146973,10.210000038146973,0
2010-06-21,10.210000038146973,10.210000038146973,10.210000038146973,10.210000038146973,0
2010-06-22,10.210000038146973,10.210000038146973,10.210000038146973,10.210000038146973,0
2010-06-23,10.220000267028809,10.220000267028809,10.220000267028809,10.220000267028809,0
2010-06-24,10.220000267028809,10.220000267028809,10.220000267028809,10.220000267028809,0
2010-06-25,10.229999542236328,10.229999542236328,10.229999542236328,10.229999542236328,0
2010-06-28,10.239999771118164,10.239999771118164,10.239999771118164,10.239999771118164,0
2010-06-29,10.239999771118164,10.239999771118164,10.239999771118164,10.239999771118164,0
2010-06-30,10.25,10.25,10.25,10.25,0
2010-07-01,10.270000457763672,10.270000457763672,10.270000457763672,10.270000457763672,0
2010-07-02,10.270000457763672,10.270000457763672,10.270000457763672,10.270000457763672,0
2010-07-06,10.270000457763672,10.270000457763672,10.270000457763672,10.270000457763672,0
2010-07-07,10.289999961853027,10.289999961853027,10.289999961853027,10.289999961853027,0
2010-07-08,10.289999961853027,10.289999961853027,10.289999961853027,10.289999961853027,0
2010-07-09,10.289999961853027,10.289999961853027,10.289999961853027,10.289999961853027,0
2010-07-12,10.300000190734863,10.300000190734863,10.300000190734863,10.300000190734863,0
2010-07-13,10.300000190734863,10.300000190734863,10.300000190734863,10.300000190734863,0
2010-07-14,10.300000190734863,10.300000190734863,10.300000190734863,10.300000190734863,0
2010-07-15,10.319999694824219,10.319999694824219,10.319999694824219,10.319999694824219,0
2010-07-16,10.319999694824219,10.319999694824219,10.319999694824219,10.319999694824219,0
2010-07-19,10.329999923706055,10.329999923706055,10.329999923706055,10.329999923706055,0
2010-07-20,10.34000015258789,10.34000015258789,10.34000015258789,10.34000015258789,0
2010-07-21,10.350000381469727,10.350000381469727,10.350000381469727,10.350000381469727,0
2010-07-22,10.350000381469727,10.350000381469727,10.350000381469727,10.350000381469727,0
2010-07-23,10.350000381469727,10.350000381469727,10.350000381469727,10.350000381469727,0
2010-07-26,10.350000381469727,10.350000381469727,10.350000381469727,10.350000381469727,0
2010-07-27,10.350000381469727,10.350000381469727,10.350000381469727,10.350000381469727,0
2010-07-28,10.350000381469727,10.350000381469727,10.350000381469727,10.350000381469727,0
2010-07-29,10.350000381469727,10.350000381469727,10.350000381469727,10.350000381469727,0
2010-07-30,10.350000381469727,10.350000381469727,10.350000381469727,10.350000381469727,0
2010-08-02,10.350000381469727,10.350000381469727,10.350000381469727,10.350000381469727,0
2010-08-03,10.359999656677246,10.359999656677246,10.359999656677246,10.359999656677246,0
2010-08-04,10.359999656677246,10.359999656677246,10.359999656677246,10.359999656677246,0
2010-08-05,10.369999885559082,10.369999885559082,10.369999885559082,10.369999885559082,0
2010-08-06,10.380000114440918,10.380000114440918,10.380000114440918,10.380000114440918,0
2010-08-09,10.380000114440918,10.380000114440918,10.380000114440918,10.380000114440918,0
2010-08-10,10.399999618530273,10.399999618530273,10.399999618530273,10.399999618530273,0
2010-08-11,10.420000076293945,10.420000076293945,10.420000076293945,10.420000076293945,0
2010-08-12,10.430000305175781,10.430000305175781,10.430000305175781,10.430000305175781,0
2010-08-13,10.4399995803833,10.4399995803833,10.4399995803833,10.4399995803833,0
2010-08-16,10.449999809265137,10.449999809265137,10.449999809265137,10.449999809265137,0
2010-08-17,10.460000038146973,10.460000038146973,10.460000038146973,10.460000038146973,0
2010-08-18,10.479999542236328,10.479999542236328,10.479999542236328,10.479999542236328,0
2010-08-19,10.489999771118164,10.489999771118164,10.489999771118164,10.489999771118164,0
2010-08-20,10.5,10.5,10.5,10.5,0
2010-08-23,10.5,10.5,10.5,10.5,0
2010-08-24,10.529999732971191,10.529999732971191,10.529999732971191,10.529999732971191,0
2010-08-25,10.5600004196167,10.5600004196167,10.5600004196167,10.5600004196167,0
2010-08-26,10.5600004196167,10.5600004196167,10.5600004196167,10.5600004196167,0
2010-08-27,10.550000190734863,10.550000190734863,10.550000190734863,10.550000190734863,0
2010-08-30,10.550000190734863,10.550000190734863,10.550000190734863,10.550000190734863,0
2010-08-31,10.5600004196167,10.5600004196167,10.5600004196167,10.5600004196167,0
2010-09-01,10.550000190734863,10.550000190734863,10.550000190734863,10.550000190734863,0
2010-09-02,10.550000190734863,10.550000190734863,10.550000190734863,10.550000190734863,0
2010-09-03,10.529999732971191,10.529999732971191,10.529999732971191,10.529999732971191,0
2010-09-07,10.529999732971191,10.529999732971191,10.529999732971191,10.529999732971191,0
2010-09-08,10.510000228881836,10.510000228881836,10.510000228881836,10.510000228881836,0
2010-09-09,10.5,10.5,10.5,10.5,0
2010-09-10,10.489999771118164,10.489999771118164,10.489999771118164,10.489999771118164,0
2010-09-13,10.489999771118164,10.489999771118164,10.489999771118164,10.489999771118164,0
2010-09-14,10.489999771118164,10.489999771118164,10.489999771118164,10.489999771118164,0
2010-09-15,10.489999771118164,10.489999771118164,10.489999771118164,10.489999771118164,0
2010-09-16,10.479999542236328,10.479999542236328,10.479999542236328,10.479999542236328,0
2010-09-17,10.479999542236328,10.479999542236328,10.479999542236328,10.479999542236328,0
2010-09-20,10.470000267028809,10.470000267028809,10.470000267028809,10.470000267028809,0
2010-09-21,10.479999542236328,10.479999542236328,10.479999542236328,10.479999542236328,0
2010-09-22,10.5,10.5,10.5,10.5,0
2010-09-23,10.510000228881836,10.510000228881836,10.510000228881836,10.510000228881836,0
2010-09-24,10.510000228881836,10.510000228881836,10.510000228881836,10.510000228881836,0
2010-09-27,10.510000228881836,10.510000228881836,10.510000228881836,10.510000228881836,0
2010-09-28,10.510000228881836,10.510000228881836,10.510000228881836,10.510000228881836,0
2010-09-29,10.510000228881836,10.510000228881836,10.510000228881836,10.510000228881836,0
2010-09-30,10.489999771118164,10.489999771118164,10.489999771118164,10.489999771118164,0
2010-10-01,10.470000267028809,10.470000267028809,10.470000267028809,10.470000267028809,0
2010-10-04,10.460000038146973,10.460000038146973,10.460000038146973,10.460000038146973,0
2010-10-05,10.449999809265137,10.449999809265137,10.449999809265137,10.449999809265137,0
2010-10-06,10.470000267028809,10.470000267028809,10.470000267028809,10.470000267028809,0
2010-10-07,10.479999542236328,10.479999542236328,10.479999542236328,10.479999542236328,0
2010-10-08,10.489999771118164,10.489999771118164,10.489999771118164,10.489999771118164,0
2010-10-11,10.489999771118164,10.489999771118164,10.489999771118164,10.489999771118164,0
2010-10-12,10.489999771118164,10.489999771118164,10.489999771118164,10.489999771118164,0
2010-10-13,10.479999542236328,10.479999542236328,10.479999542236328,10.479999542236328,0
2010-10-14,10.479999542236328,10.479999542236328,10.479999542236328,10.479999542236328,0
2010-10-15,10.470000267028809,10.470000267028809,10.470000267028809,10.470000267028809,0
2010-10-18,10.470000267028809,10.470000267028809,10.470000267028809,10.470000267028809,0
2010-10-19,10.470000267028809,10.470000267028809,10.470000267028809,10.470000267028809,0
2010-10-20,10.470000267028809,10.470000267028809,10.470000267028809,10.470000267028809,0
2010-10-21,10.470000267028809,10.470000267028809,10.470000267028809,10.470000267028809,0
2010-10-22,10.460000038146973,10.460000038146973,10.460000038146973,10.460000038146973,0
2010-10-25,10.460000038146973,10.460000038146973,10.460000038146973,10.460000038146973,0
2010-10-26,10.430000305175781,10.430000305175781,10.430000305175781,10.430000305175781,0
2010-10-27,10.399999618530273,10.399999618530273,10.399999618530273,10.399999618530273,0
2010-10-28,10.399999618530273,10.399999618530273,10.399999618530273,10.399999618530273,0
2010-10-29,10.399999618530273,10.399999618530273,10.399999618530273,10.399999618530273,0
2010-11-01,10.399999618530273,10.399999618530273,10.399999618530273,10.399999618530273,0
2010-11-02,10.399999618530273,10.399999618530273,10.399999618530273,10.399999618530273,0
2010-11-03,10.390000343322754,10.390000343322754,10.390000343322754,10.390000343322754,0
2010-11-04,10.399999618530273,10.399999618530273,10.399999618530273,10.399999618530273,0
2010-11-05,10.390000343322754,10.390000343322754,10.390000343322754,10.390000343322754,0
2010-11-08,10.380000114440918,10.380000114440918,10.380000114440918,10.380000114440918,0
2010-11-09,10.329999923706055,10.329999923706055,10.329999923706055,10.329999923706055,0
2010-11-10,10.300000190734863,10.300000190734863,10.300000190734863,10.300000190734863,0
2010-11-11,10.300000190734863,10.300000190734863,10.300000190734863,10.300000190734863,0
2010-11-12,10.279999732971191,10.279999732971191,10.279999732971191,10.279999732971191,0
2010-11-15,10.210000038146973,10.210000038146973,10.210000038146973,10.210000038146973,0
2010-11-16,10.100000381469727,10.100000381469727,10.100000381469727,10.100000381469727,0
2010-11-17,10.010000228881836,10.010000228881836,10.010000228881836,10.010000228881836,0
2010-11-18,10.029999732971191,10.029999732971191,10.029999732971191,10.029999732971191,0
2010-11-19,10.079999923706055,10.079999923706055,10.079999923706055,10.079999923706055,0
2010-11-22,10.100000381469727,10.100000381469727,10.100000381469727,10.100000381469727,0
2010-11-23,10.130000114440918,10.130000114440918,10.130000114440918,10.130000114440918,0
2010-11-24,10.130000114440918,10.130000114440918,10.130000114440918,10.130000114440918,0
2010-11-26,10.130000114440918,10.130000114440918,10.130000114440918,10.130000114440918,0
2010-11-29,10.130000114440918,10.130000114440918,10.130000114440918,10.130000114440918,0
2010-11-30,10.149999618530273,10.149999618530273,10.149999618530273,10.149999618530273,0
2010-12-01,10.130000114440918,10.130000114440918,10.130000114440918,10.130000114440918,0
2010-12-02,10.119999885559082,10.119999885559082,10.119999885559082,10.119999885559082,0
2010-12-03,10.119999885559082,10.119999885559082,10.119999885559082,10.119999885559082,0
2010-12-06,10.130000114440918,10.130000114440918,10.130000114440918,10.130000114440918,0
2010-12-07,10.079999923706055,10.079999923706055,10.079999923706055,10.079999923706055,0
2010-12-08,10.010000228881836,10.010000228881836,10.010000228881836,10.010000228881836,0
2010-12-09,10.010000228881836,10.010000228881836,10.010000228881836,10.010000228881836,0
2010-12-10,10.0,10.0,10.0,10.0,0
2010-12-13,9.960000038146973,9.960000038146973,9.960000038146973,9.960000038146973,0
2010-12-14,9.859999656677246,9.859999656677246,9.859999656677246,9.859999656677246,0
2010-12-15,9.850000381469727,9.850000381469727,9.850000381469727,9.850000381469727,0
2010-12-16,9.869999885559082,9.869999885559082,9.869999885559082,9.869999885559082,0
2010-12-17,9.930000305175781,9.930000305175781,9.930000305175781,9.930000305175781,0
2010-12-20,9.9399995803833,9.9399995803833,9.9399995803833,9.9399995803833,0
2010-12-21,9.9399995803833,9.9399995803833,9.9399995803833,9.9399995803833,0
2010-12-22,9.949999809265137,9.949999809265137,9.949999809265137,9.949999809265137,0
2010-12-23,9.949999809265137,9.949999809265137,9.949999809265137,9.949999809265137,0
2010-12-27,9.9399995803833,9.9399995803833,9.9399995803833,9.9399995803833,0
2010-12-28,9.9399995803833,9.9399995803833,9.9399995803833,9.9399995803833,0
2010-12-29,9.9399995803833,9.9399995803833,9.9399995803833,9.9399995803833,0
2010-12-30,9.9399995803833,9.9399995803833,9.9399995803833,9.9399995803833,0
2010-12-31,9.9399995803833,9.9399995803833,9.9399995803833,9.9399995803833,0
2011-01-03,9.9399995803833,9.9399995803833,9.9399995803833,9.9399995803833,0
2011-01-04,9.949999809265137,9.949999809265137,9.949999809265137,9.949999809265137,0
2011-01-05,9.930000305175781,9.930000305175781,9.930000305175781,9.930000305175781,0
2011-01-06,9.90999984741211,9.90999984741211,9.90999984741211,9.90999984741211,0
2011-01-07,9.90999984741211,9.90999984741211,9.90999984741211,9.90999984741211,0
2011-01-10,9.899999618530273,9.899999618530273,9.899999618530273,9.899999618530273,0
2011-01-11,9.880000114440918,9.880000114440918,9.880000114440918,9.880000114440918,0
2011-01-12,9.819999694824219,9.819999694824219,9.819999694824219,9.819999694824219,0
2011-01-13,9.770000457763672,9.770000457763672,9.770000457763672,9.770000457763672,0
2011-01-14,9.720000267028809,9.720000267028809,9.720000267028809,9.720000267028809,0
2011-01-18,9.729999542236328,9.729999542236328,9.729999542236328,9.729999542236328,0
2011-01-19,9.760000228881836,9.760000228881836,9.760000228881836,9.760000228881836,0
2011-01-20,9.770000457763672,9.770000457763672,9.770000457763672,9.770000457763672,0
2011-01-21,9.789999961853027,9.789999961853027,9.789999961853027,9.789999961853027,0
2011-01-24,9.800000190734863,9.800000190734863,9.800000190734863,9.800000190734863,0
2011-01-25,9.829999923706055,9.829999923706055,9.829999923706055,9.829999923706055,0
2011-01-26,9.84000015258789,9.84000015258789,9.84000015258789,9.84000015258789,0
2011-01-27,9.850000381469727,9.850000381469727,9.850000381469727,9.850000381469727,0
2011-01-28,9.859999656677246,9.859999656677246,9.859999656677246,9.859999656677246,0
2011-01-31,9.859999656677246,9.859999656677246,9.859999656677246,9.859999656677246,0
2011-02-01,9.850000381469727,9.850000381469727,9.850000381469727,9.850000381469727,0
2011-02-02,9.84000015258789,9.84000015258789,9.84000015258789,9.84000015258789,0
2011-02-03,9.829999923706055,9.829999923706055,9.829999923706055,9.829999923706055,0
2011-02-04,9.8100004196167,9.8100004196167,9.8100004196167,9.8100004196167,0
2011-02-07,9.8100004196167,9.8100004196167,9.8100004196167,9.8100004196167,0
2011-02-08,9.800000190734863,9.800000190734863,9.800000190734863,9.800000190734863,0
2011-02-09,9.800000190734863,9.800000190734863,9.800000190734863,9.800000190734863,0
2011-02-10,9.8100004196167,9.8100004196167,9.8100004196167,9.8100004196167,0
2011-02-11,9.829999923706055,9.829999923706055,9.829999923706055,9.829999923706055,0
2011-02-14,9.829999923706055,9.829999923706055,9.829999923706055,9.829999923706055,0
2011-02-15,9.859999656677246,9.859999656677246,9.859999656677246,9.859999656677246,0
2011-02-16,9.890000343322754,9.890000343322754,9.890000343322754,9.890000343322754,0
2011-02-17,9.920000076293945,9.920000076293945,9.920000076293945,9.920000076293945,0
2011-02-18,9.930000305175781,9.930000305175781,9.930000305175781,9.930000305175781,0
2011-02-22,9.9399995803833,9.9399995803833,9.9399995803833,9.9399995803833,0
2011-02-23,9.960000038146973,9.960000038146973,9.960000038146973,9.960000038146973,0
2011-02-24,9.970000267028809,9.970000267028809,9.970000267028809,9.970000267028809,0
2011-02-25,9.989999771118164,9.989999771118164,9.989999771118164,9.989999771118164,0
2011-02-28,9.989999771118164,9.989999771118164,9.989999771118164,9.989999771118164,0
2011-03-01,9.989999771118164,9.989999771118164,9.989999771118164,9.989999771118164,0
2011-03-02,9.989999771118164,9.989999771118164,9.989999771118164,9.989999771118164,0
2011-03-03,9.979999542236328,9.979999542236328,9.979999542236328,9.979999542236328,0
2011-03-04,9.979999542236328,9.979999542236328,9.979999542236328,9.979999542236328,0
2011-03-07,9.970000267028809,9.970000267028809,9.970000267028809,9.970000267028809,0
2011-03-08,9.970000267028809,9.970000267028809,9.970000267028809,9.970000267028809,0
2011-03-09,9.970000267028809,9.970000267028809,9.970000267028809,9.970000267028809,0
2011-03-10,9.960000038146973,9.960000038146973,9.960000038146973,9.960000038146973,0
2011-03-11,9.970000267028809,9.970000267028809,9.970000267028809,9.970000267028809,0
2011-03-14,9.970000267028809,9.970000267028809,9.970000267028809,9.970000267028809,0
2011-03-15,10.010000228881836,10.010000228881836,10.010000228881836,10.010000228881836,0
2011-03-16,10.020000457763672,10.020000457763672,10.020000457763672,10.020000457763672,0
2011-03-17,10.020000457763672,10.020000457763672,10.020000457763672,10.020000457763672,0
2011-03-18,10.020000457763672,10.020000457763672,10.020000457763672,10.020000457763672,0
2011-03-21,10.0,10.0,10.0,10.0,0
2011-03-22,10.0,10.0,10.0,10.0,0
2011-03-23,10.0,10.0,10.0,10.0,0
2011-03-24,9.979999542236328,9.979999542236328,9.979999542236328,9.979999542236328,0
2011-03-25,9.979999542236328,9.979999542236328,9.979999542236328,9.979999542236328,0
2011-03-28,9.979999542236328,9.979999542236328,9.979999542236328,9.979999542236328,0
2011-03-29,9.960000038146973,9.960000038146973,9.960000038146973,9.960000038146973,0
2011-03-30,9.9399995803833,9.9399995803833,9.9399995803833,9.9399995803833,0
2011-03-31,9.930000305175781,9.930000305175781,9.930000305175781,9.930000305175781,0
2011-04-01,9.920000076293945,9.920000076293945,9.920000076293945,9.920000076293945,0
2011-04-04,9.920000076293945,9.920000076293945,9.920000076293945,9.920000076293945,0
2011-04-05,9.920000076293945,9.920000076293945,9.920000076293945,9.920000076293945,0
2011-04-06,9.920000076293945,9.920000076293945,9.920000076293945,9.920000076293945,0
2011-04-07,9.920000076293945,9.920000076293945,9.920000076293945,9.920000076293945,0
2011-04-08,9.899999618530273,9.899999618530273,9.899999618530273,9.899999618530273,0
2011-04-11,9.90999984741211,9.90999984741211,9.90999984741211,9.90999984741211,0
2011-04-12,9.920000076293945,9.920000076293945,9.920000076293945,9.920000076293945,0
2011-04-13,9.920000076293945,9.920000076293945,9.920000076293945,9.920000076293945,0
2011-04-14,9.9399995803833,9.9399995803833,9.9399995803833,9.9399995803833,0
2011-04-15,9.949999809265137,9.949999809265137,9.949999809265137,9.949999809265137,0
2011-04-18,9.960000038146973,9.960000038146973,9.960000038146973,9.960000038146973,0
2011-04-19,9.970000267028809,9.970000267028809,9.970000267028809,9.970000267028809,0
2011-04-20,9.989999771118164,9.989999771118164,9.989999771118164,9.989999771118164,0
2011-04-21,10.0,10.0,10.0,10.0,0
2011-04-25,10.010000228881836,10.010000228881836,10.010000228881836,10.010000228881836,0
2011-04-26,10.029999732971191,10.029999732971191,10.029999732971191,10.029999732971191,0
2011-04-27,10.039999961853027,10.039999961853027,10.039999961853027,10.039999961853027,0
2011-04-28,10.050000190734863,10.050000190734863,10.050000190734863,10.050000190734863,0
2011-04-29,10.0600004196167,10.0600004196167,10.0600004196167,10.0600004196167,0
2011-05-02,10.0600004196167,10.0600004196167,10.0600004196167,10.0600004196167,0
2011-05-03,10.069999694824219,10.069999694824219,10.069999694824219,10.069999694824219,0
2011-05-04,10.100000381469727,10.100000381469727,10.100000381469727,10.100000381469727,0
2011-05-05,10.130000114440918,10.130000114440918,10.130000114440918,10.130000114440918,0
2011-05-06,10.130000114440918,10.130000114440918,10.130000114440918,10.130000114440918,0
2011-05-09,10.130000114440918,10.130000114440918,10.130000114440918,10.130000114440918,0
2011-05-10,10.140000343322754,10.140000343322754,10.140000343322754,10.140000343322754,0
2011-05-11,10.15999984741211,10.15999984741211,10.15999984741211,10.15999984741211,0
2011-05-12,10.180000305175781,10.180000305175781,10.180000305175781,10.180000305175781,0
2011-05-13,10.199999809265137,10.199999809265137,10.199999809265137,10.199999809265137,0
2011-05-16,10.199999809265137,10.199999809265137,10.199999809265137,10.199999809265137,0
2011-05-17,10.220000267028809,10.220000267028809,10.220000267028809,10.220000267028809,0
2011-05-18,10.220000267028809,10.220000267028809,10.220000267028809,10.220000267028809,0
2011-05-19,10.210000038146973,10.210000038146973,10.210000038146973,10.210000038146973,0
2011-05-20,10.210000038146973,10.210000038146973,10.210000038146973,10.210000038146973,0
2011-05-23,10.210000038146973,10.210000038146973,10.210000038146973,10.210000038146973,0
2011-05-24,10.210000038146973,10.210000038146973,10.210000038146973,10.210000038146973,0
2011-05-25,10.199999809265137,10.199999809265137,10.199999809265137,10.199999809265137,0
2011-05-26,10.199999809265137,10.199999809265137,10.199999809265137,10.199999809265137,0
2011-05-27,10.199999809265137,10.199999809265137,10.199999809265137,10.199999809265137,0
2011-05-31,10.199999809265137,10.199999809265137,10.199999809265137,10.199999809265137,0
2011-06-01,10.210000038146973,10.210000038146973,10.210000038146973,10.210000038146973,0
2011-06-02,10.220000267028809,10.220000267028809,10.220000267028809,10.220000267028809,0
2011-06-03,10.220000267028809,10.220000267028809,10.220000267028809,10.220000267028809,0
2011-06-06,10.220000267028809,10.220000267028809,10.220000267028809,10.220000267028809,0
2011-06-07,10.220000267028809,10.220000267028809,10.220000267028809,10.220000267028809,0
2011-06-08,10.220000267028809,10.220000267028809,10.220000267028809,10.220000267028809,0
2011-06-09,10.229999542236328,10.229999542236328,10.229999542236328,10.229999542236328,0
2011-06-10,10.229999542236328,10.229999542236328,10.229999542236328,10.229999542236328,0
2011-06-13,10.229999542236328,10.229999542236328,10.229999542236328,10.229999542236328,0
2011-06-14,10.210000038146973,10.210000038146973,10.210000038146973,10.210000038146973,0
2011-06-15,10.220000267028809,10.220000267028809,10.220000267028809,10.220000267028809,0
2011-06-16,10.229999542236328,10.229999542236328,10.229999542236328,10.229999542236328,0
2011-06-17,10.229999542236328,10.229999542236328,10.229999542236328,10.229999542236328,0
2011-06-20,10.229999542236328,10.229999542236328,10.229999542236328,10.229999542236328,0
2011-06-21,10.229999542236328,10.229999542236328,10.229999542236328,10.229999542236328,0
2011-06-22,10.229999542236328,10.229999542236328,10.229999542236328,10.229999542236328,0
2011-06-23,10.229999542236328,10.229999542236328,10.229999542236328,10.229999542236328,0
2011-06-24,10.229999542236328,10.229999542236328,10.229999542236328,10.229999542236328,0
2011-06-27,10.229999542236328,10.229999542236328,10.229999542236328,10.229999542236328,0
2011-06-28,10.210000038146973,10.210000038146973,10.210000038146973,10.210000038146973,0
2011-06-29,10.1899995803833,10.1899995803833,10.1899995803833,10.1899995803833,0
2011-06-30,10.170000076293945,10.170000076293945,10.170000076293945,10.170000076293945,0
2011-07-01,10.170000076293945,10.170000076293945,10.170000076293945,10.170000076293945,0
2011-07-05,10.170000076293945,10.170000076293945,10.170000076293945,10.170000076293945,0
2011-07-06,10.170000076293945,10.170000076293945,10.170000076293945,10.170000076293945,0
2011-07-07,10.15999984741211,10.15999984741211,10.15999984741211,10.15999984741211,0
2011-07-08,10.170000076293945,10.170000076293945,10.170000076293945,10.170000076293945,0
2011-07-11,10.1899995803833,10.1899995803833,10.1899995803833,10.1899995803833,0
2011-07-12,10.220000267028809,10.220000267028809,10.220000267028809,10.220000267028809,0
2011-07-13,10.229999542236328,10.229999542236328,10.229999542236328,10.229999542236328,0
2011-07-14,10.229999542236328,10.229999542236328,10.229999542236328,10.229999542236328,0
2011-07-15,10.229999542236328,10.229999542236328,10.229999542236328,10.229999542236328,0
2011-07-18,10.220000267028809,10.220000267028809,10.220000267028809,10.220000267028809,0
2011-07-19,10.229999542236328,10.229999542236328,10.229999542236328,10.229999542236328,0
2011-07-20,10.229999542236328,10.229999542236328,10.229999542236328,10.229999542236328,0
2011-07-21,10.229999542236328,10.229999542236328,10.229999542236328,10.229999542236328,0
2011-07-22,10.229999542236328,10.229999542236328,10.229999542236328,10.229999542236328,0
2011-07-25,10.229999542236328,10.229999542236328,10.229999542236328,10.229999542236328,0
2011-07-26,10.229999542236328,10.229999542236328,10.229999542236328,10.229999542236328,0
2011-07-27,10.220000267028809,10.220000267028809,10.220000267028809,10.220000267028809,0
2011-07-28,10.220000267028809,10.220000267028809,10.220000267028809,10.220000267028809,0
2011-07-29,10.229999542236328,10.229999542236328,10.229999542236328,10.229999542236328,0
2011-08-01,10.25,10.25,10.25,10.25,0
2011-08-02,10.289999961853027,10.289999961853027,10.289999961853027,10.289999961853027,0
2011-08-03,10.350000381469727,10.350000381469727,10.350000381469727,10.350000381469727,0
2011-08-04,10.390000343322754,10.390000343322754,10.390000343322754,10.390000343322754,0
2011-08-05,10.390000343322754,10.390000343322754,10.390000343322754,10.390000343322754,0
2011-08-08,10.390000343322754,10.390000343322754,10.390000343322754,10.390000343322754,0
2011-08-09,10.390000343322754,10.390000343322754,10.390000343322754,10.390000343322754,0
2011-08-10,10.420000076293945,10.420000076293945,10.420000076293945,10.420000076293945,0
2011-08-11,10.40999984741211,10.40999984741211,10.40999984741211,10.40999984741211,0
2011-08-12,10.40999984741211,10.40999984741211,10.40999984741211,10.40999984741211,0
2011-08-15,10.40999984741211,10.40999984741211,10.40999984741211,10.40999984741211,0
2011-08-16,10.40999984741211,10.40999984741211,10.40999984741211,10.40999984741211,0
2011-08-17,10.40999984741211,10.40999984741211,10.40999984741211,10.40999984741211,0
2011-08-18,10.4399995803833,10.4399995803833,10.4399995803833,10.4399995803833,0
2011-08-19,10.4399995803833,10.4399995803833,10.4399995803833,10.4399995803833,0
2011-08-22,10.4399995803833,10.4399995803833,10.4399995803833,10.4399995803833,0
2011-08-23,10.420000076293945,10.420000076293945,10.420000076293945,10.420000076293945,0
2011-08-24,10.390000343322754,10.390000343322754,10.390000343322754,10.390000343322754,0
2011-08-25,10.390000343322754,10.390000343322754,10.390000343322754,10.390000343322754,0
2011-08-26,10.390000343322754,10.390000343322754,10.390000343322754,10.390000343322754,0
2011-08-29,10.380000114440918,10.380000114440918,10.380000114440918,10.380000114440918,0
2011-08-30,10.390000343322754,10.390000343322754,10.390000343322754,10.390000343322754,0
2011-08-31,10.390000343322754,10.390000343322754,10.390000343322754,10.390000343322754,0
2011-09-01,10.390000343322754,10.390000343322754,10.390000343322754,10.390000343322754,0
2011-09-02,10.420000076293945,10.420000076293945,10.420000076293945,10.420000076293945,0
2011-09-06,10.460000038146973,10.460000038146973,10.460000038146973,10.460000038146973,0
2011-09-07,10.460000038146973,10.460000038146973,10.460000038146973,10.460000038146973,0
2011-09-08,10.470000267028809,10.470000267028809,10.470000267028809,10.470000267028809,0
2011-09-09,10.479999542236328,10.479999542236328,10.479999542236328,10.479999542236328,0
2011-09-12,10.479999542236328,10.479999542236328,10.479999542236328,10.479999542236328,0
2011-09-13,10.479999542236328,10.479999542236328,10.479999542236328,10.479999542236328,0
2011-09-14,10.470000267028809,10.470000267028809,10.470000267028809,10.470000267028809,0
2011-09-15,10.449999809265137,10.449999809265137,10.449999809265137,10.449999809265137,0
2011-09-16,10.449999809265137,10.449999809265137,10.449999809265137,10.449999809265137,0
2011-09-19,10.460000038146973,10.460000038146973,10.460000038146973,10.460000038146973,0
2011-09-20,10.460000038146973,10.460000038146973,10.460000038146973,10.460000038146973,0
2011-09-21,10.479999542236328,10.479999542236328,10.479999542236328,10.479999542236328,0
2011-09-22,10.5600004196167,10.5600004196167,10.5600004196167,10.5600004196167,0
2011-09-23,10.5600004196167,10.5600004196167,10.5600004196167,10.5600004196167,0
2011-09-26,10.539999961853027,10.539999961853027,10.539999961853027,10.539999961853027,0
2011-09-27,10.510000228881836,10.510000228881836,10.510000228881836,10.510000228881836,0
2011-09-28,10.479999542236328,10.479999542236328,10.479999542236328,10.479999542236328,0
2011-09-29,10.470000267028809,10.470000267028809,10.470000267028809,10.470000267028809,0
2011-09-30,10.470000267028809,10.470000267028809,10.470000267028809,10.470000267028809,0
2011-10-03,10.470000267028809,10.470000267028809,10.470000267028809,10.470000267028809,0
2011-10-04,10.460000038146973,10.460000038146973,10.460000038146973,10.460000038146973,0
2011-10-05,10.399999618530273,10.399999618530273,10.399999618530273,10.399999618530273,0
2011-10-06,10.350000381469727,10.350000381469727,10.350000381469727,10.350000381469727,0
2011-10-07,10.329999923706055,10.329999923706055,10.329999923706055,10.329999923706055,0
2011-10-10,10.329999923706055,10.329999923706055,10.329999923706055,10.329999923706055,0
2011-10-11,10.329999923706055,10.329999923706055,10.329999923706055,10.329999923706055,0
2011-10-12,10.3100004196167,10.3100004196167,10.3100004196167,10.3100004196167,0
2011-10-13,10.329999923706055,10.329999923706055,10.329999923706055,10.329999923706055,0
2011-10-14,10.319999694824219,10.319999694824219,10.319999694824219,10.319999694824219,0
2011-10-17,10.34000015258789,10.34000015258789,10.34000015258789,10.34000015258789,0
2011-10-18,10.369999885559082,10.369999885559082,10.369999885559082,10.369999885559082,0
2011-10-19,10.369999885559082,10.369999885559082,10.369999885559082,10.369999885559082,0
2011-10-20,10.369999885559082,10.369999885559082,10.369999885559082,10.369999885559082,0
2011-10-21,10.369999885559082,10.369999885559082,10.369999885559082,10.369999885559082,0
2011-10-24,10.369999885559082,10.369999885559082,10.369999885559082,10.369999885559082,0
2011-10-25,10.380000114440918,10.380000114440918,10.380000114440918,10.380000114440918,0
2011-10-26,10.390000343322754,10.390000343322754,10.390000343322754,10.390000343322754,0
2011-10-27,10.350000381469727,10.350000381469727,10.350000381469727,10.350000381469727,0
2011-10-28,10.350000381469727,10.350000381469727,10.350000381469727,10.350000381469727,0
2011-10-31,10.380000114440918,10.380000114440918,10.380000114440918,10.380000114440918,0
2011-11-01,10.430000305175781,10.430000305175781,10.430000305175781,10.430000305175781,0
2011-11-02,10.430000305175781,10.430000305175781,10.430000305175781,10.430000305175781,0
2011-11-03,10.40999984741211,10.40999984741211,10.40999984741211,10.40999984741211,0
2011-11-04,10.40999984741211,10.40999984741211,10.40999984741211,10.40999984741211,0
2011-11-07,10.40999984741211,10.40999984741211,10.40999984741211,10.40999984741211,0
2011-11-08,10.40999984741211,10.40999984741211,10.40999984741211,10.40999984741211,0
2011-11-09,10.430000305175781,10.430000305175781,10.430000305175781,10.430000305175781,0
2011-11-10,10.420000076293945,10.420000076293945,10.420000076293945,10.420000076293945,0
2011-11-11,10.420000076293945,10.420000076293945,10.420000076293945,10.420000076293945,0
2011-11-14,10.399999618530273,10.399999618530273,10.399999618530273,10.399999618530273,0
2011-11-15,10.390000343322754,10.390000343322754,10.390000343322754,10.390000343322754,0
2011-11-16,10.390000343322754,10.390000343322754,10.390000343322754,10.390000343322754,0
2011-11-17,10.399999618530273,10.399999618530273,10.399999618530273,10.399999618530273,0
2011-11-18,10.40999984741211,10.40999984741211,10.40999984741211,10.40999984741211,0
2011-11-21,10.420000076293945,10.420000076293945,10.420000076293945,10.420000076293945,0
2011-11-22,10.420000076293945,10.420000076293945,10.420000076293945,10.420000076293945,0
2011-11-23,10.420000076293945,10.420000076293945,10.420000076293945,10.420000076293945,0
2011-11-25,10.420000076293945,10.420000076293945,10.420000076293945,10.420000076293945,0
2011-11-28,10.40999984741211,10.40999984741211,10.40999984741211,10.40999984741211,0
2011-11-29,10.40999984741211,10.40999984741211,10.40999984741211,10.40999984741211,0
2011-11-30,10.40999984741211,10.40999984741211,10.40999984741211,10.40999984741211,0
2011-12-01,10.40999984741211,10.40999984741211,10.40999984741211,10.40999984741211,0
2011-12-02,10.420000076293945,10.420000076293945,10.420000076293945,10.420000076293945,0
2011-12-05,10.430000305175781,10.430000305175781,10.430000305175781,10.430000305175781,0
2011-12-06,10.470000267028809,10.470000267028809,10.470000267028809,10.470000267028809,0
2011-12-07,10.5,10.5,10.5,10.5,0
2011-12-08,10.510000228881836,10.510000228881836,10.510000228881836,10.510000228881836,0
2011-12-09,10.510000228881836,10.510000228881836,10.510000228881836,10.510000228881836,0
2011-12-12,10.510000228881836,10.510000228881836,10.510000228881836,10.510000228881836,0
2011-12-13,10.510000228881836,10.510000228881836,10.510000228881836,10.510000228881836,0
2011-12-14,10.520000457763672,10.520000457763672,10.520000457763672,10.520000457763672,0
2011-12-15,10.529999732971191,10.529999732971191,10.529999732971191,10.529999732971191,0
2011-12-16,10.539999961853027,10.539999961853027,10.539999961853027,10.539999961853027,0
2011-12-19,10.539999961853027,10.539999961853027,10.539999961853027,10.539999961853027,0
2011-12-20,10.539999961853027,10.539999961853027,10.539999961853027,10.539999961853027,0
2011-12-21,10.539999961853027,10.539999961853027,10.539999961853027,10.539999961853027,0
2011-12-22,10.550000190734863,10.550000190734863,10.550000190734863,10.550000190734863,0
2011-12-23,10.550000190734863,10.550000190734863,10.550000190734863,10.550000190734863,0
2011-12-27,10.550000190734863,10.550000190734863,10.550000190734863,10.550000190734863,0
2011-12-28,10.569999694824219,10.569999694824219,10.569999694824219,10.569999694824219,0
2011-12-29,10.579999923706055,10.579999923706055,10.579999923706055,10.579999923706055,0
2011-12-30,10.59000015258789,10.59000015258789,10.59000015258789,10.59000015258789,0
2012-01-03,10.5600004196167,10.5600004196167,10.5600004196167,10.5600004196167,0
2012-01-04,10.600000381469727,10.600000381469727,10.600000381469727,10.600000381469727,0
2012-01-05,10.619999885559082,10.619999885559082,10.619999885559082,10.619999885559082,0
2012-01-06,10.640000343322754,10.640000343322754,10.640000343322754,10.640000343322754,0
2012-01-09,10.670000076293945,10.670000076293945,10.670000076293945,10.670000076293945,0
2012-01-10,10.6899995803833,10.6899995803833,10.6899995803833,10.6899995803833,0
2012-01-11,10.720000267028809,10.720000267028809,10.720000267028809,10.720000267028809,0
2012-01-12,10.739999771118164,10.739999771118164,10.739999771118164,10.739999771118164,0
2012-01-13,10.779999732971191,10.779999732971191,10.779999732971191,10.779999732971191,0
2012-01-17,10.800000190734863,10.800000190734863,10.800000190734863,10.800000190734863,0
2012-01-18,10.8100004196167,10.8100004196167,10.8100004196167,10.8100004196167,0
2012-01-19,10.779999732971191,10.779999732971191,10.779999732971191,10.779999732971191,0
2012-01-20,10.739999771118164,10.739999771118164,10.739999771118164,10.739999771118164,0
2012-01-23,10.720000267028809,10.720000267028809,10.720000267028809,10.720000267028809,0
2012-01-24,10.720000267028809,10.720000267028809,10.720000267028809,10.720000267028809,0
2012-01-25,10.739999771118164,10.739999771118164,10.739999771118164,10.739999771118164,0
2012-01-26,10.760000228881836,10.760000228881836,10.760000228881836,10.760000228881836,0
2012-01-27,10.779999732971191,10.779999732971191,10.779999732971191,10.779999732971191,0
2012-01-30,10.819999694824219,10.819999694824219,10.819999694824219,10.819999694824219,0
2012-01-31,10.84000015258789,10.84000015258789,10.84000015258789,10.84000015258789,0
2012-02-01,10.84000015258789,10.84000015258789,10.84000015258789,10.84000015258789,0
2012-02-02,10.84000015258789,10.84000015258789,10.84000015258789,10.84000015258789,0
2012-02-03,10.8100004196167,10.8100004196167,10.8100004196167,10.8100004196167,0
2012-02-06,10.800000190734863,10.800000190734863,10.800000190734863,10.800000190734863,0
2012-02-07,10.789999961853027,10.789999961853027,10.789999961853027,10.789999961853027,0
2012-02-08,10.789999961853027,10.789999961853027,10.789999961853027,10.789999961853027,0
2012-02-09,10.779999732971191,10.779999732971191,10.779999732971191,10.779999732971191,0
2012-02-10,10.789999961853027,10.789999961853027,10.789999961853027,10.789999961853027,0
2012-02-13,10.800000190734863,10.800000190734863,10.800000190734863,10.800000190734863,0
2012-02-14,10.800000190734863,10.800000190734863,10.800000190734863,10.800000190734863,0
2012-02-15,10.8100004196167,10.8100004196167,10.8100004196167,10.8100004196167,0
2012-02-16,10.8100004196167,10.8100004196167,10.8100004196167,10.8100004196167,0
2012-02-17,10.8100004196167,10.8100004196167,10.8100004196167,10.8100004196167,0
2012-02-21,10.789999961853027,10.789999961853027,10.789999961853027,10.789999961853027,0
2012-02-22,10.789999961853027,10.789999961853027,10.789999961853027,10.789999961853027,0
2012-02-23,10.779999732971191,10.779999732971191,10.779999732971191,10.779999732971191,0
2012-02-24,10.789999961853027,10.789999961853027,10.789999961853027,10.789999961853027,0
2012-02-27,10.789999961853027,10.789999961853027,10.789999961853027,10.789999961853027,0
2012-02-28,10.800000190734863,10.800000190734863,10.800000190734863,10.800000190734863,0
2012-02-29,10.800000190734863,10.800000190734863,10.800000190734863,10.800000190734863,0
2012-03-01,10.770000457763672,10.770000457763672,10.770000457763672,10.770000457763672,0
2012-03-02,10.770000457763672,10.770000457763672,10.770000457763672,10.770000457763672,0
2012-03-05,10.760000228881836,10.760000228881836,10.760000228881836,10.760000228881836,0
2012-03-06,10.75,10.75,10.75,10.75,0
2012-03-07,10.729999542236328,10.729999542236328,10.729999542236328,10.729999542236328,0
2012-03-08,10.720000267028809,10.720000267028809,10.720000267028809,10.720000267028809,0
2012-03-09,10.720000267028809,10.720000267028809,10.720000267028809,10.720000267028809,0
2012-03-12,10.729999542236328,10.729999542236328,10.729999542236328,10.729999542236328,0
2012-03-13,10.720000267028809,10.720000267028809,10.720000267028809,10.720000267028809,0
2012-03-14,10.670000076293945,10.670000076293945,10.670000076293945,10.670000076293945,0
2012-03-15,10.65999984741211,10.65999984741211,10.65999984741211,10.65999984741211,0
2012-03-16,10.640000343322754,10.640000343322754,10.640000343322754,10.640000343322754,0
2012-03-19,10.619999885559082,10.619999885559082,10.619999885559082,10.619999885559082,0
2012-03-20,10.609999656677246,10.609999656677246,10.609999656677246,10.609999656677246,0
2012-03-21,10.609999656677246,10.609999656677246,10.609999656677246,10.609999656677246,0
2012-03-22,10.630000114440918,10.630000114440918,10.630000114440918,10.630000114440918,0
2012-03-23,10.649999618530273,10.649999618530273,10.649999618530273,10.649999618530273,0
2012-03-26,10.640000343322754,10.640000343322754,10.640000343322754,10.640000343322754,0
2012-03-27,10.670000076293945,10.670000076293945,10.670000076293945,10.670000076293945,0
2012-03-28,10.670000076293945,10.670000076293945,10.670000076293945,10.670000076293945,0
2012-03-29,10.65999984741211,10.65999984741211,10.65999984741211,10.65999984741211,0
2012-03-30,10.65999984741211,10.65999984741211,10.65999984741211,10.65999984741211,0
2012-04-02,10.649999618530273,10.649999618530273,10.649999618530273,10.649999618530273,0
2012-04-03,10.640000343322754,10.640000343322754,10.640000343322754,10.640000343322754,0
2012-04-04,10.640000343322754,10.640000343322754,10.640000343322754,10.640000343322754,0
2012-04-05,10.65999984741211,10.65999984741211,10.65999984741211,10.65999984741211,0
2012-04-09,10.710000038146973,10.710000038146973,10.710000038146973,10.710000038146973,0
2012-04-10,10.720000267028809,10.720000267028809,10.720000267028809,10.720000267028809,0
2012-04-11,10.710000038146973,10.710000038146973,10.710000038146973,10.710000038146973,0
2012-04-12,10.710000038146973,10.710000038146973,10.710000038146973,10.710000038146973,0
2012-04-13,10.720000267028809,10.720000267028809,10.720000267028809,10.720000267028809,0
2012-04-16,10.720000267028809,10.720000267028809,10.720000267028809,10.720000267028809,0
2012-04-17,10.720000267028809,10.720000267028809,10.720000267028809,10.720000267028809,0
2012-04-18,10.729999542236328,10.729999542236328,10.729999542236328,10.729999542236328,0
2012-04-19,10.739999771118164,10.739999771118164,10.739999771118164,10.739999771118164,0
2012-04-20,10.739999771118164,10.739999771118164,10.739999771118164,10.739999771118164,0
2012-04-23,10.75,10.75,10.75,10.75,0
2012-04-24,10.760000228881836,10.760000228881836,10.760000228881836,10.760000228881836,0
2012-04-25,10.760000228881836,10.760000228881836,10.760000228881836,10.760000228881836,0
2012-04-26,10.760000228881836,10.760000228881836,10.760000228881836,10.760000228881836,0
2012-04-27,10.760000228881836,10.760000228881836,10.760000228881836,10.760000228881836,0
2012-04-30,10.760000228881836,10.760000228881836,10.760000228881836,10.760000228881836,0
2012-05-01,10.760000228881836,10.760000228881836,10.760000228881836,10.760000228881836,0
2012-05-02,10.770000457763672,10.770000457763672,10.770000457763672,10.770000457763672,0
2012-05-03,10.789999961853027,10.789999961853027,10.789999961853027,10.789999961853027,0
2012-05-04,10.800000190734863,10.800000190734863,10.800000190734863,10.800000190734863,0
2012-05-07,10.8100004196167,10.8100004196167,10.8100004196167,10.8100004196167,0
2012-05-08,10.829999923706055,10.829999923706055,10.829999923706055,10.829999923706055,0
2012-05-09,10.84000015258789,10.84000015258789,10.84000015258789,10.84000015258789,0
2012-05-10,10.84000015258789,10.84000015258789,10.84000015258789,10.84000015258789,0
2012-05-11,10.84000015258789,10.84000015258789,10.84000015258789,10.84000015258789,0
2012-05-14,10.850000381469727,10.850000381469727,10.850000381469727,10.850000381469727,0
2012-05-15,10.850000381469727,10.850000381469727,10.850000381469727,10.850000381469727,0
2012-05-16,10.819999694824219,10.819999694824219,10.819999694824219,10.819999694824219,0
2012-05-17,10.829999923706055,10.829999923706055,10.829999923706055,10.829999923706055,0
2012-05-18,10.829999923706055,10.829999923706055,10.829999923706055,10.829999923706055,0
2012-05-21,10.829999923706055,10.829999923706055,10.829999923706055,10.829999923706055,0
2012-05-22,10.800000190734863,10.800000190734863,10.800000190734863,10.800000190734863,0
2012-05-23,10.800000190734863,10.800000190734863,10.800000190734863,10.800000190734863,0
2012-05-24,10.800000190734863,10.800000190734863,10.800000190734863,10.800000190734863,0
2012-05-25,10.800000190734863,10.800000190734863,10.800000190734863,10.800000190734863,0
2012-05-29,10.800000190734863,10.800000190734863,10.800000190734863,10.800000190734863,0
2012-05-30,10.819999694824219,10.819999694824219,10.819999694824219,10.819999694824219,0
2012-05-31,10.829999923706055,10.829999923706055,10.829999923706055,10.829999923706055,0
2012-06-01,10.84000015258789,10.84000015258789,10.84000015258789,10.84000015258789,0
2012-06-04,10.84000015258789,10.84000015258789,10.84000015258789,10.84000015258789,0
2012-06-05,10.819999694824219,10.819999694824219,10.819999694824219,10.819999694824219,0
2012-06-06,10.789999961853027,10.789999961853027,10.789999961853027,10.789999961853027,0
2012-06-07,10.770000457763672,10.770000457763672,10.770000457763672,10.770000457763672,0
2012-06-08,10.770000457763672,10.770000457763672,10.770000457763672,10.770000457763672,0
2012-06-11,10.770000457763672,10.770000457763672,10.770000457763672,10.770000457763672,0
2012-06-12,10.760000228881836,10.760000228881836,10.760000228881836,10.760000228881836,0
2012-06-13,10.770000457763672,10.770000457763672,10.770000457763672,10.770000457763672,0
2012-06-14,10.779999732971191,10.779999732971191,10.779999732971191,10.779999732971191,0
2012-06-15,10.779999732971191,10.779999732971191,10.779999732971191,10.779999732971191,0
2012-06-18,10.779999732971191,10.779999732971191,10.779999732971191,10.779999732971191,0
2012-06-19,10.779999732971191,10.779999732971191,10.779999732971191,10.779999732971191,0
2012-06-20,10.770000457763672,10.770000457763672,10.770000457763672,10.770000457763672,0
2012-06-21,10.779999732971191,10.779999732971191,10.779999732971191,10.779999732971191,0
2012-06-22,10.770000457763672,10.770000457763672,10.770000457763672,10.770000457763672,0
2012-06-25,10.770000457763672,10.770000457763672,10.770000457763672,10.770000457763672,0
2012-06-26,10.789999961853027,10.789999961853027,10.789999961853027,10.789999961853027,0
2012-06-27,10.789999961853027,10.789999961853027,10.789999961853027,10.789999961853027,0
2012-06-28,10.789999961853027,10.789999961853027,10.789999961853027,10.789999961853027,0
2012-06-29,10.789999961853027,10.789999961853027,10.789999961853027,10.789999961853027,0
2012-07-02,10.789999961853027,10.789999961853027,10.789999961853027,10.789999961853027,0
2012-07-03,10.789999961853027,10.789999961853027,10.789999961853027,10.789999961853027,0
2012-07-05,10.789999961853027,10.789999961853027,10.789999961853027,10.789999961853027,0
2012-07-06,10.8100004196167,10.8100004196167,10.8100004196167,10.8100004196167,0
2012-07-09,10.819999694824219,10.819999694824219,10.819999694824219,10.819999694824219,0
2012-07-10,10.84000015258789,10.84000015258789,10.84000015258789,10.84000015258789,0
2012-07-11,10.850000381469727,10.850000381469727,10.850000381469727,10.850000381469727,0
2012-07-12,10.880000114440918,10.880000114440918,10.880000114440918,10.880000114440918,0
2012-07-13,10.880000114440918,10.880000114440918,10.880000114440918,10.880000114440918,0
2012-07-16,10.890000343322754,10.890000343322754,10.890000343322754,10.890000343322754,0
2012-07-17,10.899999618530273,10.899999618530273,10.899999618530273,10.899999618530273,0
2012-07-18,10.899999618530273,10.899999618530273,10.899999618530273,10.899999618530273,0
2012-07-19,10.899999618530273,10.899999618530273,10.899999618530273,10.899999618530273,0
2012-07-20,10.920000076293945,10.920000076293945,10.920000076293945,10.920000076293945,0
2012-07-23,10.9399995803833,10.9399995803833,10.9399995803833,10.9399995803833,0
2012-07-24,10.949999809265137,10.949999809265137,10.949999809265137,10.949999809265137,0
2012-07-25,10.960000038146973,10.960000038146973,10.960000038146973,10.960000038146973,0
2012-07-26,10.960000038146973,10.960000038146973,10.960000038146973,10.960000038146973,0
2012-07-27,10.9399995803833,10.9399995803833,10.9399995803833,10.9399995803833,0
2012-07-30,10.9399995803833,10.9399995803833,10.9399995803833,10.9399995803833,0
2012-07-31,10.9399995803833,10.9399995803833,10.9399995803833,10.9399995803833,0
2012-08-01,10.9399995803833,10.9399995803833,10.9399995803833,10.9399995803833,0
2012-08-02,10.949999809265137,10.949999809265137,10.949999809265137,10.949999809265137,0
2012-08-03,10.930000305175781,10.930000305175781,10.930000305175781,10.930000305175781,0
2012-08-06,10.920000076293945,10.920000076293945,10.920000076293945,10.920000076293945,0
2012-08-07,10.90999984741211,10.90999984741211,10.90999984741211,10.90999984741211,0
2012-08-08,10.90999984741211,10.90999984741211,10.90999984741211,10.90999984741211,0
2012-08-09,10.899999618530273,10.899999618530273,10.899999618530273,10.899999618530273,0
2012-08-10,10.899999618530273,10.899999618530273,10.899999618530273,10.899999618530273,0
2012-08-13,10.899999618530273,10.899999618530273,10.899999618530273,10.899999618530273,0
2012-08-14,10.890000343322754,10.890000343322754,10.890000343322754,10.890000343322754,0
2012-08-15,10.869999885559082,10.869999885559082,10.869999885559082,10.869999885559082,0
2012-08-16,10.859999656677246,10.859999656677246,10.859999656677246,10.859999656677246,0
2012-08-17,10.859999656677246,10.859999656677246,10.859999656677246,10.859999656677246,0
2012-08-20,10.859999656677246,10.859999656677246,10.859999656677246,10.859999656677246,0
2012-08-21,10.859999656677246,10.859999656677246,10.859999656677246,10.859999656677246,0
2012-08-22,10.869999885559082,10.869999885559082,10.869999885559082,10.869999885559082,0
2012-08-23,10.890000343322754,10.890000343322754,10.890000343322754,10.890000343322754,0
2012-08-24,10.899999618530273,10.899999618530273,10.899999618530273,10.899999618530273,0
2012-08-27,10.90999984741211,10.90999984741211,10.90999984741211,10.90999984741211,0
2012-08-28,10.920000076293945,10.920000076293945,10.920000076293945,10.920000076293945,0
2012-08-29,10.920000076293945,10.920000076293945,10.920000076293945,10.920000076293945,0
2012-08-30,10.930000305175781,10.930000305175781,10.930000305175781,10.930000305175781,0
2012-08-31,10.930000305175781,10.930000305175781,10.930000305175781,10.930000305175781,0
2012-09-04,10.920000076293945,10.920000076293945,10.920000076293945,10.920000076293945,0
2012-09-05,10.930000305175781,10.930000305175781,10.930000305175781,10.930000305175781,0
2012-09-06,10.90999984741211,10.90999984741211,10.90999984741211,10.90999984741211,0
2012-09-07,10.90999984741211,10.90999984741211,10.90999984741211,10.90999984741211,0
2012-09-10,10.90999984741211,10.90999984741211,10.90999984741211,10.90999984741211,0
2012-09-11,10.899999618530273,10.899999618530273,10.899999618530273,10.899999618530273,0
2012-09-12,10.890000343322754,10.890000343322754,10.890000343322754,10.890000343322754,0
2012-09-13,10.890000343322754,10.890000343322754,10.890000343322754,10.890000343322754,0
2012-09-14,10.850000381469727,10.850000381469727,10.850000381469727,10.850000381469727,0
2012-09-17,10.850000381469727,10.850000381469727,10.850000381469727,10.850000381469727,0
2012-09-18,10.859999656677246,10.859999656677246,10.859999656677246,10.859999656677246,0
2012-09-19,10.880000114440918,10.880000114440918,10.880000114440918,10.880000114440918,0
2012-09-20,10.899999618530273,10.899999618530273,10.899999618530273,10.899999618530273,0
2012-09-21,10.90999984741211,10.90999984741211,10.90999984741211,10.90999984741211,0
2012-09-24,10.90999984741211,10.90999984741211,10.90999984741211,10.90999984741211,0
2012-09-25,10.920000076293945,10.920000076293945,10.920000076293945,10.920000076293945,0
2012-09-26,10.9399995803833,10.9399995803833,10.9399995803833,10.9399995803833,0
2012-09-27,10.949999809265137,10.949999809265137,10.949999809265137,10.949999809265137,0
2012-09-28,10.960000038146973,10.960000038146973,10.960000038146973,10.960000038146973,0
2012-10-01,10.960000038146973,10.960000038146973,10.960000038146973,10.960000038146973,0
2012-10-02,10.970000267028809,10.970000267028809,10.970000267028809,10.970000267028809,0
2012-10-03,10.970000267028809,10.970000267028809,10.970000267028809,10.970000267028809,0
2012-10-04,10.979999542236328,10.979999542236328,10.979999542236328,10.979999542236328,0
2012-10-05,10.970000267028809,10.970000267028809,10.970000267028809,10.970000267028809,0
2012-10-08,10.970000267028809,10.970000267028809,10.970000267028809,10.970000267028809,0
2012-10-09,10.960000038146973,10.960000038146973,10.960000038146973,10.960000038146973,0
2012-10-10,10.960000038146973,10.960000038146973,10.960000038146973,10.960000038146973,0
2012-10-11,10.960000038146973,10.960000038146973,10.960000038146973,10.960000038146973,0
2012-10-12,10.970000267028809,10.970000267028809,10.970000267028809,10.970000267028809,0
2012-10-15,10.970000267028809,10.970000267028809,10.970000267028809,10.970000267028809,0
2012-10-16,10.960000038146973,10.960000038146973,10.960000038146973,10.960000038146973,0
2012-10-17,10.949999809265137,10.949999809265137,10.949999809265137,10.949999809265137,0
2012-10-18,10.9399995803833,10.9399995803833,10.9399995803833,10.9399995803833,0
2012-10-19,10.949999809265137,10.949999809265137,10.949999809265137,10.949999809265137,0
2012-10-22,10.949999809265137,10.949999809265137,10.949999809265137,10.949999809265137,0
2012-10-23,10.960000038146973,10.960000038146973,10.960000038146973,10.960000038146973,0
2012-10-24,10.960000038146973,10.960000038146973,10.960000038146973,10.960000038146973,0
2012-10-25,10.9399995803833,10.9399995803833,10.9399995803833,10.9399995803833,0
2012-10-26,10.960000038146973,10.960000038146973,10.960000038146973,10.960000038146973,0
2012-10-31,10.949999809265137,10.949999809265137,10.949999809265137,10.949999809265137,0
2012-11-01,10.949999809265137,10.949999809265137,10.949999809265137,10.949999809265137,0
2012-11-02,10.949999809265137,10.949999809265137,10.949999809265137,10.949999809265137,0
2012-11-05,10.960000038146973,10.960000038146973,10.960000038146973,10.960000038146973,0
2012-11-06,10.960000038146973,10.960000038146973,10.960000038146973,10.960000038146973,0
2012-11-07,11.0,11.0,11.0,11.0,0
2012-11-08,11.020000457763672,11.020000457763672,11.020000457763672,11.020000457763672,0
2012-11-09,11.039999961853027,11.039999961853027,11.039999961853027,11.039999961853027,0
2012-11-12,11.029999732971191,11.029999732971191,11.029999732971191,11.029999732971191,0
2012-11-13,11.039999961853027,11.039999961853027,11.039999961853027,11.039999961853027,0
2012-11-14,11.0600004196167,11.0600004196167,11.0600004196167,11.0600004196167,0
2012-11-15,11.079999923706055,11.079999923706055,11.079999923706055,11.079999923706055,0
2012-11-16,11.09000015258789,11.09000015258789,11.09000015258789,11.09000015258789,0
2012-11-19,11.09000015258789,11.09000015258789,11.09000015258789,11.09000015258789,0
2012-11-20,11.09000015258789,11.09000015258789,11.09000015258789,11.09000015258789,0
2012-11-21,11.09000015258789,11.09000015258789,11.09000015258789,11.09000015258789,0
2012-11-23,11.09000015258789,11.09000015258789,11.09000015258789,11.09000015258789,0
2012-11-26,11.09000015258789,11.09000015258789,11.09000015258789,11.09000015258789,0
2012-11-27,11.109999656677246,11.109999656677246,11.109999656677246,11.109999656677246,0
2012-11-28,11.119999885559082,11.119999885559082,11.119999885559082,11.119999885559082,0
2012-11-29,11.130000114440918,11.130000114440918,11.130000114440918,11.130000114440918,0
2012-11-30,11.130000114440918,11.130000114440918,11.130000114440918,11.130000114440918,0
2012-12-03,11.130000114440918,11.130000114440918,11.130000114440918,11.130000114440918,0
2012-12-04,11.130000114440918,11.130000114440918,11.130000114440918,11.130000114440918,0
2012-12-05,11.130000114440918,11.130000114440918,11.130000114440918,11.130000114440918,0
2012-12-06,11.130000114440918,11.130000114440918,11.130000114440918,11.130000114440918,0
2012-12-07,11.119999885559082,11.119999885559082,11.119999885559082,11.119999885559082,0
2012-12-10,11.119999885559082,11.119999885559082,11.119999885559082,11.119999885559082,0
2012-12-11,11.079999923706055,11.079999923706055,11.079999923706055,11.079999923706055,0
2012-12-12,11.0600004196167,11.0600004196167,11.0600004196167,11.0600004196167,0
2012-12-13,11.029999732971191,11.029999732971191,11.029999732971191,11.029999732971191,0
2012-12-14,10.989999771118164,10.989999771118164,10.989999771118164,10.989999771118164,0
2012-12-17,10.949999809265137,10.949999809265137,10.949999809265137,10.949999809265137,0
2012-12-18,10.899999618530273,10.899999618530273,10.899999618530273,10.899999618530273,0
2012-12-19,10.899999618530273,10.899999618530273,10.899999618530273,10.899999618530273,0
2012-12-20,10.90999984741211,10.90999984741211,10.90999984741211,10.90999984741211,0
2012-12-21,10.920000076293945,10.920000076293945,10.920000076293945,10.920000076293945,0
2012-12-24,10.920000076293945,10.920000076293945,10.920000076293945,10.920000076293945,0
2012-12-26,10.920000076293945,10.920000076293945,10.920000076293945,10.920000076293945,0
2012-12-27,10.920000076293945,10.920000076293945,10.920000076293945,10.920000076293945,0
2012-12-28,10.920000076293945,10.920000076293945,10.920000076293945,10.920000076293945,0
2012-12-31,10.920000076293945,10.920000076293945,10.920000076293945,10.920000076293945,0
2013-01-02,10.920000076293945,10.920000076293945,10.920000076293945,10.920000076293945,0
2013-01-03,10.920000076293945,10.920000076293945,10.920000076293945,10.920000076293945,0
2013-01-04,10.90999984741211,10.90999984741211,10.90999984741211,10.90999984741211,0
2013-01-07,10.920000076293945,10.920000076293945,10.920000076293945,10.920000076293945,0
2013-01-08,10.949999809265137,10.949999809265137,10.949999809265137,10.949999809265137,0
2013-01-09,10.979999542236328,10.979999542236328,10.979999542236328,10.979999542236328,0
2013-01-10,10.970000267028809,10.970000267028809,10.970000267028809,10.970000267028809,0
2013-01-11,10.979999542236328,10.979999542236328,10.979999542236328,10.979999542236328,0
2013-01-14,10.989999771118164,10.989999771118164,10.989999771118164,10.989999771118164,0
2013-01-15,11.0,11.0,11.0,11.0,0
2013-01-16,11.020000457763672,11.020000457763672,11.020000457763672,11.020000457763672,0
2013-01-17,11.010000228881836,11.010000228881836,11.010000228881836,11.010000228881836,0
2013-01-18,11.010000228881836,11.010000228881836,11.010000228881836,11.010000228881836,0
2013-01-22,11.010000228881836,11.010000228881836,11.010000228881836,11.010000228881836,0
2013-01-23,11.010000228881836,11.010000228881836,11.010000228881836,11.010000228881836,0
2013-01-24,11.010000228881836,11.010000228881836,11.010000228881836,11.010000228881836,0
2013-01-25,10.979999542236328,10.979999542236328,10.979999542236328,10.979999542236328,0
2013-01-28,10.960000038146973,10.960000038146973,10.960000038146973,10.960000038146973,0
2013-01-29,10.949999809265137,10.949999809265137,10.949999809265137,10.949999809265137,0
2013-01-30,10.9399995803833,10.9399995803833,10.9399995803833,10.9399995803833,0
2013-01-31,10.9399995803833,10.9399995803833,10.9399995803833,10.9399995803833,0
2013-02-01,10.9399995803833,10.9399995803833,10.9399995803833,10.9399995803833,0
2013-02-04,10.9399995803833,10.9399995803833,10.9399995803833,10.9399995803833,0
2013-02-05,10.930000305175781,10.930000305175781,10.930000305175781,10.930000305175781,0
2013-02-06,10.9399995803833,10.9399995803833,10.9399995803833,10.9399995803833,0
2013-02-07,10.9399995803833,10.9399995803833,10.9399995803833,10.9399995803833,0
2013-02-08,10.9399995803833,10.9399995803833,10.9399995803833,10.9399995803833,0
2013-02-11,10.9399995803833,10.9399995803833,10.9399995803833,10.9399995803833,0
2013-02-12,10.9399995803833,10.9399995803833,10.9399995803833,10.9399995803833,0
2013-02-13,10.920000076293945,10.920000076293945,10.920000076293945,10.920000076293945,0
2013-02-14,10.920000076293945,10.920000076293945,10.920000076293945,10.920000076293945,0
2013-02-15,10.920000076293945,10.920000076293945,10.920000076293945,10.920000076293945,0
2013-02-19,10.920000076293945,10.920000076293945,10.920000076293945,10.920000076293945,0
2013-02-20,10.899999618530273,10.899999618530273,10.899999618530273,10.899999618530273,0
2013-02-21,10.899999618530273,10.899999618530273,10.899999618530273,10.899999618530273,0
2013-02-22,10.899999618530273,10.899999618530273,10.899999618530273,10.899999618530273,0
2013-02-25,10.90999984741211,10.90999984741211,10.90999984741211,10.90999984741211,0
2013-02-26,10.920000076293945,10.920000076293945,10.920000076293945,10.920000076293945,0
2013-02-27,10.930000305175781,10.930000305175781,10.930000305175781,10.930000305175781,0
2013-02-28,10.930000305175781,10.930000305175781,10.930000305175781,10.930000305175781,0
2013-03-01,10.9399995803833,10.9399995803833,10.9399995803833,10.9399995803833,0
2013-03-04,10.930000305175781,10.930000305175781,10.930000305175781,10.930000305175781,0
2013-03-05,10.920000076293945,10.920000076293945,10.920000076293945,10.920000076293945,0
2013-03-06,10.890000343322754,10.890000343322754,10.890000343322754,10.890000343322754,0
2013-03-07,10.869999885559082,10.869999885559082,10.869999885559082,10.869999885559082,0
2013-03-08,10.829999923706055,10.829999923706055,10.829999923706055,10.829999923706055,0
2013-03-11,10.819999694824219,10.819999694824219,10.819999694824219,10.819999694824219,0
2013-03-12,10.819999694824219,10.819999694824219,10.819999694824219,10.819999694824219,0
2013-03-13,10.8100004196167,10.8100004196167,10.8100004196167,10.8100004196167,0
2013-03-14,10.789999961853027,10.789999961853027,10.789999961853027,10.789999961853027,0
2013-03-15,10.789999961853027,10.789999961853027,10.789999961853027,10.789999961853027,0
2013-03-18,10.8100004196167,10.8100004196167,10.8100004196167,10.8100004196167,0
2013-03-19,10.819999694824219,10.819999694824219,10.819999694824219,10.819999694824219,0
2013-03-20,10.8100004196167,10.8100004196167,10.8100004196167,10.8100004196167,0
2013-03-21,10.8100004196167,10.8100004196167,10.8100004196167,10.8100004196167,0
2013-03-22,10.819999694824219,10.819999694824219,10.819999694824219,10.819999694824219,0
2013-03-25,10.8100004196167,10.8100004196167,10.8100004196167,10.8100004196167,0
2013-03-26,10.8100004196167,10.8100004196167,10.8100004196167,10.8100004196167,0
2013-03-27,10.829999923706055,10.829999923706055,10.829999923706055,10.829999923706055,0
2013-03-28,10.829999923706055,10.829999923706055,10.829999923706055,10.829999923706055,0
2013-04-01,10.829999923706055,10.829999923706055,10.829999923706055,10.829999923706055,0
2013-04-02,10.829999923706055,10.829999923706055,10.829999923706055,10.829999923706055,0
2013-04-03,10.84000015258789,10.84000015258789,10.84000015258789,10.84000015258789,0
2013-04-04,10.869999885559082,10.869999885559082,10.869999885559082,10.869999885559082,0
2013-04-05,10.90999984741211,10.90999984741211,10.90999984741211,10.90999984741211,0
2013-04-08,10.90999984741211,10.90999984741211,10.90999984741211,10.90999984741211,0
2013-04-09,10.899999618530273,10.899999618530273,10.899999618530273,10.899999618530273,0
2013-04-10,10.890000343322754,10.890000343322754,10.890000343322754,10.890000343322754,0
2013-04-11,10.890000343322754,10.890000343322754,10.890000343322754,10.890000343322754,0
2013-04-12,10.899999618530273,10.899999618530273,10.899999618530273,10.899999618530273,0
2013-04-15,10.899999618530273,10.899999618530273,10.899999618530273,10.899999618530273,0
2013-04-16,10.899999618530273,10.899999618530273,10.899999618530273,10.899999618530273,0
2013-04-17,10.90999984741211,10.90999984741211,10.90999984741211,10.90999984741211,0
2013-04-18,10.90999984741211,10.90999984741211,10.90999984741211,10.90999984741211,0
2013-04-19,10.90999984741211,10.90999984741211,10.90999984741211,10.90999984741211,0
2013-04-22,10.90999984741211,10.90999984741211,10.90999984741211,10.90999984741211,0
2013-04-23,10.90999984741211,10.90999984741211,10.90999984741211,10.90999984741211,0
2013-04-24,10.90999984741211,10.90999984741211,10.90999984741211,10.90999984741211,0
2013-04-25,10.90999984741211,10.90999984741211,10.90999984741211,10.90999984741211,0
2013-04-26,10.920000076293945,10.920000076293945,10.920000076293945,10.920000076293945,0
2013-04-29,10.920000076293945,10.920000076293945,10.920000076293945,10.920000076293945,0
2013-04-30,10.930000305175781,10.930000305175781,10.930000305175781,10.930000305175781,0
2013-05-01,10.949999809265137,10.949999809265137,10.949999809265137,10.949999809265137,0
2013-05-02,10.949999809265137,10.949999809265137,10.949999809265137,10.949999809265137,0
2013-05-03,10.930000305175781,10.930000305175781,10.930000305175781,10.930000305175781,0
2013-05-06,10.90999984741211,10.90999984741211,10.90999984741211,10.90999984741211,0
2013-05-07,10.899999618530273,10.899999618530273,10.899999618530273,10.899999618530273,0
2013-05-08,10.899999618530273,10.899999618530273,10.899999618530273,10.899999618530273,0
2013-05-09,10.90999984741211,10.90999984741211,10.90999984741211,10.90999984741211,0
2013-05-10,10.880000114440918,10.880000114440918,10.880000114440918,10.880000114440918,0
2013-05-13,10.869999885559082,10.869999885559082,10.869999885559082,10.869999885559082,0
2013-05-14,10.859999656677246,10.859999656677246,10.859999656677246,10.859999656677246,0
2013-05-15,10.859999656677246,10.859999656677246,10.859999656677246,10.859999656677246,0
2013-05-16,10.869999885559082,10.869999885559082,10.869999885559082,10.869999885559082,0
2013-05-17,10.859999656677246,10.859999656677246,10.859999656677246,10.859999656677246,0
2013-05-20,10.859999656677246,10.859999656677246,10.859999656677246,10.859999656677246,0
2013-05-21,10.850000381469727,10.850000381469727,10.850000381469727,10.850000381469727,0
2013-05-22,10.829999923706055,10.829999923706055,10.829999923706055,10.829999923706055,0
2013-05-23,10.8100004196167,10.8100004196167,10.8100004196167,10.8100004196167,0
2013-05-24,10.8100004196167,10.8100004196167,10.8100004196167,10.8100004196167,0
2013-05-28,10.770000457763672,10.770000457763672,10.770000457763672,10.770000457763672,0
2013-05-29,10.739999771118164,10.739999771118164,10.739999771118164,10.739999771118164,0
2013-05-30,10.729999542236328,10.729999542236328,10.729999542236328,10.729999542236328,0
2013-05-31,10.720000267028809,10.720000267028809,10.720000267028809,10.720000267028809,0
2013-06-03,10.720000267028809,10.720000267028809,10.720000267028809,10.720000267028809,0
2013-06-04,10.6899995803833,10.6899995803833,10.6899995803833,10.6899995803833,0
2013-06-05,10.680000305175781,10.680000305175781,10.680000305175781,10.680000305175781,0
2013-06-06,10.6899995803833,10.6899995803833,10.6899995803833,10.6899995803833,0
2013-06-07,10.65999984741211,10.65999984741211,10.65999984741211,10.65999984741211,0
2013-06-10,10.619999885559082,10.619999885559082,10.619999885559082,10.619999885559082,0
2013-06-11,10.569999694824219,10.569999694824219,10.569999694824219,10.569999694824219,0
2013-06-12,10.550000190734863,10.550000190734863,10.550000190734863,10.550000190734863,0
2013-06-13,10.539999961853027,10.539999961853027,10.539999961853027,10.539999961853027,0
2013-06-14,10.539999961853027,10.539999961853027,10.539999961853027,10.539999961853027,0
2013-06-17,10.539999961853027,10.539999961853027,10.539999961853027,10.539999961853027,0
2013-06-18,10.529999732971191,10.529999732971191,10.529999732971191,10.529999732971191,0
2013-06-19,10.5,10.5,10.5,10.5,0
2013-06-20,10.380000114440918,10.380000114440918,10.380000114440918,10.380000114440918,0
2013-06-21,10.260000228881836,10.260000228881836,10.260000228881836,10.260000228881836,0
2013-06-24,10.130000114440918,10.130000114440918,10.130000114440918,10.130000114440918,0
2013-06-25,10.130000114440918,10.130000114440918,10.130000114440918,10.130000114440918,0
2013-06-26,10.260000228881836,10.260000228881836,10.260000228881836,10.260000228881836,0
2013-06-27,10.329999923706055,10.329999923706055,10.329999923706055,10.329999923706055,0
2013-06-28,10.329999923706055,10.329999923706055,10.329999923706055,10.329999923706055,0
2013-07-01,10.329999923706055,10.329999923706055,10.329999923706055,10.329999923706055,0
2013-07-02,10.329999923706055,10.329999923706055,10.329999923706055,10.329999923706055,0
2013-07-03,10.329999923706055,10.329999923706055,10.329999923706055,10.329999923706055,0
2013-07-05,10.270000457763672,10.270000457763672,10.270000457763672,10.270000457763672,0
2013-07-08,10.260000228881836,10.260000228881836,10.260000228881836,10.260000228881836,0
2013-07-09,10.239999771118164,10.239999771118164,10.239999771118164,10.239999771118164,0
2013-07-10,10.229999542236328,10.229999542236328,10.229999542236328,10.229999542236328,0
2013-07-11,10.260000228881836,10.260000228881836,10.260000228881836,10.260000228881836,0
2013-07-12,10.270000457763672,10.270000457763672,10.270000457763672,10.270000457763672,0
2013-07-15,10.270000457763672,10.270000457763672,10.270000457763672,10.270000457763672,0
2013-07-16,10.270000457763672,10.270000457763672,10.270000457763672,10.270000457763672,0
2013-07-17,10.279999732971191,10.279999732971191,10.279999732971191,10.279999732971191,0
2013-07-18,10.270000457763672,10.270000457763672,10.270000457763672,10.270000457763672,0
2013-07-19,10.220000267028809,10.220000267028809,10.220000267028809,10.220000267028809,0
2013-07-22,10.210000038146973,10.210000038146973,10.210000038146973,10.210000038146973,0
2013-07-23,10.170000076293945,10.170000076293945,10.170000076293945,10.170000076293945,0
2013-07-24,10.119999885559082,10.119999885559082,10.119999885559082,10.119999885559082,0
2013-07-25,10.119999885559082,10.119999885559082,10.119999885559082,10.119999885559082,0
2013-07-26,10.170000076293945,10.170000076293945,10.170000076293945,10.170000076293945,0
2013-07-29,10.180000305175781,10.180000305175781,10.180000305175781,10.180000305175781,0
2013-07-30,10.1899995803833,10.1899995803833,10.1899995803833,10.1899995803833,0
2013-07-31,10.180000305175781,10.180000305175781,10.180000305175781,10.180000305175781,0
2013-08-01,10.170000076293945,10.170000076293945,10.170000076293945,10.170000076293945,0
2013-08-02,10.170000076293945,10.170000076293945,10.170000076293945,10.170000076293945,0
2013-08-05,10.15999984741211,10.15999984741211,10.15999984741211,10.15999984741211,0
2013-08-06,10.149999618530273,10.149999618530273,10.149999618530273,10.149999618530273,0
2013-08-07,10.149999618530273,10.149999618530273,10.149999618530273,10.149999618530273,0
2013-08-08,10.149999618530273,10.149999618530273,10.149999618530273,10.149999618530273,0
2013-08-09,10.149999618530273,10.149999618530273,10.149999618530273,10.149999618530273,0
2013-08-12,10.149999618530273,10.149999618530273,10.149999618530273,10.149999618530273,0
2013-08-13,10.109999656677246,10.109999656677246,10.109999656677246,10.109999656677246,0
2013-08-14,10.109999656677246,10.109999656677246,10.109999656677246,10.109999656677246,0
2013-08-15,10.069999694824219,10.069999694824219,10.069999694824219,10.069999694824219,0
2013-08-16,10.0600004196167,10.0600004196167,10.0600004196167,10.0600004196167,0
2013-08-19,10.050000190734863,10.050000190734863,10.050000190734863,10.050000190734863,0
2013-08-20,10.039999961853027,10.039999961853027,10.039999961853027,10.039999961853027,0
2013-08-21,10.029999732971191,10.029999732971191,10.029999732971191,10.029999732971191,0
2013-08-22,10.010000228881836,10.010000228881836,10.010000228881836,10.010000228881836,0
2013-08-23,10.010000228881836,10.010000228881836,10.010000228881836,10.010000228881836,0
2013-08-26,10.020000457763672,10.020000457763672,10.020000457763672,10.020000457763672,0
2013-08-27,10.029999732971191,10.029999732971191,10.029999732971191,10.029999732971191,0
2013-08-28,10.020000457763672,10.020000457763672,10.020000457763672,10.020000457763672,0
2013-08-29,10.020000457763672,10.020000457763672,10.020000457763672,10.020000457763672,0
2013-08-30,10.020000457763672,10.020000457763672,10.020000457763672,10.020000457763672,0
2013-09-03,9.989999771118164,9.989999771118164,9.989999771118164,9.989999771118164,0
2013-09-04,9.989999771118164,9.989999771118164,9.989999771118164,9.989999771118164,0
2013-09-05,9.970000267028809,9.970000267028809,9.970000267028809,9.970000267028809,0
2013-09-06,9.989999771118164,9.989999771118164,9.989999771118164,9.989999771118164,0
2013-09-09,10.0,10.0,10.0,10.0,0
2013-09-10,10.0,10.0,10.0,10.0,0
2013-09-11,10.020000457763672,10.020000457763672,10.020000457763672,10.020000457763672,0
2013-09-12,10.050000190734863,10.050000190734863,10.050000190734863,10.050000190734863,0
2013-09-13,10.069999694824219,10.069999694824219,10.069999694824219,10.069999694824219,0
2013-09-16,10.130000114440918,10.130000114440918,10.130000114440918,10.130000114440918,0
2013-09-17,10.140000343322754,10.140000343322754,10.140000343322754,10.140000343322754,0
2013-09-18,10.180000305175781,10.180000305175781,10.180000305175781,10.180000305175781,0
2013-09-19,10.210000038146973,10.210000038146973,10.210000038146973,10.210000038146973,0
2013-09-20,10.220000267028809,10.220000267028809,10.220000267028809,10.220000267028809,0
2013-09-23,10.229999542236328,10.229999542236328,10.229999542236328,10.229999542236328,0
2013-09-24,10.25,10.25,10.25,10.25,0
2013-09-25,10.270000457763672,10.270000457763672,10.270000457763672,10.270000457763672,0
2013-09-26,10.270000457763672,10.270000457763672,10.270000457763672,10.270000457763672,0
2013-09-27,10.270000457763672,10.270000457763672,10.270000457763672,10.270000457763672,0
2013-09-30,10.270000457763672,10.270000457763672,10.270000457763672,10.270000457763672,0
2013-10-01,10.260000228881836,10.260000228881836,10.260000228881836,10.260000228881836,0
2013-10-02,10.270000457763672,10.270000457763672,10.270000457763672,10.270000457763672,0
2013-10-03,10.270000457763672,10.270000457763672,10.270000457763672,10.270000457763672,0
2013-10-04,10.270000457763672,10.270000457763672,10.270000457763672,10.270000457763672,0
2013-10-07,10.270000457763672,10.270000457763672,10.270000457763672,10.270000457763672,0
2013-10-08,10.270000457763672,10.270000457763672,10.270000457763672,10.270000457763672,0
2013-10-09,10.260000228881836,10.260000228881836,10.260000228881836,10.260000228881836,0
2013-10-10,10.239999771118164,10.239999771118164,10.239999771118164,10.239999771118164,0
2013-10-11,10.239999771118164,10.239999771118164,10.239999771118164,10.239999771118164,0
2013-10-14,10.239999771118164,10.239999771118164,10.239999771118164,10.239999771118164,0
2013-10-15,10.220000267028809,10.220000267028809,10.220000267028809,10.220000267028809,0
2013-10-16,10.199999809265137,10.199999809265137,10.199999809265137,10.199999809265137,0
2013-10-17,10.220000267028809,10.220000267028809,10.220000267028809,10.220000267028809,0
2013-10-18,10.229999542236328,10.229999542236328,10.229999542236328,10.229999542236328,0
2013-10-21,10.229999542236328,10.229999542236328,10.229999542236328,10.229999542236328,0
2013-10-22,10.25,10.25,10.25,10.25,0
2013-10-23,10.270000457763672,10.270000457763672,10.270000457763672,10.270000457763672,0
2013-10-24,10.300000190734863,10.300000190734863,10.300000190734863,10.300000190734863,0
2013-10-25,10.3100004196167,10.3100004196167,10.3100004196167,10.3100004196167,0
2013-10-28,10.3100004196167,10.3100004196167,10.3100004196167,10.3100004196167,0
2013-10-29,10.319999694824219,10.319999694824219,10.319999694824219,10.319999694824219,0
2013-10-30,10.329999923706055,10.329999923706055,10.329999923706055,10.329999923706055,0
2013-10-31,10.329999923706055,10.329999923706055,10.329999923706055,10.329999923706055,0
2013-11-01,10.319999694824219,10.319999694824219,10.319999694824219,10.319999694824219,0
2013-11-04,10.319999694824219,10.319999694824219,10.319999694824219,10.319999694824219,0
2013-11-05,10.289999961853027,10.289999961853027,10.289999961853027,10.289999961853027,0
2013-11-06,10.289999961853027,10.289999961853027,10.289999961853027,10.289999961853027,0
2013-11-07,10.3100004196167,10.3100004196167,10.3100004196167,10.3100004196167,0
2013-11-08,10.270000457763672,10.270000457763672,10.270000457763672,10.270000457763672,0
2013-11-11,10.270000457763672,10.270000457763672,10.270000457763672,10.270000457763672,0
2013-11-12,10.25,10.25,10.25,10.25,0
2013-11-13,10.25,10.25,10.25,10.25,0
2013-11-14,10.270000457763672,10.270000457763672,10.270000457763672,10.270000457763672,0
2013-11-15,10.279999732971191,10.279999732971191,10.279999732971191,10.279999732971191,0
2013-11-18,10.279999732971191,10.279999732971191,10.279999732971191,10.279999732971191,0
2013-11-19,10.289999961853027,10.289999961853027,10.289999961853027,10.289999961853027,0
2013-11-20,10.279999732971191,10.279999732971191,10.279999732971191,10.279999732971191,0
2013-11-21,10.25,10.25,10.25,10.25,0
2013-11-22,10.260000228881836,10.260000228881836,10.260000228881836,10.260000228881836,0
2013-11-25,10.260000228881836,10.260000228881836,10.260000228881836,10.260000228881836,0
2013-11-26,10.270000457763672,10.270000457763672,10.270000457763672,10.270000457763672,0
2013-11-27,10.270000457763672,10.270000457763672,10.270000457763672,10.270000457763672,0
2013-11-29,10.270000457763672,10.270000457763672,10.270000457763672,10.270000457763672,0
2013-12-02,10.260000228881836,10.260000228881836,10.260000228881836,10.260000228881836,0
2013-12-03,10.260000228881836,10.260000228881836,10.260000228881836,10.260000228881836,0
2013-12-04,10.229999542236328,10.229999542236328,10.229999542236328,10.229999542236328,0
2013-12-05,10.220000267028809,10.220000267028809,10.220000267028809,10.220000267028809,0
2013-12-06,10.220000267028809,10.220000267028809,10.220000267028809,10.220000267028809,0
2013-12-09,10.220000267028809,10.220000267028809,10.220000267028809,10.220000267028809,0
2013-12-10,10.239999771118164,10.239999771118164,10.239999771118164,10.239999771118164,0
2013-12-11,10.239999771118164,10.239999771118164,10.239999771118164,10.239999771118164,0
2013-12-12,10.25,10.25,10.25,10.25,0
2013-12-13,10.25,10.25,10.25,10.25,0
2013-12-16,10.260000228881836,10.260000228881836,10.260000228881836,10.260000228881836,0
2013-12-17,10.25,10.25,10.25,10.25,0
2013-12-18,10.25,10.25,10.25,10.25,0
2013-12-19,10.229999542236328,10.229999542236328,10.229999542236328,10.229999542236328,0
2013-12-20,10.229999542236328,10.229999542236328,10.229999542236328,10.229999542236328,0
2013-12-23,10.220000267028809,10.220000267028809,10.220000267028809,10.220000267028809,0
2013-12-24,10.220000267028809,10.220000267028809,10.220000267028809,10.220000267028809,0
2013-12-26,10.220000267028809,10.220000267028809,10.220000267028809,10.220000267028809,0
2013-12-27,10.210000038146973,10.210000038146973,10.210000038146973,10.210000038146973,0
2013-12-30,10.220000267028809,10.220000267028809,10.220000267028809,10.220000267028809,0
2013-12-31,10.220000267028809,10.220000267028809,10.220000267028809,10.220000267028809,0
2014-01-02,10.220000267028809,10.220000267028809,10.220000267028809,10.220000267028809,0
2014-01-03,10.220000267028809,10.220000267028809,10.220000267028809,10.220000267028809,0
2014-01-06,10.229999542236328,10.229999542236328,10.229999542236328,10.229999542236328,0
2014-01-07,10.25,10.25,10.25,10.25,0
2014-01-08,10.270000457763672,10.270000457763672,10.270000457763672,10.270000457763672,0
2014-01-09,10.289999961853027,10.289999961853027,10.289999961853027,10.289999961853027,0
2014-01-10,10.329999923706055,10.329999923706055,10.329999923706055,10.329999923706055,0
2014-01-13,10.350000381469727,10.350000381469727,10.350000381469727,10.350000381469727,0
2014-01-14,10.359999656677246,10.359999656677246,10.359999656677246,10.359999656677246,0
2014-01-15,10.350000381469727,10.350000381469727,10.350000381469727,10.350000381469727,0
2014-01-16,10.380000114440918,10.380000114440918,10.380000114440918,10.380000114440918,0
2014-01-17,10.390000343322754,10.390000343322754,10.390000343322754,10.390000343322754,0
2014-01-21,10.390000343322754,10.390000343322754,10.390000343322754,10.390000343322754,0
2014-01-22,10.40999984741211,10.40999984741211,10.40999984741211,10.40999984741211,0
2014-01-23,10.430000305175781,10.430000305175781,10.430000305175781,10.430000305175781,0
2014-01-24,10.460000038146973,10.460000038146973,10.460000038146973,10.460000038146973,0
2014-01-27,10.460000038146973,10.460000038146973,10.460000038146973,10.460000038146973,0
2014-01-28,10.4399995803833,10.4399995803833,10.4399995803833,10.4399995803833,0
2014-01-29,10.4399995803833,10.4399995803833,10.4399995803833,10.4399995803833,0
2014-01-30,10.430000305175781,10.430000305175781,10.430000305175781,10.430000305175781,0
2014-01-31,10.430000305175781,10.430000305175781,10.430000305175781,10.430000305175781,0
2014-02-03,10.4399995803833,10.4399995803833,10.4399995803833,10.4399995803833,0
2014-02-04,10.4399995803833,10.4399995803833,10.4399995803833,10.4399995803833,0
2014-02-05,10.449999809265137,10.449999809265137,10.449999809265137,10.449999809265137,0
2014-02-06,10.4399995803833,10.4399995803833,10.4399995803833,10.4399995803833,0
2014-02-07,10.4399995803833,10.4399995803833,10.4399995803833,10.4399995803833,0
2014-02-10,10.449999809265137,10.449999809265137,10.449999809265137,10.449999809265137,0
2014-02-11,10.4399995803833,10.4399995803833,10.4399995803833,10.4399995803833,0
2014-02-12,10.4399995803833,10.4399995803833,10.4399995803833,10.4399995803833,0
2014-02-13,10.4399995803833,10.4399995803833,10.4399995803833,10.4399995803833,0
2014-02-14,10.4399995803833,10.4399995803833,10.4399995803833,10.4399995803833,0
2014-02-18,10.449999809265137,10.449999809265137,10.449999809265137,10.449999809265137,0
2014-02-19,10.460000038146973,10.460000038146973,10.460000038146973,10.460000038146973,0
2014-02-20,10.460000038146973,10.460000038146973,10.460000038146973,10.460000038146973,0
2014-02-21,10.460000038146973,10.460000038146973,10.460000038146973,10.460000038146973,0
2014-02-24,10.460000038146973,10.460000038146973,10.460000038146973,10.460000038146973,0
2014-02-25,10.470000267028809,10.470000267028809,10.470000267028809,10.470000267028809,0
2014-02-26,10.489999771118164,10.489999771118164,10.489999771118164,10.489999771118164,0
2014-02-27,10.520000457763672,10.520000457763672,10.520000457763672,10.520000457763672,0
2014-02-28,10.529999732971191,10.529999732971191,10.529999732971191,10.529999732971191,0
2014-03-03,10.550000190734863,10.550000190734863,10.550000190734863,10.550000190734863,0
2014-03-04,10.539999961853027,10.539999961853027,10.539999961853027,10.539999961853027,0
2014-03-05,10.510000228881836,10.510000228881836,10.510000228881836,10.510000228881836,0
2014-03-06,10.5,10.5,10.5,10.5,0
2014-03-07,10.460000038146973,10.460000038146973,10.460000038146973,10.460000038146973,0
2014-03-10,10.449999809265137,10.449999809265137,10.449999809265137,10.449999809265137,0
2014-03-11,10.449999809265137,10.449999809265137,10.449999809265137,10.449999809265137,0
2014-03-12,10.479999542236328,10.479999542236328,10.479999542236328,10.479999542236328,0
2014-03-13,10.5,10.5,10.5,10.5,0
2014-03-14,10.529999732971191,10.529999732971191,10.529999732971191,10.529999732971191,0
2014-03-17,10.520000457763672,10.520000457763672,10.520000457763672,10.520000457763672,0
2014-03-18,10.510000228881836,10.510000228881836,10.510000228881836,10.510000228881836,0
2014-03-19,10.489999771118164,10.489999771118164,10.489999771118164,10.489999771118164,0
2014-03-20,10.470000267028809,10.470000267028809,10.470000267028809,10.470000267028809,0
2014-03-21,10.470000267028809,10.470000267028809,10.470000267028809,10.470000267028809,0
2014-03-24,10.470000267028809,10.470000267028809,10.470000267028809,10.470000267028809,0
2014-03-25,10.470000267028809,10.470000267028809,10.470000267028809,10.470000267028809,0
2014-03-26,10.5,10.5,10.5,10.5,0
2014-03-27,10.520000457763672,10.520000457763672,10.520000457763672,10.520000457763672,0
2014-03-28,10.529999732971191,10.529999732971191,10.529999732971191,10.529999732971191,0
2014-03-31,10.520000457763672,10.520000457763672,10.520000457763672,10.520000457763672,0
2014-04-01,10.510000228881836,10.510000228881836,10.510000228881836,10.510000228881836,0
2014-04-02,10.5,10.5,10.5,10.5,0
2014-04-03,10.5,10.5,10.5,10.5,0
2014-04-04,10.529999732971191,10.529999732971191,10.529999732971191,10.529999732971191,0
2014-04-07,10.539999961853027,10.539999961853027,10.539999961853027,10.539999961853027,0
2014-04-08,10.550000190734863,10.550000190734863,10.550000190734863,10.550000190734863,0
2014-04-09,10.5600004196167,10.5600004196167,10.5600004196167,10.5600004196167,0
2014-04-10,10.59000015258789,10.59000015258789,10.59000015258789,10.59000015258789,0
2014-04-11,10.619999885559082,10.619999885559082,10.619999885559082,10.619999885559082,0
2014-04-14,10.619999885559082,10.619999885559082,10.619999885559082,10.619999885559082,0
2014-04-15,10.619999885559082,10.619999885559082,10.619999885559082,10.619999885559082,0
2014-04-16,10.630000114440918,10.630000114440918,10.630000114440918,10.630000114440918,0
2014-04-17,10.630000114440918,10.630000114440918,10.630000114440918,10.630000114440918,0
2014-04-21,10.619999885559082,10.619999885559082,10.619999885559082,10.619999885559082,0
2014-04-22,10.619999885559082,10.619999885559082,10.619999885559082,10.619999885559082,0
2014-04-23,10.630000114440918,10.630000114440918,10.630000114440918,10.630000114440918,0
2014-04-24,10.630000114440918,10.630000114440918,10.630000114440918,10.630000114440918,0
2014-04-25,10.649999618530273,10.649999618530273,10.649999618530273,10.649999618530273,0
2014-04-28,10.649999618530273,10.649999618530273,10.649999618530273,10.649999618530273,0
2014-04-29,10.640000343322754,10.640000343322754,10.640000343322754,10.640000343322754,0
2014-04-30,10.649999618530273,10.649999618530273,10.649999618530273,10.649999618530273,0
2014-05-01,10.65999984741211,10.65999984741211,10.65999984741211,10.65999984741211,0
2014-05-02,10.65999984741211,10.65999984741211,10.65999984741211,10.65999984741211,0
2014-05-05,10.65999984741211,10.65999984741211,10.65999984741211,10.65999984741211,0
2014-05-06,10.670000076293945,10.670000076293945,10.670000076293945,10.670000076293945,0
2014-05-07,10.680000305175781,10.680000305175781,10.680000305175781,10.680000305175781,0
2014-05-08,10.6899995803833,10.6899995803833,10.6899995803833,10.6899995803833,0
2014-05-09,10.699999809265137,10.699999809265137,10.699999809265137,10.699999809265137,0
2014-05-12,10.699999809265137,10.699999809265137,10.699999809265137,10.699999809265137,0
2014-05-13,10.710000038146973,10.710000038146973,10.710000038146973,10.710000038146973,0
2014-05-14,10.739999771118164,10.739999771118164,10.739999771118164,10.739999771118164,0
2014-05-15,10.760000228881836,10.760000228881836,10.760000228881836,10.760000228881836,0
2014-05-16,10.760000228881836,10.760000228881836,10.760000228881836,10.760000228881836,0
2014-05-19,10.75,10.75,10.75,10.75,0
2014-05-20,10.75,10.75,10.75,10.75,0
2014-05-21,10.739999771118164,10.739999771118164,10.739999771118164,10.739999771118164,0
2014-05-22,10.729999542236328,10.729999542236328,10.729999542236328,10.729999542236328,0
2014-05-23,10.729999542236328,10.729999542236328,10.729999542236328,10.729999542236328,0
2014-05-27,10.729999542236328,10.729999542236328,10.729999542236328,10.729999542236328,0
2014-05-28,10.75,10.75,10.75,10.75,0
2014-05-29,10.760000228881836,10.760000228881836,10.760000228881836,10.760000228881836,0
2014-05-30,10.760000228881836,10.760000228881836,10.760000228881836,10.760000228881836,0
2014-06-02,10.75,10.75,10.75,10.75,0
2014-06-03,10.729999542236328,10.729999542236328,10.729999542236328,10.729999542236328,0
2014-06-04,10.710000038146973,10.710000038146973,10.710000038146973,10.710000038146973,0
2014-06-05,10.710000038146973,10.710000038146973,10.710000038146973,10.710000038146973,0
2014-06-06,10.710000038146973,10.710000038146973,10.710000038146973,10.710000038146973,0
2014-06-09,10.699999809265137,10.699999809265137,10.699999809265137,10.699999809265137,0
2014-06-10,10.680000305175781,10.680000305175781,10.680000305175781,10.680000305175781,0
2014-06-11,10.680000305175781,10.680000305175781,10.680000305175781,10.680000305175781,0
2014-06-12,10.680000305175781,10.680000305175781,10.680000305175781,10.680000305175781,0
2014-06-13,10.680000305175781,10.680000305175781,10.680000305175781,10.680000305175781,0
2014-06-16,10.680000305175781,10.680000305175781,10.680000305175781,10.680000305175781,0
2014-06-17,10.680000305175781,10.680000305175781,10.680000305175781,10.680000305175781,0
2014-06-18,10.680000305175781,10.680000305175781,10.680000305175781,10.680000305175781,0
2014-06-19,10.680000305175781,10.680000305175781,10.680000305175781,10.680000305175781,0
2014-06-20,10.680000305175781,10.680000305175781,10.680000305175781,10.680000305175781,0
2014-06-23,10.680000305175781,10.680000305175781,10.680000305175781,10.680000305175781,0
2014-06-24,10.6899995803833,10.6899995803833,10.6899995803833,10.6899995803833,0
2014-06-25,10.720000267028809,10.720000267028809,10.720000267028809,10.720000267028809,0
2014-06-26,10.729999542236328,10.729999542236328,10.729999542236328,10.729999542236328,0
2014-06-27,10.729999542236328,10.729999542236328,10.729999542236328,10.729999542236328,0
2014-06-30,10.729999542236328,10.729999542236328,10.729999542236328,10.729999542236328,0
2014-07-01,10.720000267028809,10.720000267028809,10.720000267028809,10.720000267028809,0
2014-07-02,10.6899995803833,10.6899995803833,10.6899995803833,10.6899995803833,0
2014-07-03,10.680000305175781,10.680000305175781,10.680000305175781,10.680000305175781,0
2014-07-07,10.680000305175781,10.680000305175781,10.680000305175781,10.680000305175781,0
2014-07-08,10.670000076293945,10.670000076293945,10.670000076293945,10.670000076293945,0
2014-07-09,10.65999984741211,10.65999984741211,10.65999984741211,10.65999984741211,0
2014-07-10,10.670000076293945,10.670000076293945,10.670000076293945,10.670000076293945,0
2014-07-11,10.680000305175781,10.680000305175781,10.680000305175781,10.680000305175781,0
2014-07-14,10.680000305175781,10.680000305175781,10.680000305175781,10.680000305175781,0
2014-07-15,10.680000305175781,10.680000305175781,10.680000305175781,10.680000305175781,0
2014-07-16,10.6899995803833,10.6899995803833,10.6899995803833,10.6899995803833,0
2014-07-17,10.720000267028809,10.720000267028809,10.720000267028809,10.720000267028809,0
2014-07-18,10.729999542236328,10.729999542236328,10.729999542236328,10.729999542236328,0
2014-07-21,10.729999542236328,10.729999542236328,10.729999542236328,10.729999542236328,0
2014-07-22,10.729999542236328,10.729999542236328,10.729999542236328,10.729999542236328,0
2014-07-23,10.75,10.75,10.75,10.75,0
2014-07-24,10.739999771118164,10.739999771118164,10.739999771118164,10.739999771118164,0
2014-07-25,10.75,10.75,10.75,10.75,0
2014-07-28,10.75,10.75,10.75,10.75,0
2014-07-29,10.760000228881836,10.760000228881836,10.760000228881836,10.760000228881836,0
2014-07-30,10.75,10.75,10.75,10.75,0
2014-07-31,10.729999542236328,10.729999542236328,10.729999542236328,10.729999542236328,0
2014-08-01,10.729999542236328,10.729999542236328,10.729999542236328,10.729999542236328,0
2014-08-04,10.729999542236328,10.729999542236328,10.729999542236328,10.729999542236328,0
2014-08-05,10.729999542236328,10.729999542236328,10.729999542236328,10.729999542236328,0
2014-08-06,10.75,10.75,10.75,10.75,0
2014-08-07,10.760000228881836,10.760000228881836,10.760000228881836,10.760000228881836,0
2014-08-08,10.779999732971191,10.779999732971191,10.779999732971191,10.779999732971191,0
2014-08-11,10.779999732971191,10.779999732971191,10.779999732971191,10.779999732971191,0
2014-08-12,10.779999732971191,10.779999732971191,10.779999732971191,10.779999732971191,0
2014-08-13,10.789999961853027,10.789999961853027,10.789999961853027,10.789999961853027,0
2014-08-14,10.800000190734863,10.800000190734863,10.800000190734863,10.800000190734863,0
2014-08-15,10.829999923706055,10.829999923706055,10.829999923706055,10.829999923706055,0
2014-08-18,10.819999694824219,10.819999694824219,10.819999694824219,10.819999694824219,0
2014-08-19,10.819999694824219,10.819999694824219,10.819999694824219,10.819999694824219,0
2014-08-20,10.8100004196167,10.8100004196167,10.8100004196167,10.8100004196167,0
2014-08-21,10.8100004196167,10.8100004196167,10.8100004196167,10.8100004196167,0
2014-08-22,10.819999694824219,10.819999694824219,10.819999694824219,10.819999694824219,0
2014-08-25,10.8100004196167,10.8100004196167,10.8100004196167,10.8100004196167,0
2014-08-26,10.819999694824219,10.819999694824219,10.819999694824219,10.819999694824219,0
2014-08-27,10.84000015258789,10.84000015258789,10.84000015258789,10.84000015258789,0
2014-08-28,10.859999656677246,10.859999656677246,10.859999656677246,10.859999656677246,0
2014-08-29,10.859999656677246,10.859999656677246,10.859999656677246,10.859999656677246,0
2014-09-02,10.850000381469727,10.850000381469727,10.850000381469727,10.850000381469727,0
2014-09-03,10.829999923706055,10.829999923706055,10.829999923706055,10.829999923706055,0
2014-09-04,10.819999694824219,10.819999694824219,10.819999694824219,10.819999694824219,0
2014-09-05,10.819999694824219,10.819999694824219,10.819999694824219,10.819999694824219,0
2014-09-08,10.829999923706055,10.829999923706055,10.829999923706055,10.829999923706055,0
2014-09-09,10.819999694824219,10.819999694824219,10.819999694824219,10.819999694824219,0
2014-09-10,10.800000190734863,10.800000190734863,10.800000190734863,10.800000190734863,0
2014-09-11,10.800000190734863,10.800000190734863,10.800000190734863,10.800000190734863,0
2014-09-12,10.789999961853027,10.789999961853027,10.789999961853027,10.789999961853027,0
2014-09-15,10.779999732971191,10.779999732971191,10.779999732971191,10.779999732971191,0
2014-09-16,10.789999961853027,10.789999961853027,10.789999961853027,10.789999961853027,0
2014-09-17,10.789999961853027,10.789999961853027,10.789999961853027,10.789999961853027,0
2014-09-18,10.789999961853027,10.789999961853027,10.789999961853027,10.789999961853027,0
2014-09-19,10.800000190734863,10.800000190734863,10.800000190734863,10.800000190734863,0
2014-09-22,10.8100004196167,10.8100004196167,10.8100004196167,10.8100004196167,0
2014-09-23,10.819999694824219,10.819999694824219,10.819999694824219,10.819999694824219,0
2014-09-24,10.819999694824219,10.819999694824219,10.819999694824219,10.819999694824219,0
2014-09-25,10.829999923706055,10.829999923706055,10.829999923706055,10.829999923706055,0
2014-09-26,10.829999923706055,10.829999923706055,10.829999923706055,10.829999923706055,0
2014-09-29,10.84000015258789,10.84000015258789,10.84000015258789,10.84000015258789,0
2014-09-30,10.84000015258789,10.84000015258789,10.84000015258789,10.84000015258789,0
2014-10-01,10.869999885559082,10.869999885559082,10.869999885559082,10.869999885559082,0
2014-10-02,10.880000114440918,10.880000114440918,10.880000114440918,10.880000114440918,0
2014-10-03,10.869999885559082,10.869999885559082,10.869999885559082,10.869999885559082,0
2014-10-06,10.869999885559082,10.869999885559082,10.869999885559082,10.869999885559082,0
2014-10-07,10.890000343322754,10.890000343322754,10.890000343322754,10.890000343322754,0
2014-10-08,10.899999618530273,10.899999618530273,10.899999618530273,10.899999618530273,0
2014-10-09,10.930000305175781,10.930000305175781,10.930000305175781,10.930000305175781,0
2014-10-10,10.949999809265137,10.949999809265137,10.949999809265137,10.949999809265137,0
2014-10-13,10.9399995803833,10.9399995803833,10.9399995803833,10.9399995803833,0
2014-10-14,10.989999771118164,10.989999771118164,10.989999771118164,10.989999771118164,0
2014-10-15,11.029999732971191,11.029999732971191,11.029999732971191,11.029999732971191,0
2014-10-16,11.020000457763672,11.020000457763672,11.020000457763672,11.020000457763672,0
2014-10-17,10.989999771118164,10.989999771118164,10.989999771118164,10.989999771118164,0
2014-10-20,10.960000038146973,10.960000038146973,10.960000038146973,10.960000038146973,0
2014-10-21,10.920000076293945,10.920000076293945,10.920000076293945,10.920000076293945,0
2014-10-22,10.90999984741211,10.90999984741211,10.90999984741211,10.90999984741211,0
2014-10-23,10.890000343322754,10.890000343322754,10.890000343322754,10.890000343322754,0
2014-10-24,10.90999984741211,10.90999984741211,10.90999984741211,10.90999984741211,0
2014-10-27,10.920000076293945,10.920000076293945,10.920000076293945,10.920000076293945,0
2014-10-28,10.920000076293945,10.920000076293945,10.920000076293945,10.920000076293945,0
2014-10-29,10.899999618530273,10.899999618530273,10.899999618530273,10.899999618530273,0
2014-10-30,10.899999618530273,10.899999618530273,10.899999618530273,10.899999618530273,0
2014-10-31,10.890000343322754,10.890000343322754,10.890000343322754,10.890000343322754,0
2014-11-03,10.859999656677246,10.859999656677246,10.859999656677246,10.859999656677246,0
2014-11-04,10.850000381469727,10.850000381469727,10.850000381469727,10.850000381469727,0
2014-11-05,10.84000015258789,10.84000015258789,10.84000015258789,10.84000015258789,0
2014-11-06,10.829999923706055,10.829999923706055,10.829999923706055,10.829999923706055,0
2014-11-07,10.84000015258789,10.84000015258789,10.84000015258789,10.84000015258789,0
2014-11-10,10.84000015258789,10.84000015258789,10.84000015258789,10.84000015258789,0
2014-11-11,10.84000015258789,10.84000015258789,10.84000015258789,10.84000015258789,0
2014-11-12,10.84000015258789,10.84000015258789,10.84000015258789,10.84000015258789,0
2014-11-13,10.84000015258789,10.84000015258789,10.84000015258789,10.84000015258789,0
2014-11-14,10.829999923706055,10.829999923706055,10.829999923706055,10.829999923706055,0
2014-11-17,10.819999694824219,10.819999694824219,10.819999694824219,10.819999694824219,0
2014-11-18,10.819999694824219,10.819999694824219,10.819999694824219,10.819999694824219,0
2014-11-19,10.819999694824219,10.819999694824219,10.819999694824219,10.819999694824219,0
2014-11-20,10.84000015258789,10.84000015258789,10.84000015258789,10.84000015258789,0
2014-11-21,10.84000015258789,10.84000015258789,10.84000015258789,10.84000015258789,0
2014-11-24,10.829999923706055,10.829999923706055,10.829999923706055,10.829999923706055,0
2014-11-25,10.84000015258789,10.84000015258789,10.84000015258789,10.84000015258789,0
2014-11-26,10.850000381469727,10.850000381469727,10.850000381469727,10.850000381469727,0
2014-11-28,10.869999885559082,10.869999885559082,10.869999885559082,10.869999885559082,0
2014-12-01,10.880000114440918,10.880000114440918,10.880000114440918,10.880000114440918,0
2014-12-02,10.869999885559082,10.869999885559082,10.869999885559082,10.869999885559082,0
2014-12-03,10.869999885559082,10.869999885559082,10.869999885559082,10.869999885559082,0
2014-12-04,10.880000114440918,10.880000114440918,10.880000114440918,10.880000114440918,0
2014-12-05,10.869999885559082,10.869999885559082,10.869999885559082,10.869999885559082,0
2014-12-08,10.880000114440918,10.880000114440918,10.880000114440918,10.880000114440918,0
2014-12-09,10.90999984741211,10.90999984741211,10.90999984741211,10.90999984741211,0
2014-12-10,10.920000076293945,10.920000076293945,10.920000076293945,10.920000076293945,0
2014-12-11,10.920000076293945,10.920000076293945,10.920000076293945,10.920000076293945,0
2014-12-12,10.930000305175781,10.930000305175781,10.930000305175781,10.930000305175781,0
2014-12-15,10.920000076293945,10.920000076293945,10.920000076293945,10.920000076293945,0
2014-12-16,10.9399995803833,10.9399995803833,10.9399995803833,10.9399995803833,0
2014-12-17,10.930000305175781,10.930000305175781,10.930000305175781,10.930000305175781,0
2014-12-18,10.890000343322754,10.890000343322754,10.890000343322754,10.890000343322754,0
2014-12-19,10.890000343322754,10.890000343322754,10.890000343322754,10.890000343322754,0
2014-12-22,10.899999618530273,10.899999618530273,10.899999618530273,10.899999618530273,0
2014-12-23,10.880000114440918,10.880000114440918,10.880000114440918,10.880000114440918,0
2014-12-24,10.880000114440918,10.880000114440918,10.880000114440918,10.880000114440918,0
2014-12-26,10.8100004196167,10.8100004196167,10.8100004196167,10.8100004196167,0
2014-12-29,10.819999694824219,10.819999694824219,10.819999694824219,10.819999694824219,0
2014-12-30,10.84000015258789,10.84000015258789,10.84000015258789,10.84000015258789,0
2014-12-31,10.850000381469727,10.850000381469727,10.850000381469727,10.850000381469727,0
2015-01-02,10.869999885559082,10.869999885559082,10.869999885559082,10.869999885559082,0
2015-01-05,10.899999618530273,10.899999618530273,10.899999618530273,10.899999618530273,0
2015-01-06,10.949999809265137,10.949999809265137,10.949999809265137,10.949999809265137,0
2015-01-07,10.949999809265137,10.949999809265137,10.949999809265137,10.949999809265137,0
2015-01-08,10.930000305175781,10.930000305175781,10.930000305175781,10.930000305175781,0
2015-01-09,10.949999809265137,10.949999809265137,10.949999809265137,10.949999809265137,0
2015-01-12,10.960000038146973,10.960000038146973,10.960000038146973,10.960000038146973,0
2015-01-13,10.970000267028809,10.970000267028809,10.970000267028809,10.970000267028809,0
2015-01-14,11.010000228881836,11.010000228881836,11.010000228881836,11.010000228881836,0
2015-01-15,11.020000457763672,11.020000457763672,11.020000457763672,11.020000457763672,0
2015-01-16,11.020000457763672,11.020000457763672,11.020000457763672,11.020000457763672,0
2015-01-20,11.020000457763672,11.020000457763672,11.020000457763672,11.020000457763672,0
2015-01-21,11.0,11.0,11.0,11.0,0
2015-01-22,10.979999542236328,10.979999542236328,10.979999542236328,10.979999542236328,0
2015-01-23,11.0,11.0,11.0,11.0,0
2015-01-26,10.989999771118164,10.989999771118164,10.989999771118164,10.989999771118164,0
2015-01-27,11.010000228881836,11.010000228881836,11.010000228881836,11.010000228881836,0
2015-01-28,11.020000457763672,11.020000457763672,11.020000457763672,11.020000457763672,0
2015-01-29,11.029999732971191,11.029999732971191,11.029999732971191,11.029999732971191,0
2015-01-30,11.050000190734863,11.050000190734863,11.050000190734863,11.050000190734863,0
2015-02-02,11.050000190734863,11.050000190734863,11.050000190734863,11.050000190734863,0
2015-02-03,11.010000228881836,11.010000228881836,11.010000228881836,11.010000228881836,0
2015-02-04,10.989999771118164,10.989999771118164,10.989999771118164,10.989999771118164,0
2015-02-05,10.979999542236328,10.979999542236328,10.979999542236328,10.979999542236328,0
2015-02-06,10.930000305175781,10.930000305175781,10.930000305175781,10.930000305175781,0
2015-02-09,10.920000076293945,10.920000076293945,10.920000076293945,10.920000076293945,0
2015-02-10,10.890000343322754,10.890000343322754,10.890000343322754,10.890000343322754,0
2015-02-11,10.869999885559082,10.869999885559082,10.869999885559082,10.869999885559082,0
2015-02-12,10.869999885559082,10.869999885559082,10.869999885559082,10.869999885559082,0
2015-02-13,10.869999885559082,10.869999885559082,10.869999885559082,10.869999885559082,0
2015-02-17,10.84000015258789,10.84000015258789,10.84000015258789,10.84000015258789,0
2015-02-18,10.850000381469727,10.850000381469727,10.850000381469727,10.850000381469727,0
2015-02-19,10.850000381469727,10.850000381469727,10.850000381469727,10.850000381469727,0
2015-02-20,10.850000381469727,10.850000381469727,10.850000381469727,10.850000381469727,0
2015-02-23,10.850000381469727,10.850000381469727,10.850000381469727,10.850000381469727,0
2015-02-24,10.859999656677246,10.859999656677246,10.859999656677246,10.859999656677246,0
2015-02-25,10.859999656677246,10.859999656677246,10.859999656677246,10.859999656677246,0
2015-02-26,10.880000114440918,10.880000114440918,10.880000114440918,10.880000114440918,0
2015-02-27,10.869999885559082,10.869999885559082,10.869999885559082,10.869999885559082,0
2015-03-02,10.859999656677246,10.859999656677246,10.859999656677246,10.859999656677246,0
2015-03-03,10.84000015258789,10.84000015258789,10.84000015258789,10.84000015258789,0
2015-03-04,10.84000015258789,10.84000015258789,10.84000015258789,10.84000015258789,0
2015-03-05,10.829999923706055,10.829999923706055,10.829999923706055,10.829999923706055,0
2015-03-06,10.789999961853027,10.789999961853027,10.789999961853027,10.789999961853027,0
2015-03-09,10.789999961853027,10.789999961853027,10.789999961853027,10.789999961853027,0
2015-03-10,10.800000190734863,10.800000190734863,10.800000190734863,10.800000190734863,0
2015-03-11,10.800000190734863,10.800000190734863,10.800000190734863,10.800000190734863,0
2015-03-12,10.819999694824219,10.819999694824219,10.819999694824219,10.819999694824219,0
2015-03-13,10.819999694824219,10.819999694824219,10.819999694824219,10.819999694824219,0
2015-03-16,10.829999923706055,10.829999923706055,10.829999923706055,10.829999923706055,0
2015-03-17,10.84000015258789,10.84000015258789,10.84000015258789,10.84000015258789,0
2015-03-18,10.869999885559082,10.869999885559082,10.869999885559082,10.869999885559082,0
2015-03-19,10.90999984741211,10.90999984741211,10.90999984741211,10.90999984741211,0
2015-03-20,10.90999984741211,10.90999984741211,10.90999984741211,10.90999984741211,0
2015-03-23,10.90999984741211,10.90999984741211,10.90999984741211,10.90999984741211,0
2015-03-24,10.90999984741211,10.90999984741211,10.90999984741211,10.90999984741211,0
2015-03-25,10.90999984741211,10.90999984741211,10.90999984741211,10.90999984741211,0
2015-03-26,10.890000343322754,10.890000343322754,10.890000343322754,10.890000343322754,0
2015-03-27,10.890000343322754,10.890000343322754,10.890000343322754,10.890000343322754,0
2015-03-30,10.899999618530273,10.899999618530273,10.899999618530273,10.899999618530273,0
2015-03-31,10.899999618530273,10.899999618530273,10.899999618530273,10.899999618530273,0
2015-04-01,10.899999618530273,10.899999618530273,10.899999618530273,10.899999618530273,0
2015-04-02,10.899999618530273,10.899999618530273,10.899999618530273,10.899999618530273,0
2015-04-06,10.90999984741211,10.90999984741211,10.90999984741211,10.90999984741211,0
2015-04-07,10.899999618530273,10.899999618530273,10.899999618530273,10.899999618530273,0
2015-04-08,10.899999618530273,10.899999618530273,10.899999618530273,10.899999618530273,0
2015-04-09,10.880000114440918,10.880000114440918,10.880000114440918,10.880000114440918,0
2015-04-10,10.880000114440918,10.880000114440918,10.880000114440918,10.880000114440918,0
2015-04-13,10.880000114440918,10.880000114440918,10.880000114440918,10.880000114440918,0
2015-04-14,10.890000343322754,10.890000343322754,10.890000343322754,10.890000343322754,0
2015-04-15,10.890000343322754,10.890000343322754,10.890000343322754,10.890000343322754,0
2015-04-16,10.890000343322754,10.890000343322754,10.890000343322754,10.890000343322754,0
2015-04-17,10.890000343322754,10.890000343322754,10.890000343322754,10.890000343322754,0
2015-04-20,10.890000343322754,10.890000343322754,10.890000343322754,10.890000343322754,0
2015-04-21,10.880000114440918,10.880000114440918,10.880000114440918,10.880000114440918,0
2015-04-22,10.850000381469727,10.850000381469727,10.850000381469727,10.850000381469727,0
2015-04-23,10.850000381469727,10.850000381469727,10.850000381469727,10.850000381469727,0
2015-04-24,10.850000381469727,10.850000381469727,10.850000381469727,10.850000381469727,0
2015-04-27,10.850000381469727,10.850000381469727,10.850000381469727,10.850000381469727,0
2015-04-28,10.84000015258789,10.84000015258789,10.84000015258789,10.84000015258789,0
2015-04-29,10.8100004196167,10.8100004196167,10.8100004196167,10.8100004196167,0
2015-04-30,10.800000190734863,10.800000190734863,10.800000190734863,10.800000190734863,0
2015-05-01,10.779999732971191,10.779999732971191,10.779999732971191,10.779999732971191,0
2015-05-04,10.770000457763672,10.770000457763672,10.770000457763672,10.770000457763672,0
2015-05-05,10.75,10.75,10.75,10.75,0
2015-05-06,10.729999542236328,10.729999542236328,10.729999542236328,10.729999542236328,0
2015-05-07,10.739999771118164,10.739999771118164,10.739999771118164,10.739999771118164,0
2015-05-08,10.760000228881836,10.760000228881836,10.760000228881836,10.760000228881836,0
2015-05-11,10.729999542236328,10.729999542236328,10.729999542236328,10.729999542236328,0
2015-05-12,10.710000038146973,10.710000038146973,10.710000038146973,10.710000038146973,0
2015-05-13,10.710000038146973,10.710000038146973,10.710000038146973,10.710000038146973,0
2015-05-14,10.710000038146973,10.710000038146973,10.710000038146973,10.710000038146973,0
2015-05-15,10.710000038146973,10.710000038146973,10.710000038146973,10.710000038146973,0
2015-05-18,10.699999809265137,10.699999809265137,10.699999809265137,10.699999809265137,0
2015-05-19,10.680000305175781,10.680000305175781,10.680000305175781,10.680000305175781,0
2015-05-20,10.670000076293945,10.670000076293945,10.670000076293945,10.670000076293945,0
2015-05-21,10.680000305175781,10.680000305175781,10.680000305175781,10.680000305175781,0
2015-05-22,10.680000305175781,10.680000305175781,10.680000305175781,10.680000305175781,0
2015-05-26,10.699999809265137,10.699999809265137,10.699999809265137,10.699999809265137,0
2015-05-27,10.710000038146973,10.710000038146973,10.710000038146973,10.710000038146973,0
2015-05-28,10.720000267028809,10.720000267028809,10.720000267028809,10.720000267028809,0
2015-05-29,10.739999771118164,10.739999771118164,10.739999771118164,10.739999771118164,0
2015-06-01,10.720000267028809,10.720000267028809,10.720000267028809,10.720000267028809,0
2015-06-02,10.699999809265137,10.699999809265137,10.699999809265137,10.699999809265137,0
2015-06-03,10.670000076293945,10.670000076293945,10.670000076293945,10.670000076293945,0
2015-06-04,10.680000305175781,10.680000305175781,10.680000305175781,10.680000305175781,0
2015-06-05,10.649999618530273,10.649999618530273,10.649999618530273,10.649999618530273,0
2015-06-08,10.65999984741211,10.65999984741211,10.65999984741211,10.65999984741211,0
2015-06-09,10.649999618530273,10.649999618530273,10.649999618530273,10.649999618530273,0
2015-06-10,10.640000343322754,10.640000343322754,10.640000343322754,10.640000343322754,0
2015-06-11,10.65999984741211,10.65999984741211,10.65999984741211,10.65999984741211,0
2015-06-12,10.670000076293945,10.670000076293945,10.670000076293945,10.670000076293945,0
2015-06-15,10.680000305175781,10.680000305175781,10.680000305175781,10.680000305175781,0
2015-06-16,10.6899995803833,10.6899995803833,10.6899995803833,10.6899995803833,0
2015-06-17,10.6899995803833,10.6899995803833,10.6899995803833,10.6899995803833,0
2015-06-18,10.680000305175781,10.680000305175781,10.680000305175781,10.680000305175781,0
2015-06-19,10.6899995803833,10.6899995803833,10.6899995803833,10.6899995803833,0
2015-06-22,10.680000305175781,10.680000305175781,10.680000305175781,10.680000305175781,0
2015-06-23,10.670000076293945,10.670000076293945,10.670000076293945,10.670000076293945,0
2015-06-24,10.670000076293945,10.670000076293945,10.670000076293945,10.670000076293945,0
2015-06-25,10.670000076293945,10.670000076293945,10.670000076293945,10.670000076293945,0
2015-06-26,10.65999984741211,10.65999984741211,10.65999984741211,10.65999984741211,0
2015-06-29,10.6899995803833,10.6899995803833,10.6899995803833,10.6899995803833,0
2015-06-30,10.6899995803833,10.6899995803833,10.6899995803833,10.6899995803833,0
2015-07-01,10.670000076293945,10.670000076293945,10.670000076293945,10.670000076293945,0
2015-07-02,10.670000076293945,10.670000076293945,10.670000076293945,10.670000076293945,0
2015-07-06,10.699999809265137,10.699999809265137,10.699999809265137,10.699999809265137,0
2015-07-07,10.720000267028809,10.720000267028809,10.720000267028809,10.720000267028809,0
2015-07-08,10.729999542236328,10.729999542236328,10.729999542236328,10.729999542236328,0
2015-07-09,10.710000038146973,10.710000038146973,10.710000038146973,10.710000038146973,0
2015-07-10,10.680000305175781,10.680000305175781,10.680000305175781,10.680000305175781,0
2015-07-13,10.680000305175781,10.680000305175781,10.680000305175781,10.680000305175781,0
2015-07-14,10.680000305175781,10.680000305175781,10.680000305175781,10.680000305175781,0
2015-07-15,10.699999809265137,10.699999809265137,10.699999809265137,10.699999809265137,0
2015-07-16,10.699999809265137,10.699999809265137,10.699999809265137,10.699999809265137,0
2015-07-17,10.710000038146973,10.710000038146973,10.710000038146973,10.710000038146973,0
2015-07-20,10.710000038146973,10.710000038146973,10.710000038146973,10.710000038146973,0
2015-07-21,10.720000267028809,10.720000267028809,10.720000267028809,10.720000267028809,0
2015-07-22,10.729999542236328,10.729999542236328,10.729999542236328,10.729999542236328,0
2015-07-23,10.75,10.75,10.75,10.75,0
2015-07-24,10.75,10.75,10.75,10.75,0
2015-07-27,10.760000228881836,10.760000228881836,10.760000228881836,10.760000228881836,0
2015-07-28,10.75,10.75,10.75,10.75,0
2015-07-29,10.739999771118164,10.739999771118164,10.739999771118164,10.739999771118164,0
2015-07-30,10.75,10.75,10.75,10.75,0
2015-07-31,10.770000457763672,10.770000457763672,10.770000457763672,10.770000457763672,0
2015-08-03,10.770000457763672,10.770000457763672,10.770000457763672,10.770000457763672,0
2015-08-04,10.770000457763672,10.770000457763672,10.770000457763672,10.770000457763672,0
2015-08-05,10.75,10.75,10.75,10.75,0
2015-08-06,10.760000228881836,10.760000228881836,10.760000228881836,10.760000228881836,0
2015-08-07,10.770000457763672,10.770000457763672,10.770000457763672,10.770000457763672,0
2015-08-10,10.760000228881836,10.760000228881836,10.760000228881836,10.760000228881836,0
2015-08-11,10.779999732971191,10.779999732971191,10.779999732971191,10.779999732971191,0
2015-08-12,10.789999961853027,10.789999961853027,10.789999961853027,10.789999961853027,0
2015-08-13,10.779999732971191,10.779999732971191,10.779999732971191,10.779999732971191,0
2015-08-14,10.779999732971191,10.779999732971191,10.779999732971191,10.779999732971191,0
2015-08-17,10.779999732971191,10.779999732971191,10.779999732971191,10.779999732971191,0
2015-08-18,10.770000457763672,10.770000457763672,10.770000457763672,10.770000457763672,0
2015-08-19,10.770000457763672,10.770000457763672,10.770000457763672,10.770000457763672,0
2015-08-20,10.800000190734863,10.800000190734863,10.800000190734863,10.800000190734863,0
2015-08-21,10.8100004196167,10.8100004196167,10.8100004196167,10.8100004196167,0
2015-08-24,10.819999694824219,10.819999694824219,10.819999694824219,10.819999694824219,0
2015-08-25,10.800000190734863,10.800000190734863,10.800000190734863,10.800000190734863,0
2015-08-26,10.779999732971191,10.779999732971191,10.779999732971191,10.779999732971191,0
2015-08-27,10.770000457763672,10.770000457763672,10.770000457763672,10.770000457763672,0
2015-08-28,10.779999732971191,10.779999732971191,10.779999732971191,10.779999732971191,0
2015-08-31,10.779999732971191,10.779999732971191,10.779999732971191,10.779999732971191,0
2015-09-01,10.770000457763672,10.770000457763672,10.770000457763672,10.770000457763672,0
2015-09-02,10.760000228881836,10.760000228881836,10.760000228881836,10.760000228881836,0
2015-09-03,10.760000228881836,10.760000228881836,10.760000228881836,10.760000228881836,0
2015-09-04,10.770000457763672,10.770000457763672,10.770000457763672,10.770000457763672,0
2015-09-08,10.75,10.75,10.75,10.75,0
2015-09-09,10.739999771118164,10.739999771118164,10.739999771118164,10.739999771118164,0
2015-09-10,10.729999542236328,10.729999542236328,10.729999542236328,10.729999542236328,0
2015-09-11,10.729999542236328,10.729999542236328,10.729999542236328,10.729999542236328,0
2015-09-14,10.729999542236328,10.729999542236328,10.729999542236328,10.729999542236328,0
2015-09-15,10.720000267028809,10.720000267028809,10.720000267028809,10.720000267028809,0
2015-09-16,10.710000038146973,10.710000038146973,10.710000038146973,10.710000038146973,0
2015-09-17,10.729999542236328,10.729999542236328,10.729999542236328,10.729999542236328,0
2015-09-18,10.760000228881836,10.760000228881836,10.760000228881836,10.760000228881836,0
2015-09-21,10.760000228881836,10.760000228881836,10.760000228881836,10.760000228881836,0
2015-09-22,10.770000457763672,10.770000457763672,10.770000457763672,10.770000457763672,0
2015-09-23,10.779999732971191,10.779999732971191,10.779999732971191,10.779999732971191,0
2015-09-24,10.789999961853027,10.789999961853027,10.789999961853027,10.789999961853027,0
2015-09-25,10.789999961853027,10.789999961853027,10.789999961853027,10.789999961853027,0
2015-09-28,10.800000190734863,10.800000190734863,10.800000190734863,10.800000190734863,0
2015-09-29,10.819999694824219,10.819999694824219,10.819999694824219,10.819999694824219,0
2015-09-30,10.819999694824219,10.819999694824219,10.819999694824219,10.819999694824219,0
2015-10-01,10.819999694824219,10.819999694824219,10.819999694824219,10.819999694824219,0
2015-10-02,10.84000015258789,10.84000015258789,10.84000015258789,10.84000015258789,0
2015-10-05,10.829999923706055,10.829999923706055,10.829999923706055,10.829999923706055,0
2015-10-06,10.829999923706055,10.829999923706055,10.829999923706055,10.829999923706055,0
2015-10-07,10.819999694824219,10.819999694824219,10.819999694824219,10.819999694824219,0
2015-10-08,10.819999694824219,10.819999694824219,10.819999694824219,10.819999694824219,0
2015-10-09,10.819999694824219,10.819999694824219,10.819999694824219,10.819999694824219,0
2015-10-12,10.819999694824219,10.819999694824219,10.819999694824219,10.819999694824219,0
2015-10-13,10.819999694824219,10.819999694824219,10.819999694824219,10.819999694824219,0
2015-10-14,10.84000015258789,10.84000015258789,10.84000015258789,10.84000015258789,0
2015-10-15,10.829999923706055,10.829999923706055,10.829999923706055,10.829999923706055,0
2015-10-16,10.829999923706055,10.829999923706055,10.829999923706055,10.829999923706055,0
2015-10-19,10.829999923706055,10.829999923706055,10.829999923706055,10.829999923706055,0
2015-10-20,10.819999694824219,10.819999694824219,10.819999694824219,10.819999694824219,0
2015-10-21,10.829999923706055,10.829999923706055,10.829999923706055,10.829999923706055,0
2015-10-22,10.84000015258789,10.84000015258789,10.84000015258789,10.84000015258789,0
2015-10-23,10.819999694824219,10.819999694824219,10.819999694824219,10.819999694824219,0
2015-10-26,10.829999923706055,10.829999923706055,10.829999923706055,10.829999923706055,0
2015-10-27,10.850000381469727,10.850000381469727,10.850000381469727,10.850000381469727,0
2015-10-28,10.850000381469727,10.850000381469727,10.850000381469727,10.850000381469727,0
2015-10-29,10.829999923706055,10.829999923706055,10.829999923706055,10.829999923706055,0
2015-10-30,10.829999923706055,10.829999923706055,10.829999923706055,10.829999923706055,0
2015-11-02,10.819999694824219,10.819999694824219,10.819999694824219,10.819999694824219,0
2015-11-03,10.8100004196167,10.8100004196167,10.8100004196167,10.8100004196167,0
2015-11-04,10.8100004196167,10.8100004196167,10.8100004196167,10.8100004196167,0
2015-11-05,10.8100004196167,10.8100004196167,10.8100004196167,10.8100004196167,0
2015-11-06,10.779999732971191,10.779999732971191,10.779999732971191,10.779999732971191,0
2015-11-09,10.760000228881836,10.760000228881836,10.760000228881836,10.760000228881836,0
2015-11-10,10.760000228881836,10.760000228881836,10.760000228881836,10.760000228881836,0
2015-11-11,10.760000228881836,10.760000228881836,10.760000228881836,10.760000228881836,0
2015-11-12,10.760000228881836,10.760000228881836,10.760000228881836,10.760000228881836,0
2015-11-13,10.779999732971191,10.779999732971191,10.779999732971191,10.779999732971191,0
2015-11-16,10.779999732971191,10.779999732971191,10.779999732971191,10.779999732971191,0
2015-11-17,10.789999961853027,10.789999961853027,10.789999961853027,10.789999961853027,0
2015-11-18,10.8100004196167,10.8100004196167,10.8100004196167,10.8100004196167,0
2015-11-19,10.829999923706055,10.829999923706055,10.829999923706055,10.829999923706055,0
2015-11-20,10.84000015258789,10.84000015258789,10.84000015258789,10.84000015258789,0
2015-11-23,10.850000381469727,10.850000381469727,10.850000381469727,10.850000381469727,0
2015-11-24,10.859999656677246,10.859999656677246,10.859999656677246,10.859999656677246,0
2015-11-25,10.859999656677246,10.859999656677246,10.859999656677246,10.859999656677246,0
2015-11-27,10.859999656677246,10.859999656677246,10.859999656677246,10.859999656677246,0
2015-11-30,10.869999885559082,10.869999885559082,10.869999885559082,10.869999885559082,0
2015-12-01,10.890000343322754,10.890000343322754,10.890000343322754,10.890000343322754,0
2015-12-02,10.899999618530273,10.899999618530273,10.899999618530273,10.899999618530273,0
2015-12-03,10.869999885559082,10.869999885559082,10.869999885559082,10.869999885559082,0
2015-12-04,10.869999885559082,10.869999885559082,10.869999885559082,10.869999885559082,0
2015-12-07,10.890000343322754,10.890000343322754,10.890000343322754,10.890000343322754,0
2015-12-08,10.890000343322754,10.890000343322754,10.890000343322754,10.890000343322754,0
2015-12-09,10.899999618530273,10.899999618530273,10.899999618530273,10.899999618530273,0
2015-12-10,10.920000076293945,10.920000076293945,10.920000076293945,10.920000076293945,0
2015-12-11,10.9399995803833,10.9399995803833,10.9399995803833,10.9399995803833,0
2015-12-14,10.920000076293945,10.920000076293945,10.920000076293945,10.920000076293945,0
2015-12-15,10.899999618530273,10.899999618530273,10.899999618530273,10.899999618530273,0
2015-12-16,10.899999618530273,10.899999618530273,10.899999618530273,10.899999618530273,0
2015-12-17,10.920000076293945,10.920000076293945,10.920000076293945,10.920000076293945,0
2015-12-18,10.930000305175781,10.930000305175781,10.930000305175781,10.930000305175781,0
2015-12-21,10.9399995803833,10.9399995803833,10.9399995803833,10.9399995803833,0
2015-12-22,10.9399995803833,10.9399995803833,10.9399995803833,10.9399995803833,0
2015-12-23,10.930000305175781,10.930000305175781,10.930000305175781,10.930000305175781,0
2015-12-24,10.920000076293945,10.920000076293945,10.920000076293945,10.920000076293945,0
2015-12-28,10.920000076293945,10.920000076293945,10.920000076293945,10.920000076293945,0
2015-12-29,10.920000076293945,10.920000076293945,10.920000076293945,10.920000076293945,0
2015-12-30,10.920000076293945,10.920000076293945,10.920000076293945,10.920000076293945,0
2015-12-31,10.920000076293945,10.920000076293945,10.920000076293945,10.920000076293945,0
2016-01-04,10.949999809265137,10.949999809265137,10.949999809265137,10.949999809265137,0
2016-01-05,10.960000038146973,10.960000038146973,10.960000038146973,10.960000038146973,0
2016-01-06,11.0,11.0,11.0,11.0,0
2016-01-07,11.010000228881836,11.010000228881836,11.010000228881836,11.010000228881836,0
2016-01-08,11.010000228881836,11.010000228881836,11.010000228881836,11.010000228881836,0
2016-01-11,11.0,11.0,11.0,11.0,0
2016-01-12,11.0,11.0,11.0,11.0,0
2016-01-13,11.0,11.0,11.0,11.0,0
2016-01-14,10.989999771118164,10.989999771118164,10.989999771118164,10.989999771118164,0
2016-01-15,11.010000228881836,11.010000228881836,11.010000228881836,11.010000228881836,0
2016-01-19,11.010000228881836,11.010000228881836,11.010000228881836,11.010000228881836,0
2016-01-20,11.029999732971191,11.029999732971191,11.029999732971191,11.029999732971191,0
2016-01-21,11.020000457763672,11.020000457763672,11.020000457763672,11.020000457763672,0
2016-01-22,11.0,11.0,11.0,11.0,0
2016-01-25,11.0,11.0,11.0,11.0,0
2016-01-26,11.0,11.0,11.0,11.0,0
2016-01-27,11.0,11.0,11.0,11.0,0
2016-01-28,11.0,11.0,11.0,11.0,0
2016-01-29,11.020000457763672,11.020000457763672,11.020000457763672,11.020000457763672,0
2016-02-01,11.020000457763672,11.020000457763672,11.020000457763672,11.020000457763672,0
2016-02-02,11.039999961853027,11.039999961853027,11.039999961853027,11.039999961853027,0
2016-02-03,11.050000190734863,11.050000190734863,11.050000190734863,11.050000190734863,0
2016-02-04,11.050000190734863,11.050000190734863,11.050000190734863,11.050000190734863,0
2016-02-05,11.050000190734863,11.050000190734863,11.050000190734863,11.050000190734863,0
2016-02-08,11.069999694824219,11.069999694824219,11.069999694824219,11.069999694824219,0
2016-02-09,11.069999694824219,11.069999694824219,11.069999694824219,11.069999694824219,0
2016-02-10,11.069999694824219,11.069999694824219,11.069999694824219,11.069999694824219,0
2016-02-11,11.100000381469727,11.100000381469727,11.100000381469727,11.100000381469727,0
2016-02-12,11.069999694824219,11.069999694824219,11.069999694824219,11.069999694824219,0
2016-02-16,11.0600004196167,11.0600004196167,11.0600004196167,11.0600004196167,0
2016-02-17,11.029999732971191,11.029999732971191,11.029999732971191,11.029999732971191,0
2016-02-18,11.029999732971191,11.029999732971191,11.029999732971191,11.029999732971191,0
2016-02-19,11.029999732971191,11.029999732971191,11.029999732971191,11.029999732971191,0
2016-02-22,11.020000457763672,11.020000457763672,11.020000457763672,11.020000457763672,0
2016-02-23,11.010000228881836,11.010000228881836,11.010000228881836,11.010000228881836,0
2016-02-24,11.010000228881836,11.010000228881836,11.010000228881836,11.010000228881836,0
2016-02-25,11.010000228881836,11.010000228881836,11.010000228881836,11.010000228881836,0
2016-02-26,10.989999771118164,10.989999771118164,10.989999771118164,10.989999771118164,0
2016-02-29,10.989999771118164,10.989999771118164,10.989999771118164,10.989999771118164,0
2016-03-01,10.970000267028809,10.970000267028809,10.970000267028809,10.970000267028809,0
2016-03-02,10.960000038146973,10.960000038146973,10.960000038146973,10.960000038146973,0
2016-03-03,10.949999809265137,10.949999809265137,10.949999809265137,10.949999809265137,0
2016-03-04,10.9399995803833,10.9399995803833,10.9399995803833,10.9399995803833,0
2016-03-07,10.930000305175781,10.930000305175781,10.930000305175781,10.930000305175781,0
2016-03-08,10.949999809265137,10.949999809265137,10.949999809265137,10.949999809265137,0
2016-03-09,10.949999809265137,10.949999809265137,10.949999809265137,10.949999809265137,0
2016-03-10,10.949999809265137,10.949999809265137,10.949999809265137,10.949999809265137,0
2016-03-11,10.9399995803833,10.9399995803833,10.9399995803833,10.9399995803833,0
2016-03-14,10.9399995803833,10.9399995803833,10.9399995803833,10.9399995803833,0
2016-03-15,10.9399995803833,10.9399995803833,10.9399995803833,10.9399995803833,0
2016-03-16,10.949999809265137,10.949999809265137,10.949999809265137,10.949999809265137,0
2016-03-17,10.970000267028809,10.970000267028809,10.970000267028809,10.970000267028809,0
2016-03-18,10.970000267028809,10.970000267028809,10.970000267028809,10.970000267028809,0
2016-03-21,10.970000267028809,10.970000267028809,10.970000267028809,10.970000267028809,0
2016-03-22,10.970000267028809,10.970000267028809,10.970000267028809,10.970000267028809,0
2016-03-23,10.979999542236328,10.979999542236328,10.979999542236328,10.979999542236328,0
2016-03-24,10.979999542236328,10.979999542236328,10.979999542236328,10.979999542236328,0
2016-03-28,10.979999542236328,10.979999542236328,10.979999542236328,10.979999542236328,0
2016-03-29,11.0,11.0,11.0,11.0,0
2016-03-30,11.010000228881836,11.010000228881836,11.010000228881836,11.010000228881836,0
2016-03-31,11.029999732971191,11.029999732971191,11.029999732971191,11.029999732971191,0
2016-04-01,11.029999732971191,11.029999732971191,11.029999732971191,11.029999732971191,0
2016-04-04,11.039999961853027,11.039999961853027,11.039999961853027,11.039999961853027,0
2016-04-05,11.069999694824219,11.069999694824219,11.069999694824219,11.069999694824219,0
2016-04-06,11.069999694824219,11.069999694824219,11.069999694824219,11.069999694824219,0
2016-04-07,11.100000381469727,11.100000381469727,11.100000381469727,11.100000381469727,0
2016-04-08,11.100000381469727,11.100000381469727,11.100000381469727,11.100000381469727,0
2016-04-11,11.100000381469727,11.100000381469727,11.100000381469727,11.100000381469727,0
2016-04-12,11.09000015258789,11.09000015258789,11.09000015258789,11.09000015258789,0
2016-04-13,11.09000015258789,11.09000015258789,11.09000015258789,11.09000015258789,0
2016-04-14,11.09000015258789,11.09000015258789,11.09000015258789,11.09000015258789,0
2016-04-15,11.100000381469727,11.100000381469727,11.100000381469727,11.100000381469727,0
2016-04-18,11.100000381469727,11.100000381469727,11.100000381469727,11.100000381469727,0
2016-04-19,11.100000381469727,11.100000381469727,11.100000381469727,11.100000381469727,0
2016-04-20,11.100000381469727,11.100000381469727,11.100000381469727,11.100000381469727,0
2016-04-21,11.079999923706055,11.079999923706055,11.079999923706055,11.079999923706055,0
2016-04-22,11.069999694824219,11.069999694824219,11.069999694824219,11.069999694824219,0
2016-04-25,11.069999694824219,11.069999694824219,11.069999694824219,11.069999694824219,0
2016-04-26,11.0600004196167,11.0600004196167,11.0600004196167,11.0600004196167,0
2016-04-27,11.069999694824219,11.069999694824219,11.069999694824219,11.069999694824219,0
2016-04-28,11.079999923706055,11.079999923706055,11.079999923706055,11.079999923706055,0
2016-04-29,11.09000015258789,11.09000015258789,11.09000015258789,11.09000015258789,0
2016-05-02,11.09000015258789,11.09000015258789,11.09000015258789,11.09000015258789,0
2016-05-03,11.109999656677246,11.109999656677246,11.109999656677246,11.109999656677246,0
2016-05-04,11.109999656677246,11.109999656677246,11.109999656677246,11.109999656677246,0
2016-05-05,11.119999885559082,11.119999885559082,11.119999885559082,11.119999885559082,0
2016-05-06,11.130000114440918,11.130000114440918,11.130000114440918,11.130000114440918,0
2016-05-09,11.130000114440918,11.130000114440918,11.130000114440918,11.130000114440918,0
2016-05-10,11.130000114440918,11.130000114440918,11.130000114440918,11.130000114440918,0
2016-05-11,11.149999618530273,11.149999618530273,11.149999618530273,11.149999618530273,0
2016-05-12,11.149999618530273,11.149999618530273,11.149999618530273,11.149999618530273,0
2016-05-13,11.149999618530273,11.149999618530273,11.149999618530273,11.149999618530273,0
2016-05-16,11.149999618530273,11.149999618530273,11.149999618530273,11.149999618530273,0
2016-05-17,11.15999984741211,11.15999984741211,11.15999984741211,11.15999984741211,0
2016-05-18,11.130000114440918,11.130000114440918,11.130000114440918,11.130000114440918,0
2016-05-19,11.130000114440918,11.130000114440918,11.130000114440918,11.130000114440918,0
2016-05-20,11.119999885559082,11.119999885559082,11.119999885559082,11.119999885559082,0
2016-05-23,11.119999885559082,11.119999885559082,11.119999885559082,11.119999885559082,0
2016-05-24,11.109999656677246,11.109999656677246,11.109999656677246,11.109999656677246,0
2016-05-25,11.109999656677246,11.109999656677246,11.109999656677246,11.109999656677246,0
2016-05-26,11.109999656677246,11.109999656677246,11.109999656677246,11.109999656677246,0
2016-05-27,11.109999656677246,11.109999656677246,11.109999656677246,11.109999656677246,0
2016-05-31,11.100000381469727,11.100000381469727,11.100000381469727,11.100000381469727,0
2016-06-01,11.109999656677246,11.109999656677246,11.109999656677246,11.109999656677246,0
2016-06-02,11.109999656677246,11.109999656677246,11.109999656677246,11.109999656677246,0
2016-06-03,11.130000114440918,11.130000114440918,11.130000114440918,11.130000114440918,0
2016-06-06,11.130000114440918,11.130000114440918,11.130000114440918,11.130000114440918,0
2016-06-07,11.140000343322754,11.140000343322754,11.140000343322754,11.140000343322754,0
2016-06-08,11.149999618530273,11.149999618530273,11.149999618530273,11.149999618530273,0
2016-06-09,11.170000076293945,11.170000076293945,11.170000076293945,11.170000076293945,0
2016-06-10,11.1899995803833,11.1899995803833,11.1899995803833,11.1899995803833,0
2016-06-13,11.1899995803833,11.1899995803833,11.1899995803833,11.1899995803833,0
2016-06-14,11.210000038146973,11.210000038146973,11.210000038146973,11.210000038146973,0
2016-06-15,11.220000267028809,11.220000267028809,11.220000267028809,11.220000267028809,0
2016-06-16,11.25,11.25,11.25,11.25,0
2016-06-17,11.239999771118164,11.239999771118164,11.239999771118164,11.239999771118164,0
2016-06-20,11.220000267028809,11.220000267028809,11.220000267028809,11.220000267028809,0
2016-06-21,11.210000038146973,11.210000038146973,11.210000038146973,11.210000038146973,0
2016-06-22,11.210000038146973,11.210000038146973,11.210000038146973,11.210000038146973,0
2016-06-23,11.1899995803833,11.1899995803833,11.1899995803833,11.1899995803833,0
2016-06-24,11.270000457763672,11.270000457763672,11.270000457763672,11.270000457763672,0
2016-06-27,11.300000190734863,11.300000190734863,11.300000190734863,11.300000190734863,0
2016-06-28,11.289999961853027,11.289999961853027,11.289999961853027,11.289999961853027,0
2016-06-29,11.279999732971191,11.279999732971191,11.279999732971191,11.279999732971191,0
2016-06-30,11.279999732971191,11.279999732971191,11.279999732971191,11.279999732971191,0
2016-07-01,11.289999961853027,11.289999961853027,11.289999961853027,11.289999961853027,0
2016-07-05,11.3100004196167,11.3100004196167,11.3100004196167,11.3100004196167,0
2016-07-06,11.319999694824219,11.319999694824219,11.319999694824219,11.319999694824219,0
2016-07-07,11.300000190734863,11.300000190734863,11.300000190734863,11.300000190734863,0
2016-07-08,11.300000190734863,11.300000190734863,11.300000190734863,11.300000190734863,0
2016-07-11,11.300000190734863,11.300000190734863,11.300000190734863,11.300000190734863,0
2016-07-12,11.270000457763672,11.270000457763672,11.270000457763672,11.270000457763672,0
2016-07-13,11.270000457763672,11.270000457763672,11.270000457763672,11.270000457763672,0
2016-07-14,11.25,11.25,11.25,11.25,0
2016-07-15,11.229999542236328,11.229999542236328,11.229999542236328,11.229999542236328,0
2016-07-18,11.220000267028809,11.220000267028809,11.220000267028809,11.220000267028809,0
2016-07-19,11.220000267028809,11.220000267028809,11.220000267028809,11.220000267028809,0
2016-07-20,11.220000267028809,11.220000267028809,11.220000267028809,11.220000267028809,0
2016-07-21,11.210000038146973,11.210000038146973,11.210000038146973,11.210000038146973,0
2016-07-22,11.210000038146973,11.210000038146973,11.210000038146973,11.210000038146973,0
2016-07-25,11.210000038146973,11.210000038146973,11.210000038146973,11.210000038146973,0
2016-07-26,11.210000038146973,11.210000038146973,11.210000038146973,11.210000038146973,0
2016-07-27,11.220000267028809,11.220000267028809,11.220000267028809,11.220000267028809,0
2016-07-28,11.229999542236328,11.229999542236328,11.229999542236328,11.229999542236328,0
2016-07-29,11.229999542236328,11.229999542236328,11.229999542236328,11.229999542236328,0
2016-08-01,11.229999542236328,11.229999542236328,11.229999542236328,11.229999542236328,0
2016-08-02,11.210000038146973,11.210000038146973,11.210000038146973,11.210000038146973,0
2016-08-03,11.210000038146973,11.210000038146973,11.210000038146973,11.210000038146973,0
2016-08-04,11.220000267028809,11.220000267028809,11.220000267028809,11.220000267028809,0
2016-08-05,11.199999809265137,11.199999809265137,11.199999809265137,11.199999809265137,0
2016-08-08,11.199999809265137,11.199999809265137,11.199999809265137,11.199999809265137,0
2016-08-09,11.210000038146973,11.210000038146973,11.210000038146973,11.210000038146973,0
2016-08-10,11.220000267028809,11.220000267028809,11.220000267028809,11.220000267028809,0
2016-08-11,11.220000267028809,11.220000267028809,11.220000267028809,11.220000267028809,0
2016-08-12,11.229999542236328,11.229999542236328,11.229999542236328,11.229999542236328,0
2016-08-15,11.229999542236328,11.229999542236328,11.229999542236328,11.229999542236328,0
2016-08-16,11.229999542236328,11.229999542236328,11.229999542236328,11.229999542236328,0
2016-08-17,11.229999542236328,11.229999542236328,11.229999542236328,11.229999542236328,0
2016-08-18,11.239999771118164,11.239999771118164,11.239999771118164,11.239999771118164,0
2016-08-19,11.239999771118164,11.239999771118164,11.239999771118164,11.239999771118164,0
2016-08-22,11.239999771118164,11.239999771118164,11.239999771118164,11.239999771118164,0
2016-08-23,11.239999771118164,11.239999771118164,11.239999771118164,11.239999771118164,0
2016-08-24,11.239999771118164,11.239999771118164,11.239999771118164,11.239999771118164,0
2016-08-25,11.239999771118164,11.239999771118164,11.239999771118164,11.239999771118164,0
2016-08-26,11.239999771118164,11.239999771118164,11.239999771118164,11.239999771118164,0
2016-08-29,11.229999542236328,11.229999542236328,11.229999542236328,11.229999542236328,0
2016-08-30,11.229999542236328,11.229999542236328,11.229999542236328,11.229999542236328,0
2016-08-31,11.229999542236328,11.229999542236328,11.229999542236328,11.229999542236328,0
2016-09-01,11.229999542236328,11.229999542236328,11.229999542236328,11.229999542236328,0
2016-09-02,11.220000267028809,11.220000267028809,11.220000267028809,11.220000267028809,0
2016-09-06,11.220000267028809,11.220000267028809,11.220000267028809,11.220000267028809,0
2016-09-07,11.220000267028809,11.220000267028809,11.220000267028809,11.220000267028809,0
2016-09-08,11.210000038146973,11.210000038146973,11.210000038146973,11.210000038146973,0
2016-09-09,11.180000305175781,11.180000305175781,11.180000305175781,11.180000305175781,0
2016-09-12,11.170000076293945,11.170000076293945,11.170000076293945,11.170000076293945,0
2016-09-13,11.140000343322754,11.140000343322754,11.140000343322754,11.140000343322754,0
2016-09-14,11.140000343322754,11.140000343322754,11.140000343322754,11.140000343322754,0
2016-09-15,11.130000114440918,11.130000114440918,11.130000114440918,11.130000114440918,0
2016-09-16,11.130000114440918,11.130000114440918,11.130000114440918,11.130000114440918,0
2016-09-19,11.130000114440918,11.130000114440918,11.130000114440918,11.130000114440918,0
2016-09-20,11.119999885559082,11.119999885559082,11.119999885559082,11.119999885559082,0
2016-09-21,11.119999885559082,11.119999885559082,11.119999885559082,11.119999885559082,0
2016-09-22,11.130000114440918,11.130000114440918,11.130000114440918,11.130000114440918,0
2016-09-23,11.140000343322754,11.140000343322754,11.140000343322754,11.140000343322754,0
2016-09-26,11.140000343322754,11.140000343322754,11.140000343322754,11.140000343322754,0
2016-09-27,11.149999618530273,11.149999618530273,11.149999618530273,11.149999618530273,0
2016-09-28,11.149999618530273,11.149999618530273,11.149999618530273,11.149999618530273,0
2016-09-29,11.140000343322754,11.140000343322754,11.140000343322754,11.140000343322754,0
2016-09-30,11.140000343322754,11.140000343322754,11.140000343322754,11.140000343322754,0
2016-10-03,11.130000114440918,11.130000114440918,11.130000114440918,11.130000114440918,0
2016-10-04,11.109999656677246,11.109999656677246,11.109999656677246,11.109999656677246,0
2016-10-05,11.079999923706055,11.079999923706055,11.079999923706055,11.079999923706055,0
2016-10-06,11.0600004196167,11.0600004196167,11.0600004196167,11.0600004196167,0
2016-10-07,11.0600004196167,11.0600004196167,11.0600004196167,11.0600004196167,0
2016-10-10,11.0600004196167,11.0600004196167,11.0600004196167,11.0600004196167,0
2016-10-11,11.029999732971191,11.029999732971191,11.029999732971191,11.029999732971191,0
2016-10-12,11.010000228881836,11.010000228881836,11.010000228881836,11.010000228881836,0
2016-10-13,11.010000228881836,11.010000228881836,11.010000228881836,11.010000228881836,0
2016-10-14,10.989999771118164,10.989999771118164,10.989999771118164,10.989999771118164,0
2016-10-17,10.989999771118164,10.989999771118164,10.989999771118164,10.989999771118164,0
2016-10-18,10.989999771118164,10.989999771118164,10.989999771118164,10.989999771118164,0
2016-10-19,10.989999771118164,10.989999771118164,10.989999771118164,10.989999771118164,0
2016-10-20,11.0,11.0,11.0,11.0,0
2016-10-21,11.0,11.0,11.0,11.0,0
2016-10-24,11.0,11.0,11.0,11.0,0
2016-10-25,11.0,11.0,11.0,11.0,0
2016-10-26,10.989999771118164,10.989999771118164,10.989999771118164,10.989999771118164,0
2016-10-27,10.970000267028809,10.970000267028809,10.970000267028809,10.970000267028809,0
2016-10-28,10.979999542236328,10.979999542236328,10.979999542236328,10.979999542236328,0
2016-10-31,10.979999542236328,10.979999542236328,10.979999542236328,10.979999542236328,0
2016-11-01,10.979999542236328,10.979999542236328,10.979999542236328,10.979999542236328,0
2016-11-02,11.0,11.0,11.0,11.0,0
2016-11-03,11.0,11.0,11.0,11.0,0
2016-11-04,11.010000228881836,11.010000228881836,11.010000228881836,11.010000228881836,0
2016-11-07,11.0,11.0,11.0,11.0,0
2016-11-08,10.989999771118164,10.989999771118164,10.989999771118164,10.989999771118164,0
2016-11-09,10.899999618530273,10.899999618530273,10.899999618530273,10.899999618530273,0
2016-11-10,10.850000381469727,10.850000381469727,10.850000381469727,10.850000381469727,0
2016-11-11,10.850000381469727,10.850000381469727,10.850000381469727,10.850000381469727,0
2016-11-14,10.680000305175781,10.680000305175781,10.680000305175781,10.680000305175781,0
2016-11-15,10.670000076293945,10.670000076293945,10.670000076293945,10.670000076293945,0
2016-11-16,10.670000076293945,10.670000076293945,10.670000076293945,10.670000076293945,0
2016-11-17,10.65999984741211,10.65999984741211,10.65999984741211,10.65999984741211,0
2016-11-18,10.630000114440918,10.630000114440918,10.630000114440918,10.630000114440918,0
2016-11-21,10.600000381469727,10.600000381469727,10.600000381469727,10.600000381469727,0
2016-11-22,10.59000015258789,10.59000015258789,10.59000015258789,10.59000015258789,0
2016-11-23,10.569999694824219,10.569999694824219,10.569999694824219,10.569999694824219,0
2016-11-25,10.569999694824219,10.569999694824219,10.569999694824219,10.569999694824219,0
2016-11-28,10.539999961853027,10.539999961853027,10.539999961853027,10.539999961853027,0
2016-11-29,10.520000457763672,10.520000457763672,10.520000457763672,10.520000457763672,0
2016-11-30,10.470000267028809,10.470000267028809,10.470000267028809,10.470000267028809,0
2016-12-01,10.420000076293945,10.420000076293945,10.420000076293945,10.420000076293945,0
2016-12-02,10.430000305175781,10.430000305175781,10.430000305175781,10.430000305175781,0
2016-12-05,10.449999809265137,10.449999809265137,10.449999809265137,10.449999809265137,0
2016-12-06,10.5,10.5,10.5,10.5,0
2016-12-07,10.600000381469727,10.600000381469727,10.600000381469727,10.600000381469727,0
2016-12-08,10.579999923706055,10.579999923706055,10.579999923706055,10.579999923706055,0
2016-12-09,10.569999694824219,10.569999694824219,10.569999694824219,10.569999694824219,0
2016-12-12,10.539999961853027,10.539999961853027,10.539999961853027,10.539999961853027,0
2016-12-13,10.539999961853027,10.539999961853027,10.539999961853027,10.539999961853027,0
2016-12-14,10.539999961853027,10.539999961853027,10.539999961853027,10.539999961853027,0
2016-12-15,10.479999542236328,10.479999542236328,10.479999542236328,10.479999542236328,0
2016-12-16,10.489999771118164,10.489999771118164,10.489999771118164,10.489999771118164,0
2016-12-19,10.510000228881836,10.510000228881836,10.510000228881836,10.510000228881836,0
2016-12-20,10.510000228881836,10.510000228881836,10.510000228881836,10.510000228881836,0
2016-12-21,10.529999732971191,10.529999732971191,10.529999732971191,10.529999732971191,0
2016-12-22,10.539999961853027,10.539999961853027,10.539999961853027,10.539999961853027,0
2016-12-23,10.5,10.5,10.5,10.5,0
2016-12-27,10.5,10.5,10.5,10.5,0
2016-12-28,10.520000457763672,10.520000457763672,10.520000457763672,10.520000457763672,0
2016-12-29,10.529999732971191,10.529999732971191,10.529999732971191,10.529999732971191,0
2016-12-30,10.539999961853027,10.539999961853027,10.539999961853027,10.539999961853027,0
2017-01-03,10.539999961853027,10.539999961853027,10.539999961853027,10.539999961853027,0
2017-01-04,10.550000190734863,10.550000190734863,10.550000190734863,10.550000190734863,0
2017-01-05,10.579999923706055,10.579999923706055,10.579999923706055,10.579999923706055,0
2017-01-06,10.579999923706055,10.579999923706055,10.579999923706055,10.579999923706055,0
2017-01-09,10.600000381469727,10.600000381469727,10.600000381469727,10.600000381469727,0
2017-01-10,10.609999656677246,10.609999656677246,10.609999656677246,10.609999656677246,0
2017-01-11,10.630000114440918,10.630000114440918,10.630000114440918,10.630000114440918,0
2017-01-12,10.65999984741211,10.65999984741211,10.65999984741211,10.65999984741211,0
2017-01-13,10.640000343322754,10.640000343322754,10.640000343322754,10.640000343322754,0
2017-01-17,10.65999984741211,10.65999984741211,10.65999984741211,10.65999984741211,0
2017-01-18,10.640000343322754,10.640000343322754,10.640000343322754,10.640000343322754,0
2017-01-19,10.59000015258789,10.59000015258789,10.59000015258789,10.59000015258789,0
2017-01-20,10.550000190734863,10.550000190734863,10.550000190734863,10.550000190734863,0
2017-01-23,10.5600004196167,10.5600004196167,10.5600004196167,10.5600004196167,0
2017-01-24,10.5600004196167,10.5600004196167,10.5600004196167,10.5600004196167,0
2017-01-25,10.539999961853027,10.539999961853027,10.539999961853027,10.539999961853027,0
2017-01-26,10.529999732971191,10.529999732971191,10.529999732971191,10.529999732971191,0
2017-01-27,10.539999961853027,10.539999961853027,10.539999961853027,10.539999961853027,0
2017-01-30,10.539999961853027,10.539999961853027,10.539999961853027,10.539999961853027,0
2017-01-31,10.550000190734863,10.550000190734863,10.550000190734863,10.550000190734863,0
2017-02-01,10.539999961853027,10.539999961853027,10.539999961853027,10.539999961853027,0
2017-02-02,10.550000190734863,10.550000190734863,10.550000190734863,10.550000190734863,0
2017-02-03,10.550000190734863,10.550000190734863,10.550000190734863,10.550000190734863,0
2017-02-06,10.5600004196167,10.5600004196167,10.5600004196167,10.5600004196167,0
2017-02-07,10.569999694824219,10.569999694824219,10.569999694824219,10.569999694824219,0
2017-02-08,10.59000015258789,10.59000015258789,10.59000015258789,10.59000015258789,0
2017-02-09,10.579999923706055,10.579999923706055,10.579999923706055,10.579999923706055,0
2017-02-10,10.569999694824219,10.569999694824219,10.569999694824219,10.569999694824219,0
2017-02-13,10.5600004196167,10.5600004196167,10.5600004196167,10.5600004196167,0
2017-02-14,10.539999961853027,10.539999961853027,10.539999961853027,10.539999961853027,0
2017-02-15,10.510000228881836,10.510000228881836,10.510000228881836,10.510000228881836,0
2017-02-16,10.520000457763672,10.520000457763672,10.520000457763672,10.520000457763672,0
2017-02-17,10.539999961853027,10.539999961853027,10.539999961853027,10.539999961853027,0
2017-02-21,10.539999961853027,10.539999961853027,10.539999961853027,10.539999961853027,0
2017-02-22,10.550000190734863,10.550000190734863,10.550000190734863,10.550000190734863,0
2017-02-23,10.5600004196167,10.5600004196167,10.5600004196167,10.5600004196167,0
2017-02-24,10.59000015258789,10.59000015258789,10.59000015258789,10.59000015258789,0
2017-02-27,10.59000015258789,10.59000015258789,10.59000015258789,10.59000015258789,0
2017-02-28,10.59000015258789,10.59000015258789,10.59000015258789,10.59000015258789,0
2017-03-01,10.550000190734863,10.550000190734863,10.550000190734863,10.550000190734863,0
2017-03-02,10.529999732971191,10.529999732971191,10.529999732971191,10.529999732971191,0
2017-03-03,10.510000228881836,10.510000228881836,10.510000228881836,10.510000228881836,0
2017-03-06,10.510000228881836,10.510000228881836,10.510000228881836,10.510000228881836,0
2017-03-07,10.510000228881836,10.510000228881836,10.510000228881836,10.510000228881836,0
2017-03-08,10.489999771118164,10.489999771118164,10.489999771118164,10.489999771118164,0
2017-03-09,10.479999542236328,10.479999542236328,10.479999542236328,10.479999542236328,0
2017-03-10,10.479999542236328,10.479999542236328,10.479999542236328,10.479999542236328,0
2017-03-13,10.470000267028809,10.470000267028809,10.470000267028809,10.470000267028809,0
2017-03-14,10.470000267028809,10.470000267028809,10.470000267028809,10.470000267028809,0
2017-03-15,10.489999771118164,10.489999771118164,10.489999771118164,10.489999771118164,0
2017-03-16,10.5,10.5,10.5,10.5,0
2017-03-17,10.510000228881836,10.510000228881836,10.510000228881836,10.510000228881836,0
2017-03-20,10.529999732971191,10.529999732971191,10.529999732971191,10.529999732971191,0
2017-03-21,10.550000190734863,10.550000190734863,10.550000190734863,10.550000190734863,0
2017-03-22,10.569999694824219,10.569999694824219,10.569999694824219,10.569999694824219,0
2017-03-23,10.579999923706055,10.579999923706055,10.579999923706055,10.579999923706055,0
2017-03-24,10.579999923706055,10.579999923706055,10.579999923706055,10.579999923706055,0
2017-03-27,10.600000381469727,10.600000381469727,10.600000381469727,10.600000381469727,0
2017-03-28,10.609999656677246,10.609999656677246,10.609999656677246,10.609999656677246,0
2017-03-29,10.609999656677246,10.609999656677246,10.609999656677246,10.609999656677246,0
2017-03-30,10.600000381469727,10.600000381469727,10.600000381469727,10.600000381469727,0
2017-03-31,10.59000015258789,10.59000015258789,10.59000015258789,10.59000015258789,0
2017-04-03,10.609999656677246,10.609999656677246,10.609999656677246,10.609999656677246,0
2017-04-04,10.619999885559082,10.619999885559082,10.619999885559082,10.619999885559082,0
2017-04-05,10.619999885559082,10.619999885559082,10.619999885559082,10.619999885559082,0
2017-04-06,10.630000114440918,10.630000114440918,10.630000114440918,10.630000114440918,0
2017-04-07,10.640000343322754,10.640000343322754,10.640000343322754,10.640000343322754,0
2017-04-10,10.640000343322754,10.640000343322754,10.640000343322754,10.640000343322754,0
2017-04-11,10.65999984741211,10.65999984741211,10.65999984741211,10.65999984741211,0
2017-04-12,10.670000076293945,10.670000076293945,10.670000076293945,10.670000076293945,0
2017-04-13,10.6899995803833,10.6899995803833,10.6899995803833,10.6899995803833,0
2017-04-17,10.6899995803833,10.6899995803833,10.6899995803833,10.6899995803833,0
2017-04-18,10.720000267028809,10.720000267028809,10.720000267028809,10.720000267028809,0
2017-04-19,10.720000267028809,10.720000267028809,10.720000267028809,10.720000267028809,0
2017-04-20,10.699999809265137,10.699999809265137,10.699999809265137,10.699999809265137,0
2017-04-21,10.699999809265137,10.699999809265137,10.699999809265137,10.699999809265137,0
2017-04-24,10.680000305175781,10.680000305175781,10.680000305175781,10.680000305175781,0
2017-04-25,10.649999618530273,10.649999618530273,10.649999618530273,10.649999618530273,0
2017-04-26,10.649999618530273,10.649999618530273,10.649999618530273,10.649999618530273,0
2017-04-27,10.649999618530273,10.649999618530273,10.649999618530273,10.649999618530273,0
2017-04-28,10.640000343322754,10.640000343322754,10.640000343322754,10.640000343322754,0
2017-05-01,10.630000114440918,10.630000114440918,10.630000114440918,10.630000114440918,0
2017-05-02,10.630000114440918,10.630000114440918,10.630000114440918,10.630000114440918,0
2017-05-03,10.649999618530273,10.649999618530273,10.649999618530273,10.649999618530273,0
2017-05-04,10.640000343322754,10.640000343322754,10.640000343322754,10.640000343322754,0
2017-05-05,10.640000343322754,10.640000343322754,10.640000343322754,10.640000343322754,0
2017-05-08,10.640000343322754,10.640000343322754,10.640000343322754,10.640000343322754,0
2017-05-09,10.640000343322754,10.640000343322754,10.640000343322754,10.640000343322754,0
2017-05-10,10.649999618530273,10.649999618530273,10.649999618530273,10.649999618530273,0
2017-05-11,10.649999618530273,10.649999618530273,10.649999618530273,10.649999618530273,0
2017-05-12,10.670000076293945,10.670000076293945,10.670000076293945,10.670000076293945,0
2017-05-15,10.670000076293945,10.670000076293945,10.670000076293945,10.670000076293945,0
2017-05-16,10.680000305175781,10.680000305175781,10.680000305175781,10.680000305175781,0
2017-05-17,10.729999542236328,10.729999542236328,10.729999542236328,10.729999542236328,0
2017-05-18,10.739999771118164,10.739999771118164,10.739999771118164,10.739999771118164,0
2017-05-19,10.739999771118164,10.739999771118164,10.739999771118164,10.739999771118164,0
2017-05-22,10.75,10.75,10.75,10.75,0
2017-05-23,10.760000228881836,10.760000228881836,10.760000228881836,10.760000228881836,0
2017-05-24,10.760000228881836,10.760000228881836,10.760000228881836,10.760000228881836,0
2017-05-25,10.770000457763672,10.770000457763672,10.770000457763672,10.770000457763672,0
2017-05-26,10.779999732971191,10.779999732971191,10.779999732971191,10.779999732971191,0
2017-05-30,10.789999961853027,10.789999961853027,10.789999961853027,10.789999961853027,0
2017-05-31,10.8100004196167,10.8100004196167,10.8100004196167,10.8100004196167,0
2017-06-01,10.800000190734863,10.800000190734863,10.800000190734863,10.800000190734863,0
2017-06-02,10.829999923706055,10.829999923706055,10.829999923706055,10.829999923706055,0
2017-06-05,10.829999923706055,10.829999923706055,10.829999923706055,10.829999923706055,0
2017-06-06,10.850000381469727,10.850000381469727,10.850000381469727,10.850000381469727,0
2017-06-07,10.850000381469727,10.850000381469727,10.850000381469727,10.850000381469727,0
2017-06-08,10.829999923706055,10.829999923706055,10.829999923706055,10.829999923706055,0
2017-06-09,10.819999694824219,10.819999694824219,10.819999694824219,10.819999694824219,0
2017-06-12,10.8100004196167,10.8100004196167,10.8100004196167,10.8100004196167,0
2017-06-13,10.8100004196167,10.8100004196167,10.8100004196167,10.8100004196167,0
2017-06-14,10.829999923706055,10.829999923706055,10.829999923706055,10.829999923706055,0
2017-06-15,10.819999694824219,10.819999694824219,10.819999694824219,10.819999694824219,0
2017-06-16,10.819999694824219,10.819999694824219,10.819999694824219,10.819999694824219,0
2017-06-19,10.819999694824219,10.819999694824219,10.819999694824219,10.819999694824219,0
2017-06-20,10.819999694824219,10.819999694824219,10.819999694824219,10.819999694824219,0
2017-06-21,10.819999694824219,10.819999694824219,10.819999694824219,10.819999694824219,0
2017-06-22,10.819999694824219,10.819999694824219,10.819999694824219,10.819999694824219,0
2017-06-23,10.819999694824219,10.819999694824219,10.819999694824219,10.819999694824219,0
2017-06-26,10.829999923706055,10.829999923706055,10.829999923706055,10.829999923706055,0
2017-06-27,10.8100004196167,10.8100004196167,10.8100004196167,10.8100004196167,0
2017-06-28,10.789999961853027,10.789999961853027,10.789999961853027,10.789999961853027,0
2017-06-29,10.75,10.75,10.75,10.75,0
2017-06-30,10.75,10.75,10.75,10.75,0
2017-07-03,10.739999771118164,10.739999771118164,10.739999771118164,10.739999771118164,0
2017-07-05,10.739999771118164,10.739999771118164,10.739999771118164,10.739999771118164,0
2017-07-06,10.729999542236328,10.729999542236328,10.729999542236328,10.729999542236328,0
2017-07-07,10.720000267028809,10.720000267028809,10.720000267028809,10.720000267028809,0
2017-07-10,10.720000267028809,10.720000267028809,10.720000267028809,10.720000267028809,0
2017-07-11,10.720000267028809,10.720000267028809,10.720000267028809,10.720000267028809,0
2017-07-12,10.739999771118164,10.739999771118164,10.739999771118164,10.739999771118164,0
2017-07-13,10.739999771118164,10.739999771118164,10.739999771118164,10.739999771118164,0
2017-07-14,10.760000228881836,10.760000228881836,10.760000228881836,10.760000228881836,0
2017-07-17,10.770000457763672,10.770000457763672,10.770000457763672,10.770000457763672,0
2017-07-18,10.789999961853027,10.789999961853027,10.789999961853027,10.789999961853027,0
2017-07-19,10.800000190734863,10.800000190734863,10.800000190734863,10.800000190734863,0
2017-07-20,10.8100004196167,10.8100004196167,10.8100004196167,10.8100004196167,0
2017-07-21,10.829999923706055,10.829999923706055,10.829999923706055,10.829999923706055,0
2017-07-24,10.829999923706055,10.829999923706055,10.829999923706055,10.829999923706055,0
2017-07-25,10.8100004196167,10.8100004196167,10.8100004196167,10.8100004196167,0
2017-07-26,10.8100004196167,10.8100004196167,10.8100004196167,10.8100004196167,0
2017-07-27,10.800000190734863,10.800000190734863,10.800000190734863,10.800000190734863,0
2017-07-28,10.800000190734863,10.800000190734863,10.800000190734863,10.800000190734863,0
2017-07-31,10.800000190734863,10.800000190734863,10.800000190734863,10.800000190734863,0
2017-08-01,10.8100004196167,10.8100004196167,10.8100004196167,10.8100004196167,0
2017-08-02,10.8100004196167,10.8100004196167,10.8100004196167,10.8100004196167,0
2017-08-03,10.829999923706055,10.829999923706055,10.829999923706055,10.829999923706055,0
2017-08-04,10.829999923706055,10.829999923706055,10.829999923706055,10.829999923706055,0
2017-08-07,10.829999923706055,10.829999923706055,10.829999923706055,10.829999923706055,0
2017-08-08,10.819999694824219,10.819999694824219,10.819999694824219,10.819999694824219,0
2017-08-09,10.829999923706055,10.829999923706055,10.829999923706055,10.829999923706055,0
2017-08-10,10.84000015258789,10.84000015258789,10.84000015258789,10.84000015258789,0
2017-08-11,10.850000381469727,10.850000381469727,10.850000381469727,10.850000381469727,0
2017-08-14,10.84000015258789,10.84000015258789,10.84000015258789,10.84000015258789,0
2017-08-15,10.819999694824219,10.819999694824219,10.819999694824219,10.819999694824219,0
2017-08-16,10.819999694824219,10.819999694824219,10.819999694824219,10.819999694824219,0
2017-08-17,10.819999694824219,10.819999694824219,10.819999694824219,10.819999694824219,0
2017-08-18,10.829999923706055,10.829999923706055,10.829999923706055,10.829999923706055,0
2017-08-21,10.84000015258789,10.84000015258789,10.84000015258789,10.84000015258789,0
2017-08-22,10.84000015258789,10.84000015258789,10.84000015258789,10.84000015258789,0
2017-08-23,10.850000381469727,10.850000381469727,10.850000381469727,10.850000381469727,0
2017-08-24,10.850000381469727,10.850000381469727,10.850000381469727,10.850000381469727,0
2017-08-25,10.850000381469727,10.850000381469727,10.850000381469727,10.850000381469727,0
2017-08-28,10.850000381469727,10.850000381469727,10.850000381469727,10.850000381469727,0
2017-08-29,10.859999656677246,10.859999656677246,10.859999656677246,10.859999656677246,0
2017-08-30,10.859999656677246,10.859999656677246,10.859999656677246,10.859999656677246,0
2017-08-31,10.869999885559082,10.869999885559082,10.869999885559082,10.869999885559082,0
2017-09-01,10.859999656677246,10.859999656677246,10.859999656677246,10.859999656677246,0
2017-09-05,10.880000114440918,10.880000114440918,10.880000114440918,10.880000114440918,0
2017-09-06,10.880000114440918,10.880000114440918,10.880000114440918,10.880000114440918,0
2017-09-07,10.890000343322754,10.890000343322754,10.890000343322754,10.890000343322754,0
2017-09-08,10.899999618530273,10.899999618530273,10.899999618530273,10.899999618530273,0
2017-09-11,10.880000114440918,10.880000114440918,10.880000114440918,10.880000114440918,0
2017-09-12,10.859999656677246,10.859999656677246,10.859999656677246,10.859999656677246,0
2017-09-13,10.850000381469727,10.850000381469727,10.850000381469727,10.850000381469727,0
2017-09-14,10.84000015258789,10.84000015258789,10.84000015258789,10.84000015258789,0
2017-09-15,10.84000015258789,10.84000015258789,10.84000015258789,10.84000015258789,0
2017-09-18,10.84000015258789,10.84000015258789,10.84000015258789,10.84000015258789,0
2017-09-19,10.829999923706055,10.829999923706055,10.829999923706055,10.829999923706055,0
2017-09-20,10.819999694824219,10.819999694824219,10.819999694824219,10.819999694824219,0
2017-09-21,10.819999694824219,10.819999694824219,10.819999694824219,10.819999694824219,0
2017-09-22,10.829999923706055,10.829999923706055,10.829999923706055,10.829999923706055,0
2017-09-25,10.829999923706055,10.829999923706055,10.829999923706055,10.829999923706055,0
2017-09-26,10.829999923706055,10.829999923706055,10.829999923706055,10.829999923706055,0
2017-09-27,10.789999961853027,10.789999961853027,10.789999961853027,10.789999961853027,0
2017-09-28,10.779999732971191,10.779999732971191,10.779999732971191,10.779999732971191,0
2017-09-29,10.789999961853027,10.789999961853027,10.789999961853027,10.789999961853027,0
2017-10-02,10.779999732971191,10.779999732971191,10.779999732971191,10.779999732971191,0
2017-10-03,10.789999961853027,10.789999961853027,10.789999961853027,10.789999961853027,0
2017-10-04,10.800000190734863,10.800000190734863,10.800000190734863,10.800000190734863,0
2017-10-05,10.789999961853027,10.789999961853027,10.789999961853027,10.789999961853027,0
2017-10-06,10.789999961853027,10.789999961853027,10.789999961853027,10.789999961853027,0
2017-10-09,10.789999961853027,10.789999961853027,10.789999961853027,10.789999961853027,0
2017-10-10,10.800000190734863,10.800000190734863,10.800000190734863,10.800000190734863,0
2017-10-11,10.800000190734863,10.800000190734863,10.800000190734863,10.800000190734863,0
2017-10-12,10.8100004196167,10.8100004196167,10.8100004196167,10.8100004196167,0
2017-10-13,10.84000015258789,10.84000015258789,10.84000015258789,10.84000015258789,0
2017-10-16,10.84000015258789,10.84000015258789,10.84000015258789,10.84000015258789,0
2017-10-17,10.850000381469727,10.850000381469727,10.850000381469727,10.850000381469727,0
2017-10-18,10.850000381469727,10.850000381469727,10.850000381469727,10.850000381469727,0
2017-10-19,10.859999656677246,10.859999656677246,10.859999656677246,10.859999656677246,0
2017-10-20,10.829999923706055,10.829999923706055,10.829999923706055,10.829999923706055,0
2017-10-23,10.829999923706055,10.829999923706055,10.829999923706055,10.829999923706055,0
2017-10-24,10.819999694824219,10.819999694824219,10.819999694824219,10.819999694824219,0
2017-10-25,10.800000190734863,10.800000190734863,10.800000190734863,10.800000190734863,0
2017-10-26,10.779999732971191,10.779999732971191,10.779999732971191,10.779999732971191,0
2017-10-27,10.789999961853027,10.789999961853027,10.789999961853027,10.789999961853027,0
2017-10-30,10.789999961853027,10.789999961853027,10.789999961853027,10.789999961853027,0
2017-10-31,10.789999961853027,10.789999961853027,10.789999961853027,10.789999961853027,0
2017-11-01,10.789999961853027,10.789999961853027,10.789999961853027,10.789999961853027,0
2017-11-02,10.800000190734863,10.800000190734863,10.800000190734863,10.800000190734863,0
2017-11-03,10.819999694824219,10.819999694824219,10.819999694824219,10.819999694824219,0
2017-11-06,10.84000015258789,10.84000015258789,10.84000015258789,10.84000015258789,0
2017-11-07,10.880000114440918,10.880000114440918,10.880000114440918,10.880000114440918,0
2017-11-08,10.890000343322754,10.890000343322754,10.890000343322754,10.890000343322754,0
2017-11-09,10.869999885559082,10.869999885559082,10.869999885559082,10.869999885559082,0
2017-11-10,10.84000015258789,10.84000015258789,10.84000015258789,10.84000015258789,0
2017-11-13,10.829999923706055,10.829999923706055,10.829999923706055,10.829999923706055,0
2017-11-14,10.819999694824219,10.819999694824219,10.819999694824219,10.819999694824219,0
2017-11-15,10.829999923706055,10.829999923706055,10.829999923706055,10.829999923706055,0
2017-11-16,10.819999694824219,10.819999694824219,10.819999694824219,10.819999694824219,0
2017-11-17,10.819999694824219,10.819999694824219,10.819999694824219,10.819999694824219,0
2017-11-20,10.8100004196167,10.8100004196167,10.8100004196167,10.8100004196167,0
2017-11-21,10.800000190734863,10.800000190734863,10.800000190734863,10.800000190734863,0
2017-11-22,10.779999732971191,10.779999732971191,10.779999732971191,10.779999732971191,0
2017-11-24,10.779999732971191,10.779999732971191,10.779999732971191,10.779999732971191,0
2017-11-27,10.760000228881836,10.760000228881836,10.760000228881836,10.760000228881836,0
2017-11-28,10.739999771118164,10.739999771118164,10.739999771118164,10.739999771118164,0
2017-11-29,10.710000038146973,10.710000038146973,10.710000038146973,10.710000038146973,0
2017-11-30,10.739999771118164,10.739999771118164,10.739999771118164,10.739999771118164,0
2017-12-01,10.800000190734863,10.800000190734863,10.800000190734863,10.800000190734863,0
2017-12-04,10.8100004196167,10.8100004196167,10.8100004196167,10.8100004196167,0
2017-12-05,10.850000381469727,10.850000381469727,10.850000381469727,10.850000381469727,0
2017-12-06,10.90999984741211,10.90999984741211,10.90999984741211,10.90999984741211,0
2017-12-07,10.899999618530273,10.899999618530273,10.899999618530273,10.899999618530273,0
2017-12-08,10.859999656677246,10.859999656677246,10.859999656677246,10.859999656677246,0
2017-12-11,10.819999694824219,10.819999694824219,10.819999694824219,10.819999694824219,0
2017-12-12,10.800000190734863,10.800000190734863,10.800000190734863,10.800000190734863,0
2017-12-13,10.829999923706055,10.829999923706055,10.829999923706055,10.829999923706055,0
2017-12-14,10.850000381469727,10.850000381469727,10.850000381469727,10.850000381469727,0
2017-12-15,10.84000015258789,10.84000015258789,10.84000015258789,10.84000015258789,0
2017-12-18,10.819999694824219,10.819999694824219,10.819999694824219,10.819999694824219,0
2017-12-19,10.789999961853027,10.789999961853027,10.789999961853027,10.789999961853027,0
2017-12-20,10.760000228881836,10.760000228881836,10.760000228881836,10.760000228881836,0
2017-12-21,10.760000228881836,10.760000228881836,10.760000228881836,10.760000228881836,0
2017-12-22,10.779999732971191,10.779999732971191,10.779999732971191,10.779999732971191,0
2017-12-26,10.800000190734863,10.800000190734863,10.800000190734863,10.800000190734863,0
2017-12-27,10.829999923706055,10.829999923706055,10.829999923706055,10.829999923706055,0
2017-12-28,10.84000015258789,10.84000015258789,10.84000015258789,10.84000015258789,0
2017-12-29,10.850000381469727,10.850000381469727,10.850000381469727,10.850000381469727,0
2018-01-02,10.850000381469727,10.850000381469727,10.850000381469727,10.850000381469727,0
2018-01-03,10.850000381469727,10.850000381469727,10.850000381469727,10.850000381469727,0
2018-01-04,10.850000381469727,10.850000381469727,10.850000381469727,10.850000381469727,0
2018-01-05,10.84000015258789,10.84000015258789,10.84000015258789,10.84000015258789,0
2018-01-08,10.84000015258789,10.84000015258789,10.84000015258789,10.84000015258789,0
2018-01-09,10.819999694824219,10.819999694824219,10.819999694824219,10.819999694824219,0
2018-01-10,10.770000457763672,10.770000457763672,10.770000457763672,10.770000457763672,0
2018-01-11,10.779999732971191,10.779999732971191,10.779999732971191,10.779999732971191,0
2018-01-12,10.779999732971191,10.779999732971191,10.779999732971191,10.779999732971191,0
2018-01-16,10.789999961853027,10.789999961853027,10.789999961853027,10.789999961853027,0
2018-01-17,10.789999961853027,10.789999961853027,10.789999961853027,10.789999961853027,0
2018-01-18,10.770000457763672,10.770000457763672,10.770000457763672,10.770000457763672,0
2018-01-19,10.770000457763672,10.770000457763672,10.770000457763672,10.770000457763672,0
2018-01-22,10.760000228881836,10.760000228881836,10.760000228881836,10.760000228881836,0
2018-01-23,10.760000228881836,10.760000228881836,10.760000228881836,10.760000228881836,0
2018-01-24,10.739999771118164,10.739999771118164,10.739999771118164,10.739999771118164,0
2018-01-25,10.739999771118164,10.739999771118164,10.739999771118164,10.739999771118164,0
2018-01-26,10.720000267028809,10.720000267028809,10.720000267028809,10.720000267028809,0
2018-01-29,10.6899995803833,10.6899995803833,10.6899995803833,10.6899995803833,0
2018-01-30,10.670000076293945,10.670000076293945,10.670000076293945,10.670000076293945,0
2018-01-31,10.65999984741211,10.65999984741211,10.65999984741211,10.65999984741211,0
2018-02-01,10.649999618530273,10.649999618530273,10.649999618530273,10.649999618530273,0
2018-02-02,10.609999656677246,10.609999656677246,10.609999656677246,10.609999656677246,0
2018-02-05,10.609999656677246,10.609999656677246,10.609999656677246,10.609999656677246,0
2018-02-06,10.65999984741211,10.65999984741211,10.65999984741211,10.65999984741211,0
2018-02-07,10.649999618530273,10.649999618530273,10.649999618530273,10.649999618530273,0
2018-02-08,10.630000114440918,10.630000114440918,10.630000114440918,10.630000114440918,0
2018-02-09,10.630000114440918,10.630000114440918,10.630000114440918,10.630000114440918,0
2018-02-12,10.619999885559082,10.619999885559082,10.619999885559082,10.619999885559082,0
2018-02-13,10.619999885559082,10.619999885559082,10.619999885559082,10.619999885559082,0
2018-02-14,10.59000015258789,10.59000015258789,10.59000015258789,10.59000015258789,0
2018-02-15,10.579999923706055,10.579999923706055,10.579999923706055,10.579999923706055,0
2018-02-16,10.59000015258789,10.59000015258789,10.59000015258789,10.59000015258789,0
2018-02-20,10.579999923706055,10.579999923706055,10.579999923706055,10.579999923706055,0
2018-02-21,10.569999694824219,10.569999694824219,10.569999694824219,10.569999694824219,0
2018-02-22,10.569999694824219,10.569999694824219,10.569999694824219,10.569999694824219,0
2018-02-23,10.59000015258789,10.59000015258789,10.59000015258789,10.59000015258789,0
2018-02-26,10.59000015258789,10.59000015258789,10.59000015258789,10.59000015258789,0
2018-02-27,10.569999694824219,10.569999694824219,10.569999694824219,10.569999694824219,0
2018-02-28,10.569999694824219,10.569999694824219,10.569999694824219,10.569999694824219,0
2018-03-01,10.600000381469727,10.600000381469727,10.600000381469727,10.600000381469727,0
2018-03-02,10.59000015258789,10.59000015258789,10.59000015258789,10.59000015258789,0
2018-03-05,10.579999923706055,10.579999923706055,10.579999923706055,10.579999923706055,0
2018-03-06,10.579999923706055,10.579999923706055,10.579999923706055,10.579999923706055,0
2018-03-07,10.579999923706055,10.579999923706055,10.579999923706055,10.579999923706055,0
2018-03-08,10.579999923706055,10.579999923706055,10.579999923706055,10.579999923706055,0
2018-03-09,10.569999694824219,10.569999694824219,10.569999694824219,10.569999694824219,0
2018-03-12,10.5600004196167,10.5600004196167,10.5600004196167,10.5600004196167,0
2018-03-13,10.5600004196167,10.5600004196167,10.5600004196167,10.5600004196167,0
2018-03-14,10.569999694824219,10.569999694824219,10.569999694824219,10.569999694824219,0
2018-03-15,10.569999694824219,10.569999694824219,10.569999694824219,10.569999694824219,0
2018-03-16,10.579999923706055,10.579999923706055,10.579999923706055,10.579999923706055,0
2018-03-19,10.579999923706055,10.579999923706055,10.579999923706055,10.579999923706055,0
2018-03-20,10.569999694824219,10.569999694824219,10.569999694824219,10.569999694824219,0
2018-03-21,10.5600004196167,10.5600004196167,10.5600004196167,10.5600004196167,0
2018-03-22,10.59000015258789,10.59000015258789,10.59000015258789,10.59000015258789,0
2018-03-23,10.59000015258789,10.59000015258789,10.59000015258789,10.59000015258789,0
2018-03-26,10.59000015258789,10.59000015258789,10.59000015258789,10.59000015258789,0
2018-03-27,10.59000015258789,10.59000015258789,10.59000015258789,10.59000015258789,0
2018-03-28,10.600000381469727,10.600000381469727,10.600000381469727,10.600000381469727,0
2018-03-29,10.609999656677246,10.609999656677246,10.609999656677246,10.609999656677246,0
2018-04-02,10.619999885559082,10.619999885559082,10.619999885559082,10.619999885559082,0
2018-04-03,10.609999656677246,10.609999656677246,10.609999656677246,10.609999656677246,0
2018-04-04,10.600000381469727,10.600000381469727,10.600000381469727,10.600000381469727,0
2018-04-05,10.59000015258789,10.59000015258789,10.59000015258789,10.59000015258789,0
2018-04-06,10.600000381469727,10.600000381469727,10.600000381469727,10.600000381469727,0
2018-04-09,10.600000381469727,10.600000381469727,10.600000381469727,10.600000381469727,0
2018-04-10,10.600000381469727,10.600000381469727,10.600000381469727,10.600000381469727,0
2018-04-11,10.619999885559082,10.619999885559082,10.619999885559082,10.619999885559082,0
2018-04-12,10.609999656677246,10.609999656677246,10.609999656677246,10.609999656677246,0
2018-04-13,10.609999656677246,10.609999656677246,10.609999656677246,10.609999656677246,0
2018-04-16,10.600000381469727,10.600000381469727,10.600000381469727,10.600000381469727,0
2018-04-17,10.600000381469727,10.600000381469727,10.600000381469727,10.600000381469727,0
2018-04-18,10.600000381469727,10.600000381469727,10.600000381469727,10.600000381469727,0
2018-04-19,10.579999923706055,10.579999923706055,10.579999923706055,10.579999923706055,0
2018-04-20,10.569999694824219,10.569999694824219,10.569999694824219,10.569999694824219,0
2018-04-23,10.5600004196167,10.5600004196167,10.5600004196167,10.5600004196167,0
2018-04-24,10.539999961853027,10.539999961853027,10.539999961853027,10.539999961853027,0
2018-04-25,10.5,10.5,10.5,10.5,0
2018-04-26,10.510000228881836,10.510000228881836,10.510000228881836,10.510000228881836,0
2018-04-27,10.520000457763672,10.520000457763672,10.520000457763672,10.520000457763672,0
2018-04-30,10.529999732971191,10.529999732971191,10.529999732971191,10.529999732971191,0
2018-05-01,10.529999732971191,10.529999732971191,10.529999732971191,10.529999732971191,0
2018-05-02,10.550000190734863,10.550000190734863,10.550000190734863,10.550000190734863,0
2018-05-03,10.579999923706055,10.579999923706055,10.579999923706055,10.579999923706055,0
2018-05-04,10.59000015258789,10.59000015258789,10.59000015258789,10.59000015258789,0
2018-05-07,10.59000015258789,10.59000015258789,10.59000015258789,10.59000015258789,0
2018-05-08,10.59000015258789,10.59000015258789,10.59000015258789,10.59000015258789,0
2018-05-09,10.59000015258789,10.59000015258789,10.59000015258789,10.59000015258789,0
2018-05-10,10.59000015258789,10.59000015258789,10.59000015258789,10.59000015258789,0
2018-05-11,10.600000381469727,10.600000381469727,10.600000381469727,10.600000381469727,0
2018-05-14,10.59000015258789,10.59000015258789,10.59000015258789,10.59000015258789,0
2018-05-15,10.5600004196167,10.5600004196167,10.5600004196167,10.5600004196167,0
2018-05-16,10.550000190734863,10.550000190734863,10.550000190734863,10.550000190734863,0
2018-05-17,10.539999961853027,10.539999961853027,10.539999961853027,10.539999961853027,0
2018-05-18,10.539999961853027,10.539999961853027,10.539999961853027,10.539999961853027,0
2018-05-21,10.529999732971191,10.529999732971191,10.529999732971191,10.529999732971191,0
2018-05-22,10.529999732971191,10.529999732971191,10.529999732971191,10.529999732971191,0
2018-05-23,10.5600004196167,10.5600004196167,10.5600004196167,10.5600004196167,0
2018-05-24,10.569999694824219,10.569999694824219,10.569999694824219,10.569999694824219,0
2018-05-25,10.59000015258789,10.59000015258789,10.59000015258789,10.59000015258789,0
2018-05-29,10.630000114440918,10.630000114440918,10.630000114440918,10.630000114440918,0
2018-05-30,10.630000114440918,10.630000114440918,10.630000114440918,10.630000114440918,0
2018-05-31,10.630000114440918,10.630000114440918,10.630000114440918,10.630000114440918,0
2018-06-01,10.609999656677246,10.609999656677246,10.609999656677246,10.609999656677246,0
2018-06-04,10.609999656677246,10.609999656677246,10.609999656677246,10.609999656677246,0
2018-06-05,10.609999656677246,10.609999656677246,10.609999656677246,10.609999656677246,0
2018-06-06,10.59000015258789,10.59000015258789,10.59000015258789,10.59000015258789,0
2018-06-07,10.59000015258789,10.59000015258789,10.59000015258789,10.59000015258789,0
2018-06-08,10.59000015258789,10.59000015258789,10.59000015258789,10.59000015258789,0
2018-06-11,10.59000015258789,10.59000015258789,10.59000015258789,10.59000015258789,0
2018-06-12,10.579999923706055,10.579999923706055,10.579999923706055,10.579999923706055,0
2018-06-13,10.569999694824219,10.569999694824219,10.569999694824219,10.569999694824219,0
2018-06-14,10.579999923706055,10.579999923706055,10.579999923706055,10.579999923706055,0
2018-06-15,10.59000015258789,10.59000015258789,10.59000015258789,10.59000015258789,0
2018-06-18,10.59000015258789,10.59000015258789,10.59000015258789,10.59000015258789,0
2018-06-19,10.600000381469727,10.600000381469727,10.600000381469727,10.600000381469727,0
2018-06-20,10.600000381469727,10.600000381469727,10.600000381469727,10.600000381469727,0
2018-06-21,10.600000381469727,10.600000381469727,10.600000381469727,10.600000381469727,0
2018-06-22,10.59000015258789,10.59000015258789,10.59000015258789,10.59000015258789,0
2018-06-25,10.59000015258789,10.59000015258789,10.59000015258789,10.59000015258789,0
2018-06-26,10.59000015258789,10.59000015258789,10.59000015258789,10.59000015258789,0
2018-06-27,10.600000381469727,10.600000381469727,10.600000381469727,10.600000381469727,0
2018-06-28,10.600000381469727,10.600000381469727,10.600000381469727,10.600000381469727,0
2018-06-29,10.600000381469727,10.600000381469727,10.600000381469727,10.600000381469727,0
2018-07-02,10.600000381469727,10.600000381469727,10.600000381469727,10.600000381469727,0
2018-07-03,10.609999656677246,10.609999656677246,10.609999656677246,10.609999656677246,0
2018-07-05,10.609999656677246,10.609999656677246,10.609999656677246,10.609999656677246,0
2018-07-06,10.619999885559082,10.619999885559082,10.619999885559082,10.619999885559082,0
2018-07-09,10.630000114440918,10.630000114440918,10.630000114440918,10.630000114440918,0
2018-07-10,10.619999885559082,10.619999885559082,10.619999885559082,10.619999885559082,0
2018-07-11,10.630000114440918,10.630000114440918,10.630000114440918,10.630000114440918,0
2018-07-12,10.630000114440918,10.630000114440918,10.630000114440918,10.630000114440918,0
2018-07-13,10.630000114440918,10.630000114440918,10.630000114440918,10.630000114440918,0
2018-07-16,10.630000114440918,10.630000114440918,10.630000114440918,10.630000114440918,0
2018-07-17,10.630000114440918,10.630000114440918,10.630000114440918,10.630000114440918,0
2018-07-18,10.630000114440918,10.630000114440918,10.630000114440918,10.630000114440918,0
2018-07-19,10.630000114440918,10.630000114440918,10.630000114440918,10.630000114440918,0
2018-07-20,10.630000114440918,10.630000114440918,10.630000114440918,10.630000114440918,0
2018-07-23,10.609999656677246,10.609999656677246,10.609999656677246,10.609999656677246,0
2018-07-24,10.600000381469727,10.600000381469727,10.600000381469727,10.600000381469727,0
2018-07-25,10.600000381469727,10.600000381469727,10.600000381469727,10.600000381469727,0
2018-07-26,10.59000015258789,10.59000015258789,10.59000015258789,10.59000015258789,0
2018-07-27,10.59000015258789,10.59000015258789,10.59000015258789,10.59000015258789,0
2018-07-30,10.59000015258789,10.59000015258789,10.59000015258789,10.59000015258789,0
2018-07-31,10.59000015258789,10.59000015258789,10.59000015258789,10.59000015258789,0
2018-08-01,10.569999694824219,10.569999694824219,10.569999694824219,10.569999694824219,0
2018-08-02,10.569999694824219,10.569999694824219,10.569999694824219,10.569999694824219,0
2018-08-03,10.569999694824219,10.569999694824219,10.569999694824219,10.569999694824219,0
2018-08-06,10.569999694824219,10.569999694824219,10.569999694824219,10.569999694824219,0
2018-08-07,10.5600004196167,10.5600004196167,10.5600004196167,10.5600004196167,0
2018-08-08,10.550000190734863,10.550000190734863,10.550000190734863,10.550000190734863,0
2018-08-09,10.550000190734863,10.550000190734863,10.550000190734863,10.550000190734863,0
2018-08-10,10.569999694824219,10.569999694824219,10.569999694824219,10.569999694824219,0
2018-08-13,10.569999694824219,10.569999694824219,10.569999694824219,10.569999694824219,0
2018-08-14,10.5600004196167,10.5600004196167,10.5600004196167,10.5600004196167,0
2018-08-15,10.579999923706055,10.579999923706055,10.579999923706055,10.579999923706055,0
2018-08-16,10.579999923706055,10.579999923706055,10.579999923706055,10.579999923706055,0
2018-08-17,10.579999923706055,10.579999923706055,10.579999923706055,10.579999923706055,0
2018-08-20,10.579999923706055,10.579999923706055,10.579999923706055,10.579999923706055,0
2018-08-21,10.579999923706055,10.579999923706055,10.579999923706055,10.579999923706055,0
2018-08-22,10.579999923706055,10.579999923706055,10.579999923706055,10.579999923706055,0
2018-08-23,10.579999923706055,10.579999923706055,10.579999923706055,10.579999923706055,0
2018-08-24,10.579999923706055,10.579999923706055,10.579999923706055,10.579999923706055,0
2018-08-27,10.579999923706055,10.579999923706055,10.579999923706055,10.579999923706055,0
2018-08-28,10.579999923706055,10.579999923706055,10.579999923706055,10.579999923706055,0
2018-08-29,10.569999694824219,10.569999694824219,10.569999694824219,10.569999694824219,0
2018-08-30,10.569999694824219,10.569999694824219,10.569999694824219,10.569999694824219,0
2018-08-31,10.569999694824219,10.569999694824219,10.569999694824219,10.569999694824219,0
2018-09-04,10.569999694824219,10.569999694824219,10.569999694824219,10.569999694824219,0
2018-09-05,10.5600004196167,10.5600004196167,10.5600004196167,10.5600004196167,0
2018-09-06,10.5600004196167,10.5600004196167,10.5600004196167,10.5600004196167,0
2018-09-07,10.529999732971191,10.529999732971191,10.529999732971191,10.529999732971191,0
2018-09-10,10.529999732971191,10.529999732971191,10.529999732971191,10.529999732971191,0
2018-09-11,10.520000457763672,10.520000457763672,10.520000457763672,10.520000457763672,0
2018-09-12,10.510000228881836,10.510000228881836,10.510000228881836,10.510000228881836,0
2018-09-13,10.510000228881836,10.510000228881836,10.510000228881836,10.510000228881836,0
2018-09-14,10.5,10.5,10.5,10.5,0
2018-09-17,10.5,10.5,10.5,10.5,0
2018-09-18,10.479999542236328,10.479999542236328,10.479999542236328,10.479999542236328,0
2018-09-19,10.470000267028809,10.470000267028809,10.470000267028809,10.470000267028809,0
2018-09-20,10.460000038146973,10.460000038146973,10.460000038146973,10.460000038146973,0
2018-09-21,10.460000038146973,10.460000038146973,10.460000038146973,10.460000038146973,0
2018-09-24,10.449999809265137,10.449999809265137,10.449999809265137,10.449999809265137,0
2018-09-25,10.4399995803833,10.4399995803833,10.4399995803833,10.4399995803833,0
2018-09-26,10.449999809265137,10.449999809265137,10.449999809265137,10.449999809265137,0
2018-09-27,10.460000038146973,10.460000038146973,10.460000038146973,10.460000038146973,0
2018-09-28,10.479999542236328,10.479999542236328,10.479999542236328,10.479999542236328,0
2018-10-01,10.470000267028809,10.470000267028809,10.470000267028809,10.470000267028809,0
2018-10-02,10.470000267028809,10.470000267028809,10.470000267028809,10.470000267028809,0
2018-10-03,10.4399995803833,10.4399995803833,10.4399995803833,10.4399995803833,0
2018-10-04,10.40999984741211,10.40999984741211,10.40999984741211,10.40999984741211,0
2018-10-05,10.390000343322754,10.390000343322754,10.390000343322754,10.390000343322754,0
2018-10-08,10.399999618530273,10.399999618530273,10.399999618530273,10.399999618530273,0
2018-10-09,10.369999885559082,10.369999885559082,10.369999885559082,10.369999885559082,0
2018-10-10,10.34000015258789,10.34000015258789,10.34000015258789,10.34000015258789,0
2018-10-11,10.350000381469727,10.350000381469727,10.350000381469727,10.350000381469727,0
2018-10-12,10.350000381469727,10.350000381469727,10.350000381469727,10.350000381469727,0
2018-10-15,10.350000381469727,10.350000381469727,10.350000381469727,10.350000381469727,0
2018-10-16,10.359999656677246,10.359999656677246,10.359999656677246,10.359999656677246,0
2018-10-17,10.359999656677246,10.359999656677246,10.359999656677246,10.359999656677246,0
2018-10-18,10.359999656677246,10.359999656677246,10.359999656677246,10.359999656677246,0
2018-10-19,10.350000381469727,10.350000381469727,10.350000381469727,10.350000381469727,0
2018-10-22,10.359999656677246,10.359999656677246,10.359999656677246,10.359999656677246,0
2018-10-23,10.369999885559082,10.369999885559082,10.369999885559082,10.369999885559082,0
2018-10-24,10.380000114440918,10.380000114440918,10.380000114440918,10.380000114440918,0
2018-10-25,10.380000114440918,10.380000114440918,10.380000114440918,10.380000114440918,0
2018-10-26,10.390000343322754,10.390000343322754,10.390000343322754,10.390000343322754,0
2018-10-29,10.390000343322754,10.390000343322754,10.390000343322754,10.390000343322754,0
2018-10-30,10.380000114440918,10.380000114440918,10.380000114440918,10.380000114440918,0
2018-10-31,10.350000381469727,10.350000381469727,10.350000381469727,10.350000381469727,0
2018-11-01,10.34000015258789,10.34000015258789,10.34000015258789,10.34000015258789,0
2018-11-02,10.319999694824219,10.319999694824219,10.319999694824219,10.319999694824219,0
2018-11-05,10.319999694824219,10.319999694824219,10.319999694824219,10.319999694824219,0
2018-11-06,10.319999694824219,10.319999694824219,10.319999694824219,10.319999694824219,0
2018-11-07,10.329999923706055,10.329999923706055,10.329999923706055,10.329999923706055,0
2018-11-08,10.34000015258789,10.34000015258789,10.34000015258789,10.34000015258789,0
2018-11-09,10.350000381469727,10.350000381469727,10.350000381469727,10.350000381469727,0
2018-11-12,10.369999885559082,10.369999885559082,10.369999885559082,10.369999885559082,0
2018-11-13,10.359999656677246,10.359999656677246,10.359999656677246,10.359999656677246,0
2018-11-14,10.359999656677246,10.359999656677246,10.359999656677246,10.359999656677246,0
2018-11-15,10.369999885559082,10.369999885559082,10.369999885559082,10.369999885559082,0
2018-11-16,10.390000343322754,10.390000343322754,10.390000343322754,10.390000343322754,0
2018-11-19,10.390000343322754,10.390000343322754,10.390000343322754,10.390000343322754,0
2018-11-20,10.40999984741211,10.40999984741211,10.40999984741211,10.40999984741211,0
2018-11-21,10.40999984741211,10.40999984741211,10.40999984741211,10.40999984741211,0
2018-11-23,10.40999984741211,10.40999984741211,10.40999984741211,10.40999984741211,0
2018-11-26,10.40999984741211,10.40999984741211,10.40999984741211,10.40999984741211,0
2018-11-27,10.40999984741211,10.40999984741211,10.40999984741211,10.40999984741211,0
2018-11-28,10.420000076293945,10.420000076293945,10.420000076293945,10.420000076293945,0
2018-11-29,10.4399995803833,10.4399995803833,10.4399995803833,10.4399995803833,0
2018-11-30,10.449999809265137,10.449999809265137,10.449999809265137,10.449999809265137,0
2018-12-03,10.449999809265137,10.449999809265137,10.449999809265137,10.449999809265137,0
2018-12-04,10.489999771118164,10.489999771118164,10.489999771118164,10.489999771118164,0
2018-12-06,10.520000457763672,10.520000457763672,10.520000457763672,10.520000457763672,0
2018-12-07,10.520000457763672,10.520000457763672,10.520000457763672,10.520000457763672,0
2018-12-10,10.520000457763672,10.520000457763672,10.520000457763672,10.520000457763672,0
2018-12-11,10.510000228881836,10.510000228881836,10.510000228881836,10.510000228881836,0
2018-12-12,10.5,10.5,10.5,10.5,0
2018-12-13,10.489999771118164,10.489999771118164,10.489999771118164,10.489999771118164,0
2018-12-14,10.489999771118164,10.489999771118164,10.489999771118164,10.489999771118164,0
2018-12-17,10.5,10.5,10.5,10.5,0
2018-12-18,10.510000228881836,10.510000228881836,10.510000228881836,10.510000228881836,0
2018-12-19,10.529999732971191,10.529999732971191,10.529999732971191,10.529999732971191,0
2018-12-20,10.550000190734863,10.550000190734863,10.550000190734863,10.550000190734863,0
2018-12-21,10.550000190734863,10.550000190734863,10.550000190734863,10.550000190734863,0
2018-12-24,10.550000190734863,10.550000190734863,10.550000190734863,10.550000190734863,0
2018-12-26,10.5600004196167,10.5600004196167,10.5600004196167,10.5600004196167,0
2018-12-27,10.5600004196167,10.5600004196167,10.5600004196167,10.5600004196167,0
2018-12-28,10.5600004196167,10.5600004196167,10.5600004196167,10.5600004196167,0
2018-12-31,10.569999694824219,10.569999694824219,10.569999694824219,10.569999694824219,0
2019-01-02,10.579999923706055,10.579999923706055,10.579999923706055,10.579999923706055,0
2019-01-03,10.619999885559082,10.619999885559082,10.619999885559082,10.619999885559082,0
2019-01-04,10.609999656677246,10.609999656677246,10.609999656677246,10.609999656677246,0
2019-01-07,10.609999656677246,10.609999656677246,10.609999656677246,10.609999656677246,0
2019-01-08,10.59000015258789,10.59000015258789,10.59000015258789,10.59000015258789,0
2019-01-09,10.579999923706055,10.579999923706055,10.579999923706055,10.579999923706055,0
2019-01-10,10.569999694824219,10.569999694824219,10.569999694824219,10.569999694824219,0
2019-01-11,10.59000015258789,10.59000015258789,10.59000015258789,10.59000015258789,0
2019-01-14,10.59000015258789,10.59000015258789,10.59000015258789,10.59000015258789,0
2019-01-15,10.59000015258789,10.59000015258789,10.59000015258789,10.59000015258789,0
2019-01-16,10.59000015258789,10.59000015258789,10.59000015258789,10.59000015258789,0
2019-01-17,10.59000015258789,10.59000015258789,10.59000015258789,10.59000015258789,0
2019-01-18,10.579999923706055,10.579999923706055,10.579999923706055,10.579999923706055,0
2019-01-22,10.569999694824219,10.569999694824219,10.569999694824219,10.569999694824219,0
2019-01-23,10.5600004196167,10.5600004196167,10.5600004196167,10.5600004196167,0
2019-01-24,10.5600004196167,10.5600004196167,10.5600004196167,10.5600004196167,0
2019-01-25,10.5600004196167,10.5600004196167,10.5600004196167,10.5600004196167,0
2019-01-28,10.5600004196167,10.5600004196167,10.5600004196167,10.5600004196167,0
2019-01-29,10.569999694824219,10.569999694824219,10.569999694824219,10.569999694824219,0
2019-01-30,10.569999694824219,10.569999694824219,10.569999694824219,10.569999694824219,0
2019-01-31,10.609999656677246,10.609999656677246,10.609999656677246,10.609999656677246,0
2019-02-01,10.609999656677246,10.609999656677246,10.609999656677246,10.609999656677246,0
2019-02-04,10.59000015258789,10.59000015258789,10.59000015258789,10.59000015258789,0
2019-02-05,10.59000015258789,10.59000015258789,10.59000015258789,10.59000015258789,0
2019-02-06,10.600000381469727,10.600000381469727,10.600000381469727,10.600000381469727,0
2019-02-07,10.630000114440918,10.630000114440918,10.630000114440918,10.630000114440918,0
2019-02-08,10.640000343322754,10.640000343322754,10.640000343322754,10.640000343322754,0
2019-02-11,10.640000343322754,10.640000343322754,10.640000343322754,10.640000343322754,0
2019-02-12,10.630000114440918,10.630000114440918,10.630000114440918,10.630000114440918,0
2019-02-13,10.619999885559082,10.619999885559082,10.619999885559082,10.619999885559082,0
2019-02-14,10.630000114440918,10.630000114440918,10.630000114440918,10.630000114440918,0
2019-02-15,10.640000343322754,10.640000343322754,10.640000343322754,10.640000343322754,0
2019-02-19,10.640000343322754,10.640000343322754,10.640000343322754,10.640000343322754,0
2019-02-20,10.649999618530273,10.649999618530273,10.649999618530273,10.649999618530273,0
2019-02-21,10.640000343322754,10.640000343322754,10.640000343322754,10.640000343322754,0
2019-02-22,10.649999618530273,10.649999618530273,10.649999618530273,10.649999618530273,0
2019-02-25,10.649999618530273,10.649999618530273,10.649999618530273,10.649999618530273,0
2019-02-26,10.65999984741211,10.65999984741211,10.65999984741211,10.65999984741211,0
2019-02-27,10.65999984741211,10.65999984741211,10.65999984741211,10.65999984741211,0
2019-02-28,10.649999618530273,10.649999618530273,10.649999618530273,10.649999618530273,0
2019-03-01,10.640000343322754,10.640000343322754,10.640000343322754,10.640000343322754,0
2019-03-04,10.640000343322754,10.640000343322754,10.640000343322754,10.640000343322754,0
2019-03-05,10.640000343322754,10.640000343322754,10.640000343322754,10.640000343322754,0
2019-03-06,10.65999984741211,10.65999984741211,10.65999984741211,10.65999984741211,0
2019-03-07,10.680000305175781,10.680000305175781,10.680000305175781,10.680000305175781,0
2019-03-08,10.6899995803833,10.6899995803833,10.6899995803833,10.6899995803833,0
2019-03-11,10.699999809265137,10.699999809265137,10.699999809265137,10.699999809265137,0
2019-03-12,10.699999809265137,10.699999809265137,10.699999809265137,10.699999809265137,0
2019-03-13,10.710000038146973,10.710000038146973,10.710000038146973,10.710000038146973,0
2019-03-14,10.710000038146973,10.710000038146973,10.710000038146973,10.710000038146973,0
2019-03-15,10.720000267028809,10.720000267028809,10.720000267028809,10.720000267028809,0
2019-03-18,10.720000267028809,10.720000267028809,10.720000267028809,10.720000267028809,0
2019-03-19,10.729999542236328,10.729999542236328,10.729999542236328,10.729999542236328,0
2019-03-20,10.739999771118164,10.739999771118164,10.739999771118164,10.739999771118164,0
2019-03-21,10.770000457763672,10.770000457763672,10.770000457763672,10.770000457763672,0
2019-03-22,10.8100004196167,10.8100004196167,10.8100004196167,10.8100004196167,0
2019-03-25,10.819999694824219,10.819999694824219,10.819999694824219,10.819999694824219,0
2019-03-26,10.819999694824219,10.819999694824219,10.819999694824219,10.819999694824219,0
2019-03-27,10.84000015258789,10.84000015258789,10.84000015258789,10.84000015258789,0
2019-03-28,10.84000015258789,10.84000015258789,10.84000015258789,10.84000015258789,0
2019-03-29,10.84000015258789,10.84000015258789,10.84000015258789,10.84000015258789,0
2019-04-01,10.829999923706055,10.829999923706055,10.829999923706055,10.829999923706055,0
2019-04-02,10.829999923706055,10.829999923706055,10.829999923706055,10.829999923706055,0
2019-04-03,10.8100004196167,10.8100004196167,10.8100004196167,10.8100004196167,0
2019-04-04,10.8100004196167,10.8100004196167,10.8100004196167,10.8100004196167,0
2019-04-05,10.8100004196167,10.8100004196167,10.8100004196167,10.8100004196167,0
2019-04-08,10.8100004196167,10.8100004196167,10.8100004196167,10.8100004196167,0
2019-04-09,10.8100004196167,10.8100004196167,10.8100004196167,10.8100004196167,0
2019-04-10,10.819999694824219,10.819999694824219,10.819999694824219,10.819999694824219,0
2019-04-11,10.819999694824219,10.819999694824219,10.819999694824219,10.819999694824219,0
2019-04-12,10.819999694824219,10.819999694824219,10.819999694824219,10.819999694824219,0
2019-04-15,10.819999694824219,10.819999694824219,10.819999694824219,10.819999694824219,0
2019-04-16,10.8100004196167,10.8100004196167,10.8100004196167,10.8100004196167,0
2019-04-17,10.800000190734863,10.800000190734863,10.800000190734863,10.800000190734863,0
2019-04-18,10.800000190734863,10.800000190734863,10.800000190734863,10.800000190734863,0
2019-04-22,10.8100004196167,10.8100004196167,10.8100004196167,10.8100004196167,0
2019-04-23,10.8100004196167,10.8100004196167,10.8100004196167,10.8100004196167,0
2019-04-24,10.84000015258789,10.84000015258789,10.84000015258789,10.84000015258789,0
2019-04-25,10.850000381469727,10.850000381469727,10.850000381469727,10.850000381469727,0
2019-04-26,10.869999885559082,10.869999885559082,10.869999885559082,10.869999885559082,0
2019-04-29,10.869999885559082,10.869999885559082,10.869999885559082,10.869999885559082,0
2019-04-30,10.869999885559082,10.869999885559082,10.869999885559082,10.869999885559082,0
2019-05-01,10.890000343322754,10.890000343322754,10.890000343322754,10.890000343322754,0
2019-05-02,10.880000114440918,10.880000114440918,10.880000114440918,10.880000114440918,0
2019-05-03,10.890000343322754,10.890000343322754,10.890000343322754,10.890000343322754,0
2019-05-06,10.899999618530273,10.899999618530273,10.899999618530273,10.899999618530273,0
2019-05-07,10.920000076293945,10.920000076293945,10.920000076293945,10.920000076293945,0
2019-05-08,10.930000305175781,10.930000305175781,10.930000305175781,10.930000305175781,0
2019-05-09,10.9399995803833,10.9399995803833,10.9399995803833,10.9399995803833,0
2019-05-10,10.9399995803833,10.9399995803833,10.9399995803833,10.9399995803833,0
2019-05-13,10.960000038146973,10.960000038146973,10.960000038146973,10.960000038146973,0
2019-05-14,10.970000267028809,10.970000267028809,10.970000267028809,10.970000267028809,0
2019-05-15,10.979999542236328,10.979999542236328,10.979999542236328,10.979999542236328,0
2019-05-16,10.979999542236328,10.979999542236328,10.979999542236328,10.979999542236328,0
2019-05-17,10.970000267028809,10.970000267028809,10.970000267028809,10.970000267028809,0
2019-05-20,10.979999542236328,10.979999542236328,10.979999542236328,10.979999542236328,0
2019-05-21,10.960000038146973,10.960000038146973,10.960000038146973,10.960000038146973,0
2019-05-22,10.960000038146973,10.960000038146973,10.960000038146973,10.960000038146973,0
2019-05-23,10.970000267028809,10.970000267028809,10.970000267028809,10.970000267028809,0
2019-05-24,10.970000267028809,10.970000267028809,10.970000267028809,10.970000267028809,0
2019-05-28,10.979999542236328,10.979999542236328,10.979999542236328,10.979999542236328,0
2019-05-29,11.0,11.0,11.0,11.0,0
2019-05-30,11.0,11.0,11.0,11.0,0
2019-05-31,11.020000457763672,11.020000457763672,11.020000457763672,11.020000457763672,0
2019-06-03,11.029999732971191,11.029999732971191,11.029999732971191,11.029999732971191,0
2019-06-04,11.020000457763672,11.020000457763672,11.020000457763672,11.020000457763672,0
2019-06-05,11.029999732971191,11.029999732971191,11.029999732971191,11.029999732971191,0
2019-06-06,11.020000457763672,11.020000457763672,11.020000457763672,11.020000457763672,0
2019-06-07,11.039999961853027,11.039999961853027,11.039999961853027,11.039999961853027,0
2019-06-10,11.029999732971191,11.029999732971191,11.029999732971191,11.029999732971191,0
2019-06-11,11.010000228881836,11.010000228881836,11.010000228881836,11.010000228881836,0
2019-06-12,11.020000457763672,11.020000457763672,11.020000457763672,11.020000457763672,0
2019-06-13,11.020000457763672,11.020000457763672,11.020000457763672,11.020000457763672,0
2019-06-14,11.010000228881836,11.010000228881836,11.010000228881836,11.010000228881836,0
2019-06-17,11.010000228881836,11.010000228881836,11.010000228881836,11.010000228881836,0
2019-06-18,11.020000457763672,11.020000457763672,11.020000457763672,11.020000457763672,0
2019-06-19,11.020000457763672,11.020000457763672,11.020000457763672,11.020000457763672,0
2019-06-20,11.029999732971191,11.029999732971191,11.029999732971191,11.029999732971191,0
2019-06-21,11.029999732971191,11.029999732971191,11.029999732971191,11.029999732971191,0
2019-06-24,11.039999961853027,11.039999961853027,11.039999961853027,11.039999961853027,0
2019-06-25,11.039999961853027,11.039999961853027,11.039999961853027,11.039999961853027,0
2019-06-26,11.039999961853027,11.039999961853027,11.039999961853027,11.039999961853027,0
2019-06-27,11.039999961853027,11.039999961853027,11.039999961853027,11.039999961853027,0
2019-06-28,11.039999961853027,11.039999961853027,11.039999961853027,11.039999961853027,0
2019-07-01,11.039999961853027,11.039999961853027,11.039999961853027,11.039999961853027,0
2019-07-02,11.050000190734863,11.050000190734863,11.050000190734863,11.050000190734863,0
2019-07-03,11.050000190734863,11.050000190734863,11.050000190734863,11.050000190734863,0
2019-07-05,11.050000190734863,11.050000190734863,11.050000190734863,11.050000190734863,0
2019-07-08,11.050000190734863,11.050000190734863,11.050000190734863,11.050000190734863,0
2019-07-09,11.0600004196167,11.0600004196167,11.0600004196167,11.0600004196167,0
2019-07-10,11.0600004196167,11.0600004196167,11.0600004196167,11.0600004196167,0
2019-07-11,11.0600004196167,11.0600004196167,11.0600004196167,11.0600004196167,0
2019-07-12,11.0600004196167,11.0600004196167,11.0600004196167,11.0600004196167,0
2019-07-15,11.069999694824219,11.069999694824219,11.069999694824219,11.069999694824219,0
2019-07-16,11.0600004196167,11.0600004196167,11.0600004196167,11.0600004196167,0
2019-07-17,11.069999694824219,11.069999694824219,11.069999694824219,11.069999694824219,0
2019-07-18,11.079999923706055,11.079999923706055,11.079999923706055,11.079999923706055,0
2019-07-19,11.079999923706055,11.079999923706055,11.079999923706055,11.079999923706055,0
2019-07-22,11.079999923706055,11.079999923706055,11.079999923706055,11.079999923706055,0
2019-07-23,11.079999923706055,11.079999923706055,11.079999923706055,11.079999923706055,0
2019-07-24,11.09000015258789,11.09000015258789,11.09000015258789,11.09000015258789,0
2019-07-25,11.09000015258789,11.09000015258789,11.09000015258789,11.09000015258789,0
2019-07-26,11.09000015258789,11.09000015258789,11.09000015258789,11.09000015258789,0
2019-07-29,11.100000381469727,11.100000381469727,11.100000381469727,11.100000381469727,0
2019-07-30,11.100000381469727,11.100000381469727,11.100000381469727,11.100000381469727,0
2019-07-31,11.100000381469727,11.100000381469727,11.100000381469727,11.100000381469727,0
2019-08-01,11.119999885559082,11.119999885559082,11.119999885559082,11.119999885559082,0
2019-08-02,11.140000343322754,11.140000343322754,11.140000343322754,11.140000343322754,0
2019-08-05,11.180000305175781,11.180000305175781,11.180000305175781,11.180000305175781,0
2019-08-06,11.1899995803833,11.1899995803833,11.1899995803833,11.1899995803833,0
2019-08-07,11.239999771118164,11.239999771118164,11.239999771118164,11.239999771118164,0
2019-08-08,11.220000267028809,11.220000267028809,11.220000267028809,11.220000267028809,0
2019-08-09,11.229999542236328,11.229999542236328,11.229999542236328,11.229999542236328,0
2019-08-12,11.239999771118164,11.239999771118164,11.239999771118164,11.239999771118164,0
2019-08-13,11.25,11.25,11.25,11.25,0
2019-08-14,11.289999961853027,11.289999961853027,11.289999961853027,11.289999961853027,0
2019-08-15,11.289999961853027,11.289999961853027,11.289999961853027,11.289999961853027,0
2019-08-16,11.289999961853027,11.289999961853027,11.289999961853027,11.289999961853027,0
2019-08-19,11.279999732971191,11.279999732971191,11.279999732971191,11.279999732971191,0
2019-08-20,11.279999732971191,11.279999732971191,11.279999732971191,11.279999732971191,0
2019-08-21,11.279999732971191,11.279999732971191,11.279999732971191,11.279999732971191,0
2019-08-22,11.270000457763672,11.270000457763672,11.270000457763672,11.270000457763672,0
2019-08-23,11.270000457763672,11.270000457763672,11.270000457763672,11.270000457763672,0
2019-08-26,11.270000457763672,11.270000457763672,11.270000457763672,11.270000457763672,0
2019-08-27,11.279999732971191,11.279999732971191,11.279999732971191,11.279999732971191,0
2019-08-28,11.300000190734863,11.300000190734863,11.300000190734863,11.300000190734863,0
2019-08-29,11.289999961853027,11.289999961853027,11.289999961853027,11.289999961853027,0
2019-08-30,11.289999961853027,11.289999961853027,11.289999961853027,11.289999961853027,0
2019-09-03,11.289999961853027,11.289999961853027,11.289999961853027,11.289999961853027,0
2019-09-04,11.289999961853027,11.289999961853027,11.289999961853027,11.289999961853027,0
2019-09-05,11.260000228881836,11.260000228881836,11.260000228881836,11.260000228881836,0
2019-09-06,11.260000228881836,11.260000228881836,11.260000228881836,11.260000228881836,0
2019-09-09,11.239999771118164,11.239999771118164,11.239999771118164,11.239999771118164,0
2019-09-10,11.220000267028809,11.220000267028809,11.220000267028809,11.220000267028809,0
2019-09-11,11.1899995803833,11.1899995803833,11.1899995803833,11.1899995803833,0
2019-09-12,11.180000305175781,11.180000305175781,11.180000305175781,11.180000305175781,0
2019-09-13,11.119999885559082,11.119999885559082,11.119999885559082,11.119999885559082,0
2019-09-16,11.109999656677246,11.109999656677246,11.109999656677246,11.109999656677246,0
2019-09-17,11.09000015258789,11.09000015258789,11.09000015258789,11.09000015258789,0
2019-09-18,11.130000114440918,11.130000114440918,11.130000114440918,11.130000114440918,0
2019-09-19,11.140000343322754,11.140000343322754,11.140000343322754,11.140000343322754,0
2019-09-20,11.149999618530273,11.149999618530273,11.149999618530273,11.149999618530273,0
2019-09-23,11.180000305175781,11.180000305175781,11.180000305175781,11.180000305175781,0
2019-09-24,11.199999809265137,11.199999809265137,11.199999809265137,11.199999809265137,0
2019-09-25,11.199999809265137,11.199999809265137,11.199999809265137,11.199999809265137,0
2019-09-26,11.180000305175781,11.180000305175781,11.180000305175781,11.180000305175781,0
2019-09-27,11.180000305175781,11.180000305175781,11.180000305175781,11.180000305175781,0
2019-09-30,11.180000305175781,11.180000305175781,11.180000305175781,11.180000305175781,0
2019-10-01,11.1899995803833,11.1899995803833,11.1899995803833,11.1899995803833,0
2019-10-02,11.199999809265137,11.199999809265137,11.199999809265137,11.199999809265137,0
2019-10-03,11.229999542236328,11.229999542236328,11.229999542236328,11.229999542236328,0
2019-10-04,11.239999771118164,11.239999771118164,11.239999771118164,11.239999771118164,0
2019-10-07,11.239999771118164,11.239999771118164,11.239999771118164,11.239999771118164,0
2019-10-08,11.260000228881836,11.260000228881836,11.260000228881836,11.260000228881836,0
2019-10-09,11.260000228881836,11.260000228881836,11.260000228881836,11.260000228881836,0
2019-10-10,11.239999771118164,11.239999771118164,11.239999771118164,11.239999771118164,0
2019-10-11,11.199999809265137,11.199999809265137,11.199999809265137,11.199999809265137,0
2019-10-14,11.199999809265137,11.199999809265137,11.199999809265137,11.199999809265137,0
2019-10-15,11.1899995803833,11.1899995803833,11.1899995803833,11.1899995803833,0
2019-10-16,11.180000305175781,11.180000305175781,11.180000305175781,11.180000305175781,0
2019-10-17,11.15999984741211,11.15999984741211,11.15999984741211,11.15999984741211,0
2019-10-18,11.15999984741211,11.15999984741211,11.15999984741211,11.15999984741211,0
2019-10-21,11.149999618530273,11.149999618530273,11.149999618530273,11.149999618530273,0
2019-10-22,11.140000343322754,11.140000343322754,11.140000343322754,11.140000343322754,0
2019-10-23,11.140000343322754,11.140000343322754,11.140000343322754,11.140000343322754,0
2019-10-24,11.140000343322754,11.140000343322754,11.140000343322754,11.140000343322754,0
2019-10-25,11.140000343322754,11.140000343322754,11.140000343322754,11.140000343322754,0
2019-10-28,11.130000114440918,11.130000114440918,11.130000114440918,11.130000114440918,0
2019-10-29,11.119999885559082,11.119999885559082,11.119999885559082,11.119999885559082,0
2019-10-30,11.119999885559082,11.119999885559082,11.119999885559082,11.119999885559082,0
2019-10-31,11.15999984741211,11.15999984741211,11.15999984741211,11.15999984741211,0
2019-11-01,11.15999984741211,11.15999984741211,11.15999984741211,11.15999984741211,0
2019-11-04,11.15999984741211,11.15999984741211,11.15999984741211,11.15999984741211,0
2019-11-05,11.130000114440918,11.130000114440918,11.130000114440918,11.130000114440918,0
2019-11-06,11.130000114440918,11.130000114440918,11.130000114440918,11.130000114440918,0
2019-11-07,11.09000015258789,11.09000015258789,11.09000015258789,11.09000015258789,0
2019-11-08,11.069999694824219,11.069999694824219,11.069999694824219,11.069999694824219,0
2019-11-11,11.079999923706055,11.079999923706055,11.079999923706055,11.079999923706055,0
2019-11-12,11.079999923706055,11.079999923706055,11.079999923706055,11.079999923706055,0
2019-11-13,11.09000015258789,11.09000015258789,11.09000015258789,11.09000015258789,0
2019-11-14,11.109999656677246,11.109999656677246,11.109999656677246,11.109999656677246,0
2019-11-15,11.109999656677246,11.109999656677246,11.109999656677246,11.109999656677246,0
2019-11-18,11.109999656677246,11.109999656677246,11.109999656677246,11.109999656677246,0
2019-11-19,11.119999885559082,11.119999885559082,11.119999885559082,11.119999885559082,0
2019-11-20,11.140000343322754,11.140000343322754,11.140000343322754,11.140000343322754,0
2019-11-21,11.140000343322754,11.140000343322754,11.140000343322754,11.140000343322754,0
2019-11-22,11.140000343322754,11.140000343322754,11.140000343322754,11.140000343322754,0
2019-11-25,11.140000343322754,11.140000343322754,11.140000343322754,11.140000343322754,0
2019-11-26,11.15999984741211,11.15999984741211,11.15999984741211,11.15999984741211,0
2019-11-27,11.15999984741211,11.15999984741211,11.15999984741211,11.15999984741211,0
2019-11-29,11.15999984741211,11.15999984741211,11.15999984741211,11.15999984741211,0
2019-12-02,11.140000343322754,11.140000343322754,11.140000343322754,11.140000343322754,0
2019-12-03,11.15999984741211,11.15999984741211,11.15999984741211,11.15999984741211,0
2019-12-04,11.170000076293945,11.170000076293945,11.170000076293945,11.170000076293945,0
2019-12-05,11.170000076293945,11.170000076293945,11.170000076293945,11.170000076293945,0
2019-12-06,11.15999984741211,11.15999984741211,11.15999984741211,11.15999984741211,0
2019-12-09,11.170000076293945,11.170000076293945,11.170000076293945,11.170000076293945,0
2019-12-10,11.180000305175781,11.180000305175781,11.180000305175781,11.180000305175781,0
2019-12-11,11.1899995803833,11.1899995803833,11.1899995803833,11.1899995803833,0
2019-12-12,11.180000305175781,11.180000305175781,11.180000305175781,11.180000305175781,0
2019-12-13,11.180000305175781,11.180000305175781,11.180000305175781,11.180000305175781,0
2019-12-16,11.180000305175781,11.180000305175781,11.180000305175781,11.180000305175781,0
2019-12-17,11.180000305175781,11.180000305175781,11.180000305175781,11.180000305175781,0
2019-12-18,11.170000076293945,11.170000076293945,11.170000076293945,11.170000076293945,0
2019-12-19,11.15999984741211,11.15999984741211,11.15999984741211,11.15999984741211,0
2019-12-20,11.15999984741211,11.15999984741211,11.15999984741211,11.15999984741211,0
2019-12-23,11.15999984741211,11.15999984741211,11.15999984741211,11.15999984741211,0
2019-12-24,11.15999984741211,11.15999984741211,11.15999984741211,11.15999984741211,0
2019-12-26,11.15999984741211,11.15999984741211,11.15999984741211,11.15999984741211,0
2019-12-27,11.100000381469727,11.100000381469727,11.100000381469727,11.100000381469727,0
2019-12-30,11.100000381469727,11.100000381469727,11.100000381469727,11.100000381469727,0
2019-12-31,11.100000381469727,11.100000381469727,11.100000381469727,11.100000381469727,0
2020-01-02,11.109999656677246,11.109999656677246,11.109999656677246,11.109999656677246,0
2020-01-03,11.149999618530273,11.149999618530273,11.149999618530273,11.149999618530273,0
2020-01-06,11.15999984741211,11.15999984741211,11.15999984741211,11.15999984741211,0
2020-01-07,11.170000076293945,11.170000076293945,11.170000076293945,11.170000076293945,0
2020-01-08,11.180000305175781,11.180000305175781,11.180000305175781,11.180000305175781,0
2020-01-09,11.170000076293945,11.170000076293945,11.170000076293945,11.170000076293945,0
2020-01-10,11.180000305175781,11.180000305175781,11.180000305175781,11.180000305175781,0
2020-01-13,11.180000305175781,11.180000305175781,11.180000305175781,11.180000305175781,0
2020-01-14,11.1899995803833,11.1899995803833,11.1899995803833,11.1899995803833,0
2020-01-15,11.210000038146973,11.210000038146973,11.210000038146973,11.210000038146973,0
2020-01-16,11.220000267028809,11.220000267028809,11.220000267028809,11.220000267028809,0
2020-01-17,11.220000267028809,11.220000267028809,11.220000267028809,11.220000267028809,0
2020-01-21,11.229999542236328,11.229999542236328,11.229999542236328,11.229999542236328,0
2020-01-22,11.229999542236328,11.229999542236328,11.229999542236328,11.229999542236328,0
2020-01-23,11.239999771118164,11.239999771118164,11.239999771118164,11.239999771118164,0
2020-01-24,11.25,11.25,11.25,11.25,0
2020-01-27,11.270000457763672,11.270000457763672,11.270000457763672,11.270000457763672,0
2020-01-28,11.279999732971191,11.279999732971191,11.279999732971191,11.279999732971191,0
2020-01-29,11.279999732971191,11.279999732971191,11.279999732971191,11.279999732971191,0
2020-01-30,11.300000190734863,11.300000190734863,11.300000190734863,11.300000190734863,0
2020-01-31,11.3100004196167,11.3100004196167,11.3100004196167,11.3100004196167,0
2020-02-03,11.3100004196167,11.3100004196167,11.3100004196167,11.3100004196167,0
2020-02-04,11.289999961853027,11.289999961853027,11.289999961853027,11.289999961853027,0
2020-02-05,11.270000457763672,11.270000457763672,11.270000457763672,11.270000457763672,0
2020-02-06,11.270000457763672,11.270000457763672,11.270000457763672,11.270000457763672,0
2020-02-07,11.279999732971191,11.279999732971191,11.279999732971191,11.279999732971191,0
2020-02-10,11.289999961853027,11.289999961853027,11.289999961853027,11.289999961853027,0
2020-02-11,11.289999961853027,11.289999961853027,11.289999961853027,11.289999961853027,0
2020-02-12,11.279999732971191,11.279999732971191,11.279999732971191,11.279999732971191,0
2020-02-13,11.289999961853027,11.289999961853027,11.289999961853027,11.289999961853027,0
2020-02-14,11.289999961853027,11.289999961853027,11.289999961853027,11.289999961853027,0
2020-02-18,11.3100004196167,11.3100004196167,11.3100004196167,11.3100004196167,0
2020-02-19,11.3100004196167,11.3100004196167,11.3100004196167,11.3100004196167,0
2020-02-20,11.329999923706055,11.329999923706055,11.329999923706055,11.329999923706055,0
2020-02-21,11.359999656677246,11.359999656677246,11.359999656677246,11.359999656677246,0
2020-02-24,11.40999984741211,11.40999984741211,11.40999984741211,11.40999984741211,0
2020-02-25,11.430000305175781,11.430000305175781,11.430000305175781,11.430000305175781,0
2020-02-26,11.430000305175781,11.430000305175781,11.430000305175781,11.430000305175781,0
2020-02-27,11.460000038146973,11.460000038146973,11.460000038146973,11.460000038146973,0
2020-02-28,11.460000038146973,11.460000038146973,11.460000038146973,11.460000038146973,0
2020-03-02,11.470000267028809,11.470000267028809,11.470000267028809,11.470000267028809,0
2020-03-03,11.449999809265137,11.449999809265137,11.449999809265137,11.449999809265137,0
2020-03-04,11.449999809265137,11.449999809265137,11.449999809265137,11.449999809265137,0
2020-03-05,11.4399995803833,11.4399995803833,11.4399995803833,11.4399995803833,0
2020-03-06,11.479999542236328,11.479999542236328,11.479999542236328,11.479999542236328,0
2020-03-09,11.520000457763672,11.520000457763672,11.520000457763672,11.520000457763672,0
2020-03-10,11.430000305175781,11.430000305175781,11.430000305175781,11.430000305175781,0
2020-03-11,11.25,11.25,11.25,11.25,0
2020-03-12,10.899999618530273,10.899999618530273,10.899999618530273,10.899999618530273,0
2020-03-13,10.890000343322754,10.890000343322754,10.890000343322754,10.890000343322754,0
2020-03-16,10.880000114440918,10.880000114440918,10.880000114440918,10.880000114440918,0
2020-03-17,10.819999694824219,10.819999694824219,10.819999694824219,10.819999694824219,0
2020-03-18,10.720000267028809,10.720000267028809,10.720000267028809,10.720000267028809,0
2020-03-19,10.390000343322754,10.390000343322754,10.390000343322754,10.390000343322754,0
2020-03-20,10.09000015258789,10.09000015258789,10.09000015258789,10.09000015258789,0
2020-03-23,10.149999618530273,10.149999618530273,10.149999618530273,10.149999618530273,0
2020-03-24,10.270000457763672,10.270000457763672,10.270000457763672,10.270000457763672,0
2020-03-25,10.699999809265137,10.699999809265137,10.699999809265137,10.699999809265137,0
2020-03-26,11.09000015258789,11.09000015258789,11.09000015258789,11.09000015258789,0
2020-03-27,11.130000114440918,11.130000114440918,11.130000114440918,11.130000114440918,0
2020-03-30,11.119999885559082,11.119999885559082,11.119999885559082,11.119999885559082,0
2020-03-31,11.029999732971191,11.029999732971191,11.029999732971191,11.029999732971191,0
2020-04-01,10.729999542236328,10.729999542236328,10.729999542236328,10.729999542236328,0
2020-04-02,10.65999984741211,10.65999984741211,10.65999984741211,10.65999984741211,0
2020-04-03,10.739999771118164,10.739999771118164,10.739999771118164,10.739999771118164,0
2020-04-06,10.829999923706055,10.829999923706055,10.829999923706055,10.829999923706055,0
2020-04-07,10.890000343322754,10.890000343322754,10.890000343322754,10.890000343322754,0
2020-04-08,10.930000305175781,10.930000305175781,10.930000305175781,10.930000305175781,0
2020-04-09,10.979999542236328,10.979999542236328,10.979999542236328,10.979999542236328,0
2020-04-13,11.039999961853027,11.039999961853027,11.039999961853027,11.039999961853027,0
2020-04-14,11.069999694824219,11.069999694824219,11.069999694824219,11.069999694824219,0
2020-04-15,11.079999923706055,11.079999923706055,11.079999923706055,11.079999923706055,0
2020-04-16,11.069999694824219,11.069999694824219,11.069999694824219,11.069999694824219,0
2020-04-17,11.069999694824219,11.069999694824219,11.069999694824219,11.069999694824219,0
2020-04-20,11.0600004196167,11.0600004196167,11.0600004196167,11.0600004196167,0
2020-04-21,11.029999732971191,11.029999732971191,11.029999732971191,11.029999732971191,0
2020-04-22,10.979999542236328,10.979999542236328,10.979999542236328,10.979999542236328,0
2020-04-23,10.949999809265137,10.949999809265137,10.949999809265137,10.949999809265137,0
2020-04-24,10.920000076293945,10.920000076293945,10.920000076293945,10.920000076293945,0
2020-04-27,10.90999984741211,10.90999984741211,10.90999984741211,10.90999984741211,0
2020-04-28,10.880000114440918,10.880000114440918,10.880000114440918,10.880000114440918,0
2020-04-29,10.829999923706055,10.829999923706055,10.829999923706055,10.829999923706055,0
2020-04-30,10.829999923706055,10.829999923706055,10.829999923706055,10.829999923706055,0
2020-05-01,10.890000343322754,10.890000343322754,10.890000343322754,10.890000343322754,0
2020-05-04,10.920000076293945,10.920000076293945,10.920000076293945,10.920000076293945,0
2020-05-05,10.9399995803833,10.9399995803833,10.9399995803833,10.9399995803833,0
2020-05-06,10.949999809265137,10.949999809265137,10.949999809265137,10.949999809265137,0
2020-05-07,10.970000267028809,10.970000267028809,10.970000267028809,10.970000267028809,0
2020-05-08,10.989999771118164,10.989999771118164,10.989999771118164,10.989999771118164,0
2020-05-11,11.0,11.0,11.0,11.0,0
2020-05-12,11.0,11.0,11.0,11.0,0
2020-05-13,11.020000457763672,11.020000457763672,11.020000457763672,11.020000457763672,0
2020-05-14,11.050000190734863,11.050000190734863,11.050000190734863,11.050000190734863,0
2020-05-15,11.069999694824219,11.069999694824219,11.069999694824219,11.069999694824219,0
2020-05-18,11.069999694824219,11.069999694824219,11.069999694824219,11.069999694824219,0
2020-05-19,11.079999923706055,11.079999923706055,11.079999923706055,11.079999923706055,0
2020-05-20,11.109999656677246,11.109999656677246,11.109999656677246,11.109999656677246,0
2020-05-21,11.140000343322754,11.140000343322754,11.140000343322754,11.140000343322754,0
2020-05-22,11.170000076293945,11.170000076293945,11.170000076293945,11.170000076293945,0
2020-05-26,11.180000305175781,11.180000305175781,11.180000305175781,11.180000305175781,0
2020-05-27,11.1899995803833,11.1899995803833,11.1899995803833,11.1899995803833,0
2020-05-28,11.1899995803833,11.1899995803833,11.1899995803833,11.1899995803833,0
2020-05-29,11.199999809265137,11.199999809265137,11.199999809265137,11.199999809265137,0
2020-06-01,11.1899995803833,11.1899995803833,11.1899995803833,11.1899995803833,0
2020-06-02,11.199999809265137,11.199999809265137,11.199999809265137,11.199999809265137,0
2020-06-03,11.199999809265137,11.199999809265137,11.199999809265137,11.199999809265137,0
2020-06-04,11.210000038146973,11.210000038146973,11.210000038146973,11.210000038146973,0
2020-06-05,11.1899995803833,11.1899995803833,11.1899995803833,11.1899995803833,0
2020-06-08,11.1899995803833,11.1899995803833,11.1899995803833,11.1899995803833,0
2020-06-09,11.210000038146973,11.210000038146973,11.210000038146973,11.210000038146973,0
2020-06-10,11.220000267028809,11.220000267028809,11.220000267028809,11.220000267028809,0
2020-06-11,11.25,11.25,11.25,11.25,0
2020-06-12,11.25,11.25,11.25,11.25,0
2020-06-15,11.25,11.25,11.25,11.25,0
2020-06-16,11.239999771118164,11.239999771118164,11.239999771118164,11.239999771118164,0
2020-06-17,11.239999771118164,11.239999771118164,11.239999771118164,11.239999771118164,0
2020-06-18,11.25,11.25,11.25,11.25,0
2020-06-19,11.25,11.25,11.25,11.25,0
2020-06-22,11.25,11.25,11.25,11.25,0
2020-06-23,11.25,11.25,11.25,11.25,0
2020-06-24,11.25,11.25,11.25,11.25,0
2020-06-25,11.25,11.25,11.25,11.25,0
2020-06-26,11.25,11.25,11.25,11.25,0
2020-06-29,11.260000228881836,11.260000228881836,11.260000228881836,11.260000228881836,0
2020-06-30,11.260000228881836,11.260000228881836,11.260000228881836,11.260000228881836,0
2020-07-01,11.260000228881836,11.260000228881836,11.260000228881836,11.260000228881836,0
2020-07-02,11.260000228881836,11.260000228881836,11.260000228881836,11.260000228881836,0
2020-07-06,11.260000228881836,11.260000228881836,11.260000228881836,11.260000228881836,0
2020-07-07,11.279999732971191,11.279999732971191,11.279999732971191,11.279999732971191,0
2020-07-08,11.289999961853027,11.289999961853027,11.289999961853027,11.289999961853027,0
2020-07-09,11.3100004196167,11.3100004196167,11.3100004196167,11.3100004196167,0
2020-07-10,11.329999923706055,11.329999923706055,11.329999923706055,11.329999923706055,0
2020-07-13,11.329999923706055,11.329999923706055,11.329999923706055,11.329999923706055,0
2020-07-14,11.350000381469727,11.350000381469727,11.350000381469727,11.350000381469727,0
2020-07-15,11.350000381469727,11.350000381469727,11.350000381469727,11.350000381469727,0
2020-07-16,11.359999656677246,11.359999656677246,11.359999656677246,11.359999656677246,0
2020-07-17,11.369999885559082,11.369999885559082,11.369999885559082,11.369999885559082,0
2020-07-20,11.380000114440918,11.380000114440918,11.380000114440918,11.380000114440918,0
2020-07-21,11.380000114440918,11.380000114440918,11.380000114440918,11.380000114440918,0
2020-07-22,11.390000343322754,11.390000343322754,11.390000343322754,11.390000343322754,0
2020-07-23,11.399999618530273,11.399999618530273,11.399999618530273,11.399999618530273,0
2020-07-24,11.399999618530273,11.399999618530273,11.399999618530273,11.399999618530273,0
2020-07-27,11.40999984741211,11.40999984741211,11.40999984741211,11.40999984741211,0
2020-07-28,11.40999984741211,11.40999984741211,11.40999984741211,11.40999984741211,0
2020-07-29,11.420000076293945,11.420000076293945,11.420000076293945,11.420000076293945,0
2020-07-30,11.420000076293945,11.420000076293945,11.420000076293945,11.420000076293945,0
2020-07-31,11.4399995803833,11.4399995803833,11.4399995803833,11.4399995803833,0
2020-08-03,11.4399995803833,11.4399995803833,11.4399995803833,11.4399995803833,0
2020-08-04,11.460000038146973,11.460000038146973,11.460000038146973,11.460000038146973,0
2020-08-05,11.479999542236328,11.479999542236328,11.479999542236328,11.479999542236328,0
2020-08-06,11.489999771118164,11.489999771118164,11.489999771118164,11.489999771118164,0
2020-08-07,11.5,11.5,11.5,11.5,0
2020-08-10,11.510000228881836,11.510000228881836,11.510000228881836,11.510000228881836,0
2020-08-11,11.510000228881836,11.510000228881836,11.510000228881836,11.510000228881836,0
2020-08-12,11.489999771118164,11.489999771118164,11.489999771118164,11.489999771118164,0
2020-08-13,11.489999771118164,11.489999771118164,11.489999771118164,11.489999771118164,0
2020-08-14,11.470000267028809,11.470000267028809,11.470000267028809,11.470000267028809,0
2020-08-17,11.460000038146973,11.460000038146973,11.460000038146973,11.460000038146973,0
2020-08-18,11.449999809265137,11.449999809265137,11.449999809265137,11.449999809265137,0
2020-08-19,11.4399995803833,11.4399995803833,11.4399995803833,11.4399995803833,0
2020-08-20,11.420000076293945,11.420000076293945,11.420000076293945,11.420000076293945,0
2020-08-21,11.420000076293945,11.420000076293945,11.420000076293945,11.420000076293945,0
2020-08-24,11.420000076293945,11.420000076293945,11.420000076293945,11.420000076293945,0
2020-08-25,11.399999618530273,11.399999618530273,11.399999618530273,11.399999618530273,0
2020-08-26,11.390000343322754,11.390000343322754,11.390000343322754,11.390000343322754,0
2020-08-27,11.369999885559082,11.369999885559082,11.369999885559082,11.369999885559082,0
2020-08-28,11.359999656677246,11.359999656677246,11.359999656677246,11.359999656677246,0
2020-08-31,11.359999656677246,11.359999656677246,11.359999656677246,11.359999656677246,0
2020-09-01,11.359999656677246,11.359999656677246,11.359999656677246,11.359999656677246,0
2020-09-02,11.359999656677246,11.359999656677246,11.359999656677246,11.359999656677246,0
2020-09-03,11.359999656677246,11.359999656677246,11.359999656677246,11.359999656677246,0
2020-09-04,11.359999656677246,11.359999656677246,11.359999656677246,11.359999656677246,0
2020-09-08,11.359999656677246,11.359999656677246,11.359999656677246,11.359999656677246,0
2020-09-09,11.359999656677246,11.359999656677246,11.359999656677246,11.359999656677246,0
2020-09-10,11.359999656677246,11.359999656677246,11.359999656677246,11.359999656677246,0
2020-09-11,11.359999656677246,11.359999656677246,11.359999656677246,11.359999656677246,0
2020-09-14,11.359999656677246,11.359999656677246,11.359999656677246,11.359999656677246,0
2020-09-15,11.359999656677246,11.359999656677246,11.359999656677246,11.359999656677246,0
2020-09-16,11.359999656677246,11.359999656677246,11.359999656677246,11.359999656677246,0
2020-09-17,11.369999885559082,11.369999885559082,11.369999885559082,11.369999885559082,0
2020-09-18,11.369999885559082,11.369999885559082,11.369999885559082,11.369999885559082,0
2020-09-21,11.369999885559082,11.369999885559082,11.369999885559082,11.369999885559082,0
2020-09-22,11.369999885559082,11.369999885559082,11.369999885559082,11.369999885559082,0
2020-09-23,11.369999885559082,11.369999885559082,11.369999885559082,11.369999885559082,0
2020-09-24,11.369999885559082,11.369999885559082,11.369999885559082,11.369999885559082,0
2020-09-25,11.369999885559082,11.369999885559082,11.369999885559082,11.369999885559082,0
2020-09-28,11.369999885559082,11.369999885559082,11.369999885559082,11.369999885559082,0
2020-09-29,11.380000114440918,11.380000114440918,11.380000114440918,11.380000114440918,0
2020-09-30,11.350000381469727,11.350000381469727,11.350000381469727,11.350000381469727,0
2020-10-01,11.359999656677246,11.359999656677246,11.359999656677246,11.359999656677246,0
2020-10-02,11.350000381469727,11.350000381469727,11.350000381469727,11.350000381469727,0
2020-10-05,11.34000015258789,11.34000015258789,11.34000015258789,11.34000015258789,0
2020-10-06,11.319999694824219,11.319999694824219,11.319999694824219,11.319999694824219,0
2020-10-07,11.3100004196167,11.3100004196167,11.3100004196167,11.3100004196167,0
2020-10-08,11.300000190734863,11.300000190734863,11.300000190734863,11.300000190734863,0
2020-10-09,11.300000190734863,11.300000190734863,11.300000190734863,11.300000190734863,0
2020-10-12,11.3100004196167,11.3100004196167,11.3100004196167,11.3100004196167,0
2020-10-13,11.3100004196167,11.3100004196167,11.3100004196167,11.3100004196167,0
2020-10-14,11.3100004196167,11.3100004196167,11.3100004196167,11.3100004196167,0
2020-10-15,11.319999694824219,11.319999694824219,11.319999694824219,11.319999694824219,0
2020-10-16,11.319999694824219,11.319999694824219,11.319999694824219,11.319999694824219,0
2020-10-19,11.319999694824219,11.319999694824219,11.319999694824219,11.319999694824219,0
2020-10-20,11.300000190734863,11.300000190734863,11.300000190734863,11.300000190734863,0
2020-10-21,11.300000190734863,11.300000190734863,11.300000190734863,11.300000190734863,0
2020-10-22,11.300000190734863,11.300000190734863,11.300000190734863,11.300000190734863,0
2020-10-23,11.300000190734863,11.300000190734863,11.300000190734863,11.300000190734863,0
2020-10-26,11.300000190734863,11.300000190734863,11.300000190734863,11.300000190734863,0
2020-10-27,11.3100004196167,11.3100004196167,11.3100004196167,11.3100004196167,0
2020-10-28,11.3100004196167,11.3100004196167,11.3100004196167,11.3100004196167,0
2020-10-29,11.3100004196167,11.3100004196167,11.3100004196167,11.3100004196167,0
2020-10-30,11.3100004196167,11.3100004196167,11.3100004196167,11.3100004196167,0
2020-11-02,11.3100004196167,11.3100004196167,11.3100004196167,11.3100004196167,0
2020-11-03,11.3100004196167,11.3100004196167,11.3100004196167,11.3100004196167,0
2020-11-04,11.359999656677246,11.359999656677246,11.359999656677246,11.359999656677246,0
2020-11-05,11.380000114440918,11.380000114440918,11.380000114440918,11.380000114440918,0
2020-11-06,11.390000343322754,11.390000343322754,11.390000343322754,11.390000343322754,0
2020-11-09,11.359999656677246,11.359999656677246,11.359999656677246,11.359999656677246,0
2020-11-10,11.359999656677246,11.359999656677246,11.359999656677246,11.359999656677246,0
2020-11-11,11.359999656677246,11.359999656677246,11.359999656677246,11.359999656677246,0
2020-11-12,11.380000114440918,11.380000114440918,11.380000114440918,11.380000114440918,0
2020-11-13,11.399999618530273,11.399999618530273,11.399999618530273,11.399999618530273,0
2020-11-16,11.399999618530273,11.399999618530273,11.399999618530273,11.399999618530273,0
2020-11-17,11.420000076293945,11.420000076293945,11.420000076293945,11.420000076293945,0
2020-11-18,11.4399995803833,11.4399995803833,11.4399995803833,11.4399995803833,0
2020-11-19,11.470000267028809,11.470000267028809,11.470000267028809,11.470000267028809,0
2020-11-20,11.470000267028809,11.470000267028809,11.470000267028809,11.470000267028809,0
2020-11-23,11.470000267028809,11.470000267028809,11.470000267028809,11.470000267028809,0
2020-11-24,11.470000267028809,11.470000267028809,11.470000267028809,11.470000267028809,0
2020-11-25,11.470000267028809,11.470000267028809,11.470000267028809,11.470000267028809,0
2020-11-27,11.470000267028809,11.470000267028809,11.470000267028809,11.470000267028809,0
2020-11-30,11.470000267028809,11.470000267028809,11.470000267028809,11.470000267028809,0
2020-12-01,11.470000267028809,11.470000267028809,11.470000267028809,11.470000267028809,0
2020-12-02,11.479999542236328,11.479999542236328,11.479999542236328,11.479999542236328,0
2020-12-03,11.489999771118164,11.489999771118164,11.489999771118164,11.489999771118164,0
2020-12-04,11.5,11.5,11.5,11.5,0
2020-12-07,11.489999771118164,11.489999771118164,11.489999771118164,11.489999771118164,0
2020-12-08,11.5,11.5,11.5,11.5,0
2020-12-09,11.5,11.5,11.5,11.5,0
2020-12-10,11.510000228881836,11.510000228881836,11.510000228881836,11.510000228881836,0
2020-12-11,11.510000228881836,11.510000228881836,11.510000228881836,11.510000228881836,0
2020-12-14,11.510000228881836,11.510000228881836,11.510000228881836,11.510000228881836,0
2020-12-15,11.520000457763672,11.520000457763672,11.520000457763672,11.520000457763672,0
2020-12-16,11.520000457763672,11.520000457763672,11.520000457763672,11.520000457763672,0
2020-12-17,11.520000457763672,11.520000457763672,11.520000457763672,11.520000457763672,0
2020-12-18,11.520000457763672,11.520000457763672,11.520000457763672,11.520000457763672,0
2020-12-21,11.520000457763672,11.520000457763672,11.520000457763672,11.520000457763672,0
2020-12-22,11.520000457763672,11.520000457763672,11.520000457763672,11.520000457763672,0
2020-12-23,11.520000457763672,11.520000457763672,11.520000457763672,11.520000457763672,0
2020-12-24,11.520000457763672,11.520000457763672,11.520000457763672,11.520000457763672,0
2020-12-28,11.520000457763672,11.520000457763672,11.520000457763672,11.520000457763672,0
2020-12-29,11.4399995803833,11.4399995803833,11.4399995803833,11.4399995803833,0
2020-12-30,11.4399995803833,11.4399995803833,11.4399995803833,11.4399995803833,0
2020-12-31,11.4399995803833,11.4399995803833,11.4399995803833,11.4399995803833,0
2021-01-04,11.4399995803833,11.4399995803833,11.4399995803833,11.4399995803833,0
2021-01-05,11.449999809265137,11.449999809265137,11.449999809265137,11.449999809265137,0
2021-01-06,11.4399995803833,11.4399995803833,11.4399995803833,11.4399995803833,0
2021-01-07,11.430000305175781,11.430000305175781,11.430000305175781,11.430000305175781,0
2021-01-08,11.40999984741211,11.40999984741211,11.40999984741211,11.40999984741211,0
2021-01-11,11.40999984741211,11.40999984741211,11.40999984741211,11.40999984741211,0
2021-01-12,11.399999618530273,11.399999618530273,11.399999618530273,11.399999618530273,0
2021-01-13,11.40999984741211,11.40999984741211,11.40999984741211,11.40999984741211,0
2021-01-14,11.40999984741211,11.40999984741211,11.40999984741211,11.40999984741211,0
2021-01-15,11.40999984741211,11.40999984741211,11.40999984741211,11.40999984741211,0
2021-01-19,11.40999984741211,11.40999984741211,11.40999984741211,11.40999984741211,0
2021-01-20,11.40999984741211,11.40999984741211,11.40999984741211,11.40999984741211,0
2021-01-21,11.420000076293945,11.420000076293945,11.420000076293945,11.420000076293945,0
2021-01-22,11.430000305175781,11.430000305175781,11.430000305175781,11.430000305175781,0
2021-01-25,11.430000305175781,11.430000305175781,11.430000305175781,11.430000305175781,0
2021-01-26,11.449999809265137,11.449999809265137,11.449999809265137,11.449999809265137,0
2021-01-27,11.479999542236328,11.479999542236328,11.479999542236328,11.479999542236328,0
2021-01-28,11.479999542236328,11.479999542236328,11.479999542236328,11.479999542236328,0
2021-01-29,11.479999542236328,11.479999542236328,11.479999542236328,11.479999542236328,0
2021-02-01,11.479999542236328,11.479999542236328,11.479999542236328,11.479999542236328,0
2021-02-02,11.479999542236328,11.479999542236328,11.479999542236328,11.479999542236328,0
2021-02-03,11.489999771118164,11.489999771118164,11.489999771118164,11.489999771118164,0
2021-02-04,11.489999771118164,11.489999771118164,11.489999771118164,11.489999771118164,0
2021-02-05,11.5,11.5,11.5,11.5,0
2021-02-08,11.510000228881836,11.510000228881836,11.510000228881836,11.510000228881836,0
2021-02-09,11.520000457763672,11.520000457763672,11.520000457763672,11.520000457763672,0
2021-02-10,11.529999732971191,11.529999732971191,11.529999732971191,11.529999732971191,0
2021-02-11,11.529999732971191,11.529999732971191,11.529999732971191,11.529999732971191,0
2021-02-12,11.539999961853027,11.539999961853027,11.539999961853027,11.539999961853027,0
2021-02-16,11.520000457763672,11.520000457763672,11.520000457763672,11.520000457763672,0
2021-02-17,11.489999771118164,11.489999771118164,11.489999771118164,11.489999771118164,0
2021-02-18,11.460000038146973,11.460000038146973,11.460000038146973,11.460000038146973,0
2021-02-19,11.430000305175781,11.430000305175781,11.430000305175781,11.430000305175781,0
2021-02-22,11.369999885559082,11.369999885559082,11.369999885559082,11.369999885559082,0
2021-02-23,11.34000015258789,11.34000015258789,11.34000015258789,11.34000015258789,0
2021-02-24,11.300000190734863,11.300000190734863,11.300000190734863,11.300000190734863,0
2021-02-25,11.260000228881836,11.260000228881836,11.260000228881836,11.260000228881836,0
2021-02-26,11.260000228881836,11.260000228881836,11.260000228881836,11.260000228881836,0
2021-03-01,11.270000457763672,11.270000457763672,11.270000457763672,11.270000457763672,0
2021-03-02,11.270000457763672,11.270000457763672,11.270000457763672,11.270000457763672,0
2021-03-03,11.270000457763672,11.270000457763672,11.270000457763672,11.270000457763672,0
2021-03-04,11.289999961853027,11.289999961853027,11.289999961853027,11.289999961853027,0
2021-03-05,11.300000190734863,11.300000190734863,11.300000190734863,11.300000190734863,0
2021-03-08,11.300000190734863,11.300000190734863,11.300000190734863,11.300000190734863,0
2021-03-09,11.3100004196167,11.3100004196167,11.3100004196167,11.3100004196167,0
2021-03-10,11.329999923706055,11.329999923706055,11.329999923706055,11.329999923706055,0
2021-03-11,11.350000381469727,11.350000381469727,11.350000381469727,11.350000381469727,0
2021-03-12,11.34000015258789,11.34000015258789,11.34000015258789,11.34000015258789,0
2021-03-15,11.34000015258789,11.34000015258789,11.34000015258789,11.34000015258789,0
2021-03-16,11.34000015258789,11.34000015258789,11.34000015258789,11.34000015258789,0
2021-03-17,11.329999923706055,11.329999923706055,11.329999923706055,11.329999923706055,0
2021-03-18,11.270000457763672,11.270000457763672,11.270000457763672,11.270000457763672,0
2021-03-19,11.270000457763672,11.270000457763672,11.270000457763672,11.270000457763672,0
2021-03-22,11.279999732971191,11.279999732971191,11.279999732971191,11.279999732971191,0
2021-03-23,11.300000190734863,11.300000190734863,11.300000190734863,11.300000190734863,0
2021-03-24,11.3100004196167,11.3100004196167,11.3100004196167,11.3100004196167,0
2021-03-25,11.3100004196167,11.3100004196167,11.3100004196167,11.3100004196167,0
2021-03-26,11.319999694824219,11.319999694824219,11.319999694824219,11.319999694824219,0
2021-03-29,11.319999694824219,11.319999694824219,11.319999694824219,11.319999694824219,0
2021-03-30,11.3100004196167,11.3100004196167,11.3100004196167,11.3100004196167,0
2021-03-31,11.3100004196167,11.3100004196167,11.3100004196167,11.3100004196167,0
2021-04-01,11.319999694824219,11.319999694824219,11.319999694824219,11.319999694824219,0
2021-04-05,11.319999694824219,11.319999694824219,11.319999694824219,11.319999694824219,0
2021-04-06,11.329999923706055,11.329999923706055,11.329999923706055,11.329999923706055,0
2021-04-07,11.34000015258789,11.34000015258789,11.34000015258789,11.34000015258789,0
2021-04-08,11.369999885559082,11.369999885559082,11.369999885559082,11.369999885559082,0
2021-04-09,11.380000114440918,11.380000114440918,11.380000114440918,11.380000114440918,0
2021-04-12,11.380000114440918,11.380000114440918,11.380000114440918,11.380000114440918,0
2021-04-13,11.390000343322754,11.390000343322754,11.390000343322754,11.390000343322754,0
2021-04-14,11.399999618530273,11.399999618530273,11.399999618530273,11.399999618530273,0
2021-04-15,11.430000305175781,11.430000305175781,11.430000305175781,11.430000305175781,0
2021-04-16,11.4399995803833,11.4399995803833,11.4399995803833,11.4399995803833,0
2021-04-19,11.4399995803833,11.4399995803833,11.4399995803833,11.4399995803833,0
2021-04-20,11.4399995803833,11.4399995803833,11.4399995803833,11.4399995803833,0
2021-04-21,11.4399995803833,11.4399995803833,11.4399995803833,11.4399995803833,0
2021-04-22,11.4399995803833,11.4399995803833,11.4399995803833,11.4399995803833,0
2021-04-23,11.449999809265137,11.449999809265137,11.449999809265137,11.449999809265137,0
2021-04-26,11.4399995803833,11.4399995803833,11.4399995803833,11.4399995803833,0
2021-04-27,11.449999809265137,11.449999809265137,11.449999809265137,11.449999809265137,0
2021-04-28,11.4399995803833,11.4399995803833,11.4399995803833,11.4399995803833,0
2021-04-29,11.420000076293945,11.420000076293945,11.420000076293945,11.420000076293945,0
2021-04-30,11.420000076293945,11.420000076293945,11.420000076293945,11.420000076293945,0
2021-05-03,11.420000076293945,11.420000076293945,11.420000076293945,11.420000076293945,0
2021-05-04,11.430000305175781,11.430000305175781,11.430000305175781,11.430000305175781,0
2021-05-05,11.430000305175781,11.430000305175781,11.430000305175781,11.430000305175781,0
2021-05-06,11.430000305175781,11.430000305175781,11.430000305175781,11.430000305175781,0
2021-05-07,11.449999809265137,11.449999809265137,11.449999809265137,11.449999809265137,0
2021-05-10,11.449999809265137,11.449999809265137,11.449999809265137,11.449999809265137,0
2021-05-11,11.4399995803833,11.4399995803833,11.4399995803833,11.4399995803833,0
2021-05-12,11.430000305175781,11.430000305175781,11.430000305175781,11.430000305175781,0
2021-05-13,11.420000076293945,11.420000076293945,11.420000076293945,11.420000076293945,0
2021-05-14,11.420000076293945,11.420000076293945,11.420000076293945,11.420000076293945,0
2021-05-17,11.430000305175781,11.430000305175781,11.430000305175781,11.430000305175781,0
2021-05-18,11.430000305175781,11.430000305175781,11.430000305175781,11.430000305175781,0
2021-05-19,11.430000305175781,11.430000305175781,11.430000305175781,11.430000305175781,0
2021-05-20,11.430000305175781,11.430000305175781,11.430000305175781,11.430000305175781,0
2021-05-21,11.430000305175781,11.430000305175781,11.430000305175781,11.430000305175781,0
2021-05-24,11.430000305175781,11.430000305175781,11.430000305175781,11.430000305175781,0
2021-05-25,11.4399995803833,11.4399995803833,11.4399995803833,11.4399995803833,0
2021-05-26,11.460000038146973,11.460000038146973,11.460000038146973,11.460000038146973,0
2021-05-27,11.460000038146973,11.460000038146973,11.460000038146973,11.460000038146973,0
2021-05-28,11.460000038146973,11.460000038146973,11.460000038146973,11.460000038146973,0
2021-06-01,11.460000038146973,11.460000038146973,11.460000038146973,11.460000038146973,0
2021-06-02,11.470000267028809,11.470000267028809,11.470000267028809,11.470000267028809,0
2021-06-03,11.470000267028809,11.470000267028809,11.470000267028809,11.470000267028809,0
2021-06-04,11.479999542236328,11.479999542236328,11.479999542236328,11.479999542236328,0
2021-06-07,11.479999542236328,11.479999542236328,11.479999542236328,11.479999542236328,0
2021-06-08,11.5,11.5,11.5,11.5,0
2021-06-09,11.520000457763672,11.520000457763672,11.520000457763672,11.520000457763672,0
2021-06-10,11.520000457763672,11.520000457763672,11.520000457763672,11.520000457763672,0
2021-06-11,11.529999732971191,11.529999732971191,11.529999732971191,11.529999732971191,0
2021-06-14,11.529999732971191,11.529999732971191,11.529999732971191,11.529999732971191,0
2021-06-15,11.520000457763672,11.520000457763672,11.520000457763672,11.520000457763672,0
2021-06-16,11.520000457763672,11.520000457763672,11.520000457763672,11.520000457763672,0
2021-06-17,11.489999771118164,11.489999771118164,11.489999771118164,11.489999771118164,0
2021-06-18,11.479999542236328,11.479999542236328,11.479999542236328,11.479999542236328,0
2021-06-21,11.479999542236328,11.479999542236328,11.479999542236328,11.479999542236328,0
2021-06-22,11.479999542236328,11.479999542236328,11.479999542236328,11.479999542236328,0
2021-06-23,11.470000267028809,11.470000267028809,11.470000267028809,11.470000267028809,0
2021-06-24,11.460000038146973,11.460000038146973,11.460000038146973,11.460000038146973,0
2021-06-25,11.460000038146973,11.460000038146973,11.460000038146973,11.460000038146973,0
2021-06-28,11.460000038146973,11.460000038146973,11.460000038146973,11.460000038146973,0
2021-06-29,11.460000038146973,11.460000038146973,11.460000038146973,11.460000038146973,0
2021-06-30,11.470000267028809,11.470000267028809,11.470000267028809,11.470000267028809,0
2021-07-01,11.470000267028809,11.470000267028809,11.470000267028809,11.470000267028809,0
2021-07-02,11.470000267028809,11.470000267028809,11.470000267028809,11.470000267028809,0
2021-07-06,11.489999771118164,11.489999771118164,11.489999771118164,11.489999771118164,0
2021-07-07,11.520000457763672,11.520000457763672,11.520000457763672,11.520000457763672,0
2021-07-08,11.539999961853027,11.539999961853027,11.539999961853027,11.539999961853027,0
2021-07-09,11.539999961853027,11.539999961853027,11.539999961853027,11.539999961853027,0
2021-07-12,11.539999961853027,11.539999961853027,11.539999961853027,11.539999961853027,0
2021-07-13,11.539999961853027,11.539999961853027,11.539999961853027,11.539999961853027,0
2021-07-14,11.539999961853027,11.539999961853027,11.539999961853027,11.539999961853027,0
2021-07-15,11.539999961853027,11.539999961853027,11.539999961853027,11.539999961853027,0
2021-07-16,11.539999961853027,11.539999961853027,11.539999961853027,11.539999961853027,0
2021-07-19,11.550000190734863,11.550000190734863,11.550000190734863,11.550000190734863,0
2021-07-20,11.550000190734863,11.550000190734863,11.550000190734863,11.550000190734863,0
2021-07-21,11.550000190734863,11.550000190734863,11.550000190734863,11.550000190734863,0
2021-07-22,11.539999961853027,11.539999961853027,11.539999961853027,11.539999961853027,0
2021-07-23,11.539999961853027,11.539999961853027,11.539999961853027,11.539999961853027,0
2021-07-26,11.550000190734863,11.550000190734863,11.550000190734863,11.550000190734863,0
2021-07-27,11.550000190734863,11.550000190734863,11.550000190734863,11.550000190734863,0
2021-07-28,11.539999961853027,11.539999961853027,11.539999961853027,11.539999961853027,0
2021-07-29,11.529999732971191,11.529999732971191,11.529999732971191,11.529999732971191,0
2021-07-30,11.529999732971191,11.529999732971191,11.529999732971191,11.529999732971191,0
2021-08-02,11.529999732971191,11.529999732971191,11.529999732971191,11.529999732971191,0
2021-08-03,11.529999732971191,11.529999732971191,11.529999732971191,11.529999732971191,0
2021-08-04,11.529999732971191,11.529999732971191,11.529999732971191,11.529999732971191,0
2021-08-05,11.529999732971191,11.529999732971191,11.529999732971191,11.529999732971191,0
2021-08-06,11.510000228881836,11.510000228881836,11.510000228881836,11.510000228881836,0
2021-08-09,11.510000228881836,11.510000228881836,11.510000228881836,11.510000228881836,0
2021-08-10,11.489999771118164,11.489999771118164,11.489999771118164,11.489999771118164,0
2021-08-11,11.479999542236328,11.479999542236328,11.479999542236328,11.479999542236328,0
2021-08-12,11.470000267028809,11.470000267028809,11.470000267028809,11.470000267028809,0
2021-08-13,11.470000267028809,11.470000267028809,11.470000267028809,11.470000267028809,0
2021-08-16,11.470000267028809,11.470000267028809,11.470000267028809,11.470000267028809,0
2021-08-17,11.470000267028809,11.470000267028809,11.470000267028809,11.470000267028809,0
2021-08-18,11.470000267028809,11.470000267028809,11.470000267028809,11.470000267028809,0
2021-08-19,11.470000267028809,11.470000267028809,11.470000267028809,11.470000267028809,0
2021-08-20,11.470000267028809,11.470000267028809,11.470000267028809,11.470000267028809,0
2021-08-23,11.470000267028809,11.470000267028809,11.470000267028809,11.470000267028809,0
2021-08-24,11.460000038146973,11.460000038146973,11.460000038146973,11.460000038146973,0
2021-08-25,11.460000038146973,11.460000038146973,11.460000038146973,11.460000038146973,0
2021-08-26,11.449999809265137,11.449999809265137,11.449999809265137,11.449999809265137,0
2021-08-27,11.449999809265137,11.449999809265137,11.449999809265137,11.449999809265137,0
2021-08-30,11.449999809265137,11.449999809265137,11.449999809265137,11.449999809265137,0
2021-08-31,11.449999809265137,11.449999809265137,11.449999809265137,11.449999809265137,0
2021-09-01,11.4399995803833,11.4399995803833,11.4399995803833,11.4399995803833,0
2021-09-02,11.4399995803833,11.4399995803833,11.4399995803833,11.4399995803833,0
2021-09-03,11.4399995803833,11.4399995803833,11.4399995803833,11.4399995803833,0
2021-09-07,11.430000305175781,11.430000305175781,11.430000305175781,11.430000305175781,0
2021-09-08,11.4399995803833,11.4399995803833,11.4399995803833,11.4399995803833,0
2021-09-09,11.430000305175781,11.430000305175781,11.430000305175781,11.430000305175781,0
2021-09-10,11.430000305175781,11.430000305175781,11.430000305175781,11.430000305175781,0
2021-09-13,11.430000305175781,11.430000305175781,11.430000305175781,11.430000305175781,0
2021-09-14,11.430000305175781,11.430000305175781,11.430000305175781,11.430000305175781,0
2021-09-15,11.430000305175781,11.430000305175781,11.430000305175781,11.430000305175781,0
2021-09-16,11.430000305175781,11.430000305175781,11.430000305175781,11.430000305175781,0
2021-09-17,11.430000305175781,11.430000305175781,11.430000305175781,11.430000305175781,0
2021-09-20,11.430000305175781,11.430000305175781,11.430000305175781,11.430000305175781,0
2021-09-21,11.430000305175781,11.430000305175781,11.430000305175781,11.430000305175781,0
2021-09-22,11.430000305175781,11.430000305175781,11.430000305175781,11.430000305175781,0
2021-09-23,11.40999984741211,11.40999984741211,11.40999984741211,11.40999984741211,0
2021-09-24,11.40999984741211,11.40999984741211,11.40999984741211,11.40999984741211,0
2021-09-27,11.390000343322754,11.390000343322754,11.390000343322754,11.390000343322754,0
2021-09-28,11.350000381469727,11.350000381469727,11.350000381469727,11.350000381469727,0
2021-09-29,11.34000015258789,11.34000015258789,11.34000015258789,11.34000015258789,0
2021-09-30,11.329999923706055,11.329999923706055,11.329999923706055,11.329999923706055,0
2021-10-01,11.329999923706055,11.329999923706055,11.329999923706055,11.329999923706055,0
2021-10-04,11.329999923706055,11.329999923706055,11.329999923706055,11.329999923706055,0
2021-10-05,11.319999694824219,11.319999694824219,11.319999694824219,11.319999694824219,0
2021-10-06,11.329999923706055,11.329999923706055,11.329999923706055,11.329999923706055,0
2021-10-07,11.319999694824219,11.319999694824219,11.319999694824219,11.319999694824219,0
2021-10-08,11.3100004196167,11.3100004196167,11.3100004196167,11.3100004196167,0
2021-10-11,11.3100004196167,11.3100004196167,11.3100004196167,11.3100004196167,0
2021-10-12,11.3100004196167,11.3100004196167,11.3100004196167,11.3100004196167,0
2021-10-13,11.3100004196167,11.3100004196167,11.3100004196167,11.3100004196167,0
2021-10-14,11.3100004196167,11.3100004196167,11.3100004196167,11.3100004196167,0
2021-10-15,11.319999694824219,11.319999694824219,11.319999694824219,11.319999694824219,0
2021-10-18,11.3100004196167,11.3100004196167,11.3100004196167,11.3100004196167,0
2021-10-19,11.3100004196167,11.3100004196167,11.3100004196167,11.3100004196167,0
2021-10-20,11.300000190734863,11.300000190734863,11.300000190734863,11.300000190734863,0
2021-10-21,11.279999732971191,11.279999732971191,11.279999732971191,11.279999732971191,0
2021-10-22,11.279999732971191,11.279999732971191,11.279999732971191,11.279999732971191,0
2021-10-25,11.279999732971191,11.279999732971191,11.279999732971191,11.279999732971191,0
2021-10-26,11.270000457763672,11.270000457763672,11.270000457763672,11.270000457763672,0
2021-10-27,11.289999961853027,11.289999961853027,11.289999961853027,11.289999961853027,0
2021-10-28,11.300000190734863,11.300000190734863,11.300000190734863,11.300000190734863,0
2021-10-29,11.3100004196167,11.3100004196167,11.3100004196167,11.3100004196167,0
2021-11-01,11.3100004196167,11.3100004196167,11.3100004196167,11.3100004196167,0
2021-11-02,11.3100004196167,11.3100004196167,11.3100004196167,11.3100004196167,0
2021-11-03,11.319999694824219,11.319999694824219,11.319999694824219,11.319999694824219,0
2021-11-04,11.34000015258789,11.34000015258789,11.34000015258789,11.34000015258789,0
2021-11-05,11.359999656677246,11.359999656677246,11.359999656677246,11.359999656677246,0
2021-11-08,11.359999656677246,11.359999656677246,11.359999656677246,11.359999656677246,0
2021-11-09,11.390000343322754,11.390000343322754,11.390000343322754,11.390000343322754,0
2021-11-10,11.390000343322754,11.390000343322754,11.390000343322754,11.390000343322754,0
2021-11-11,11.390000343322754,11.390000343322754,11.390000343322754,11.390000343322754,0
2021-11-12,11.380000114440918,11.380000114440918,11.380000114440918,11.380000114440918,0
2021-11-15,11.369999885559082,11.369999885559082,11.369999885559082,11.369999885559082,0
2021-11-16,11.359999656677246,11.359999656677246,11.359999656677246,11.359999656677246,0
2021-11-17,11.359999656677246,11.359999656677246,11.359999656677246,11.359999656677246,0
2021-11-18,11.359999656677246,11.359999656677246,11.359999656677246,11.359999656677246,0
2021-11-19,11.369999885559082,11.369999885559082,11.369999885559082,11.369999885559082,0
2021-11-22,11.369999885559082,11.369999885559082,11.369999885559082,11.369999885559082,0
2021-11-23,11.369999885559082,11.369999885559082,11.369999885559082,11.369999885559082,0
2021-11-24,11.369999885559082,11.369999885559082,11.369999885559082,11.369999885559082,0
2021-11-26,11.380000114440918,11.380000114440918,11.380000114440918,11.380000114440918,0
2021-11-29,11.390000343322754,11.390000343322754,11.390000343322754,11.390000343322754,0
2021-11-30,11.40999984741211,11.40999984741211,11.40999984741211,11.40999984741211,0
2021-12-01,11.40999984741211,11.40999984741211,11.40999984741211,11.40999984741211,0
2021-12-02,11.40999984741211,11.40999984741211,11.40999984741211,11.40999984741211,0
2021-12-03,11.420000076293945,11.420000076293945,11.420000076293945,11.420000076293945,0
2021-12-06,11.420000076293945,11.420000076293945,11.420000076293945,11.420000076293945,0
2021-12-07,11.40999984741211,11.40999984741211,11.40999984741211,11.40999984741211,0
2021-12-08,11.40999984741211,11.40999984741211,11.40999984741211,11.40999984741211,0
2021-12-09,11.399999618530273,11.399999618530273,11.399999618530273,11.399999618530273,0
2021-12-10,11.40999984741211,11.40999984741211,11.40999984741211,11.40999984741211,0
2021-12-13,11.40999984741211,11.40999984741211,11.40999984741211,11.40999984741211,0
2021-12-14,11.40999984741211,11.40999984741211,11.40999984741211,11.40999984741211,0
2021-12-15,11.40999984741211,11.40999984741211,11.40999984741211,11.40999984741211,0
2021-12-16,11.40999984741211,11.40999984741211,11.40999984741211,11.40999984741211,0
2021-12-17,11.40999984741211,11.40999984741211,11.40999984741211,11.40999984741211,0
2021-12-20,11.40999984741211,11.40999984741211,11.40999984741211,11.40999984741211,0
2021-12-21,11.40999984741211,11.40999984741211,11.40999984741211,11.40999984741211,0
2021-12-22,11.40999984741211,11.40999984741211,11.40999984741211,11.40999984741211,0
2021-12-23,11.40999984741211,11.40999984741211,11.40999984741211,11.40999984741211,0
2021-12-27,11.40999984741211,11.40999984741211,11.40999984741211,11.40999984741211,0
2021-12-28,11.40999984741211,11.40999984741211,11.40999984741211,11.40999984741211,0
2021-12-29,11.369999885559082,11.369999885559082,11.369999885559082,11.369999885559082,0
2021-12-30,11.359999656677246,11.359999656677246,11.359999656677246,11.359999656677246,0
2021-12-31,11.369999885559082,11.369999885559082,11.369999885559082,11.369999885559082,0
2022-01-03,11.359999656677246,11.359999656677246,11.359999656677246,11.359999656677246,0
2022-01-04,11.350000381469727,11.350000381469727,11.350000381469727,11.350000381469727,0
2022-01-05,11.34000015258789,11.34000015258789,11.34000015258789,11.34000015258789,0
2022-01-06,11.3100004196167,11.3100004196167,11.3100004196167,11.3100004196167,0
2022-01-07,11.289999961853027,11.289999961853027,11.289999961853027,11.289999961853027,0
2022-01-10,11.260000228881836,11.260000228881836,11.260000228881836,11.260000228881836,0
2022-01-11,11.25,11.25,11.25,11.25,0
2022-01-12,11.25,11.25,11.25,11.25,0
2022-01-13,11.25,11.25,11.25,11.25,0
2022-01-14,11.239999771118164,11.239999771118164,11.239999771118164,11.239999771118164,0
2022-01-18,11.220000267028809,11.220000267028809,11.220000267028809,11.220000267028809,0
2022-01-19,11.199999809265137,11.199999809265137,11.199999809265137,11.199999809265137,0
2022-01-20,11.199999809265137,11.199999809265137,11.199999809265137,11.199999809265137,0
2022-01-21,11.180000305175781,11.180000305175781,11.180000305175781,11.180000305175781,0
2022-01-24,11.170000076293945,11.170000076293945,11.170000076293945,11.170000076293945,0
2022-01-25,11.149999618530273,11.149999618530273,11.149999618530273,11.149999618530273,0
2022-01-26,11.119999885559082,11.119999885559082,11.119999885559082,11.119999885559082,0
2022-01-27,11.09000015258789,11.09000015258789,11.09000015258789,11.09000015258789,0
2022-01-28,11.039999961853027,11.039999961853027,11.039999961853027,11.039999961853027,0
2022-01-31,11.029999732971191,11.029999732971191,11.029999732971191,11.029999732971191,0
2022-02-01,11.050000190734863,11.050000190734863,11.050000190734863,11.050000190734863,0
2022-02-02,11.069999694824219,11.069999694824219,11.069999694824219,11.069999694824219,0
2022-02-03,11.100000381469727,11.100000381469727,11.100000381469727,11.100000381469727,0
2022-02-04,11.069999694824219,11.069999694824219,11.069999694824219,11.069999694824219,0
2022-02-07,11.069999694824219,11.069999694824219,11.069999694824219,11.069999694824219,0
2022-02-08,11.039999961853027,11.039999961853027,11.039999961853027,11.039999961853027,0
2022-02-09,11.029999732971191,11.029999732971191,11.029999732971191,11.029999732971191,0
2022-02-10,10.970000267028809,10.970000267028809,10.970000267028809,10.970000267028809,0
2022-02-11,10.9399995803833,10.9399995803833,10.9399995803833,10.9399995803833,0
2022-02-14,10.90999984741211,10.90999984741211,10.90999984741211,10.90999984741211,0
2022-02-15,10.890000343322754,10.890000343322754,10.890000343322754,10.890000343322754,0
2022-02-16,10.880000114440918,10.880000114440918,10.880000114440918,10.880000114440918,0
2022-02-17,10.899999618530273,10.899999618530273,10.899999618530273,10.899999618530273,0
2022-02-18,10.90999984741211,10.90999984741211,10.90999984741211,10.90999984741211,0
2022-02-22,10.930000305175781,10.930000305175781,10.930000305175781,10.930000305175781,0
2022-02-23,10.90999984741211,10.90999984741211,10.90999984741211,10.90999984741211,0
2022-02-24,10.949999809265137,10.949999809265137,10.949999809265137,10.949999809265137,0
2022-02-25,10.930000305175781,10.930000305175781,10.930000305175781,10.930000305175781,0
2022-02-28,10.930000305175781,10.930000305175781,10.930000305175781,10.930000305175781,0
2022-03-01,10.960000038146973,10.960000038146973,10.960000038146973,10.960000038146973,0
2022-03-02,10.949999809265137,10.949999809265137,10.949999809265137,10.949999809265137,0
2022-03-03,10.90999984741211,10.90999984741211,10.90999984741211,10.90999984741211,0
2022-03-04,10.890000343322754,10.890000343322754,10.890000343322754,10.890000343322754,0
2022-03-07,10.859999656677246,10.859999656677246,10.859999656677246,10.859999656677246,0
2022-03-08,10.819999694824219,10.819999694824219,10.819999694824219,10.819999694824219,0
2022-03-09,10.800000190734863,10.800000190734863,10.800000190734863,10.800000190734863,0
2022-03-10,10.75,10.75,10.75,10.75,0
2022-03-11,10.720000267028809,10.720000267028809,10.720000267028809,10.720000267028809,0
2022-03-14,10.65999984741211,10.65999984741211,10.65999984741211,10.65999984741211,0
2022-03-15,10.630000114440918,10.630000114440918,10.630000114440918,10.630000114440918,0
2022-03-16,10.630000114440918,10.630000114440918,10.630000114440918,10.630000114440918,0
2022-03-17,10.649999618530273,10.649999618530273,10.649999618530273,10.649999618530273,0
2022-03-18,10.670000076293945,10.670000076293945,10.670000076293945,10.670000076293945,0
2022-03-21,10.65999984741211,10.65999984741211,10.65999984741211,10.65999984741211,0
2022-03-22,10.59000015258789,10.59000015258789,10.59000015258789,10.59000015258789,0
2022-03-23,10.569999694824219,10.569999694824219,10.569999694824219,10.569999694824219,0
2022-03-24,10.550000190734863,10.550000190734863,10.550000190734863,10.550000190734863,0
2022-03-25,10.510000228881836,10.510000228881836,10.510000228881836,10.510000228881836,0
2022-03-28,10.5,10.5,10.5,10.5,0
2022-03-29,10.470000267028809,10.470000267028809,10.470000267028809,10.470000267028809,0
2022-03-30,10.5,10.5,10.5,10.5,0
2022-03-31,10.520000457763672,10.520000457763672,10.520000457763672,10.520000457763672,0
2022-04-01,10.520000457763672,10.520000457763672,10.520000457763672,10.520000457763672,0
2022-04-04,10.529999732971191,10.529999732971191,10.529999732971191,10.529999732971191,0
2022-04-05,10.510000228881836,10.510000228881836,10.510000228881836,10.510000228881836,0
2022-04-06,10.460000038146973,10.460000038146973,10.460000038146973,10.460000038146973,0
2022-04-07,10.420000076293945,10.420000076293945,10.420000076293945,10.420000076293945,0
2022-04-08,10.40999984741211,10.40999984741211,10.40999984741211,10.40999984741211,0
2022-04-11,10.359999656677246,10.359999656677246,10.359999656677246,10.359999656677246,0
2022-04-12,10.34000015258789,10.34000015258789,10.34000015258789,10.34000015258789,0
2022-04-13,10.34000015258789,10.34000015258789,10.34000015258789,10.34000015258789,0
2022-04-14,10.319999694824219,10.319999694824219,10.319999694824219,10.319999694824219,0
2022-04-18,10.279999732971191,10.279999732971191,10.279999732971191,10.279999732971191,0
2022-04-19,10.210000038146973,10.210000038146973,10.210000038146973,10.210000038146973,0
2022-04-20,10.199999809265137,10.199999809265137,10.199999809265137,10.199999809265137,0
2022-04-21,10.170000076293945,10.170000076293945,10.170000076293945,10.170000076293945,0
2022-04-22,10.15999984741211,10.15999984741211,10.15999984741211,10.15999984741211,0
2022-04-25,10.149999618530273,10.149999618530273,10.149999618530273,10.149999618530273,0
2022-04-26,10.149999618530273,10.149999618530273,10.149999618530273,10.149999618530273,0
2022-04-27,10.149999618530273,10.149999618530273,10.149999618530273,10.149999618530273,0
2022-04-28,10.119999885559082,10.119999885559082,10.119999885559082,10.119999885559082,0
2022-04-29,10.109999656677246,10.109999656677246,10.109999656677246,10.109999656677246,0
2022-05-02,10.09000015258789,10.09000015258789,10.09000015258789,10.09000015258789,0
2022-05-03,10.069999694824219,10.069999694824219,10.069999694824219,10.069999694824219,0
2022-05-04,10.069999694824219,10.069999694824219,10.069999694824219,10.069999694824219,0
2022-05-05,10.039999961853027,10.039999961853027,10.039999961853027,10.039999961853027,0
2022-05-06,10.010000228881836,10.010000228881836,10.010000228881836,10.010000228881836,0
2022-05-09,9.979999542236328,9.979999542236328,9.979999542236328,9.979999542236328,0
2022-05-10,9.970000267028809,9.970000267028809,9.970000267028809,9.970000267028809,0
2022-05-11,9.9399995803833,9.9399995803833,9.9399995803833,9.9399995803833,0
2022-05-12,9.930000305175781,9.930000305175781,9.930000305175781,9.930000305175781,0
2022-05-13,9.90999984741211,9.90999984741211,9.90999984741211,9.90999984741211,0
2022-05-16,9.899999618530273,9.899999618530273,9.899999618530273,9.899999618530273,0
2022-05-17,9.859999656677246,9.859999656677246,9.859999656677246,9.859999656677246,0
2022-05-18,9.819999694824219,9.819999694824219,9.819999694824219,9.819999694824219,0
2022-05-19,9.859999656677246,9.859999656677246,9.859999656677246,9.859999656677246,0
2022-05-20,9.880000114440918,9.880000114440918,9.880000114440918,9.880000114440918,0
2022-05-23,9.9399995803833,9.9399995803833,9.9399995803833,9.9399995803833,0
2022-05-24,10.010000228881836,10.010000228881836,10.010000228881836,10.010000228881836,0
2022-05-25,10.109999656677246,10.109999656677246,10.109999656677246,10.109999656677246,0
2022-05-26,10.1899995803833,10.1899995803833,10.1899995803833,10.1899995803833,0
2022-05-27,10.239999771118164,10.239999771118164,10.239999771118164,10.239999771118164,0
2022-05-31,10.270000457763672,10.270000457763672,10.270000457763672,10.270000457763672,0
2022-06-01,10.279999732971191,10.279999732971191,10.279999732971191,10.279999732971191,0
2022-06-02,10.260000228881836,10.260000228881836,10.260000228881836,10.260000228881836,0
2022-06-03,10.260000228881836,10.260000228881836,10.260000228881836,10.260000228881836,0
2022-06-06,10.239999771118164,10.239999771118164,10.239999771118164,10.239999771118164,0
2022-06-07,10.229999542236328,10.229999542236328,10.229999542236328,10.229999542236328,0
2022-06-08,10.199999809265137,10.199999809265137,10.199999809265137,10.199999809265137,0
2022-06-09,10.149999618530273,10.149999618530273,10.149999618530273,10.149999618530273,0
2022-06-10,10.100000381469727,10.100000381469727,10.100000381469727,10.100000381469727,0
2022-06-13,9.920000076293945,9.920000076293945,9.920000076293945,9.920000076293945,0
2022-06-14,9.859999656677246,9.859999656677246,9.859999656677246,9.859999656677246,0
2022-06-15,9.850000381469727,9.850000381469727,9.850000381469727,9.850000381469727,0
2022-06-16,9.850000381469727,9.850000381469727,9.850000381469727,9.850000381469727,0
2022-06-17,9.869999885559082,9.869999885559082,9.869999885559082,9.869999885559082,0
2022-06-21,9.859999656677246,9.859999656677246,9.859999656677246,9.859999656677246,0
2022-06-22,9.899999618530273,9.899999618530273,9.899999618530273,9.899999618530273,0
2022-06-23,9.930000305175781,9.930000305175781,9.930000305175781,9.930000305175781,0
2022-06-24,9.949999809265137,9.949999809265137,9.949999809265137,9.949999809265137,0
2022-06-27,9.949999809265137,9.949999809265137,9.949999809265137,9.949999809265137,0
2022-06-28,9.930000305175781,9.930000305175781,9.930000305175781,9.930000305175781,0
2022-06-29,9.9399995803833,9.9399995803833,9.9399995803833,9.9399995803833,0
2022-06-30,9.979999542236328,9.979999542236328,9.979999542236328,9.979999542236328,0
2022-07-01,10.029999732971191,10.029999732971191,10.029999732971191,10.029999732971191,0
2022-07-05,10.069999694824219,10.069999694824219,10.069999694824219,10.069999694824219,0
2022-07-06,10.100000381469727,10.100000381469727,10.100000381469727,10.100000381469727,0
2022-07-07,10.130000114440918,10.130000114440918,10.130000114440918,10.130000114440918,0
2022-07-08,10.119999885559082,10.119999885559082,10.119999885559082,10.119999885559082,0
2022-07-11,10.130000114440918,10.130000114440918,10.130000114440918,10.130000114440918,0
2022-07-12,10.130000114440918,10.130000114440918,10.130000114440918,10.130000114440918,0
2022-07-13,10.130000114440918,10.130000114440918,10.130000114440918,10.130000114440918,0
2022-07-14,10.140000343322754,10.140000343322754,10.140000343322754,10.140000343322754,0
2022-07-15,10.149999618530273,10.149999618530273,10.149999618530273,10.149999618530273,0
2022-07-18,10.149999618530273,10.149999618530273,10.149999618530273,10.149999618530273,0
2022-07-19,10.140000343322754,10.140000343322754,10.140000343322754,10.140000343322754,0
2022-07-20,10.149999618530273,10.149999618530273,10.149999618530273,10.149999618530273,0
2022-07-21,10.140000343322754,10.140000343322754,10.140000343322754,10.140000343322754,0
2022-07-22,10.170000076293945,10.170000076293945,10.170000076293945,10.170000076293945,0
2022-07-25,10.170000076293945,10.170000076293945,10.170000076293945,10.170000076293945,0
2022-07-26,10.1899995803833,10.1899995803833,10.1899995803833,10.1899995803833,0
2022-07-27,10.210000038146973,10.210000038146973,10.210000038146973,10.210000038146973,0
2022-07-28,10.270000457763672,10.270000457763672,10.270000457763672,10.270000457763672,0
2022-07-29,10.289999961853027,10.289999961853027,10.289999961853027,10.289999961853027,0
2022-08-01,10.300000190734863,10.300000190734863,10.300000190734863,10.300000190734863,0
2022-08-02,10.34000015258789,10.34000015258789,10.34000015258789,10.34000015258789,0
2022-08-03,10.319999694824219,10.319999694824219,10.319999694824219,10.319999694824219,0
2022-08-04,10.329999923706055,10.329999923706055,10.329999923706055,10.329999923706055,0
2022-08-05,10.279999732971191,10.279999732971191,10.279999732971191,10.279999732971191,0
2022-08-08,10.279999732971191,10.279999732971191,10.279999732971191,10.279999732971191,0
2022-08-09,10.270000457763672,10.270000457763672,10.270000457763672,10.270000457763672,0
2022-08-10,10.289999961853027,10.289999961853027,10.289999961853027,10.289999961853027,0
2022-08-11,10.279999732971191,10.279999732971191,10.279999732971191,10.279999732971191,0
2022-08-12,10.279999732971191,10.279999732971191,10.279999732971191,10.279999732971191,0
2022-08-15,10.279999732971191,10.279999732971191,10.279999732971191,10.279999732971191,0
2022-08-16,10.260000228881836,10.260000228881836,10.260000228881836,10.260000228881836,0
2022-08-17,10.210000038146973,10.210000038146973,10.210000038146973,10.210000038146973,0
2022-08-18,10.1899995803833,10.1899995803833,10.1899995803833,10.1899995803833,0
2022-08-19,10.149999618530273,10.149999618530273,10.149999618530273,10.149999618530273,0
2022-08-22,10.130000114440918,10.130000114440918,10.130000114440918,10.130000114440918,0
2022-08-23,10.119999885559082,10.119999885559082,10.119999885559082,10.119999885559082,0
2022-08-24,10.09000015258789,10.09000015258789,10.09000015258789,10.09000015258789,0
2022-08-25,10.0600004196167,10.0600004196167,10.0600004196167,10.0600004196167,0
2022-08-26,10.0600004196167,10.0600004196167,10.0600004196167,10.0600004196167,0
2022-08-29,10.029999732971191,10.029999732971191,10.029999732971191,10.029999732971191,0
2022-08-30,10.0,10.0,10.0,10.0,0
2022-08-31,10.0,10.0,10.0,10.0,0
2022-09-01,9.9399995803833,9.9399995803833,9.9399995803833,9.9399995803833,0
2022-09-02,9.9399995803833,9.9399995803833,9.9399995803833,9.9399995803833,0
2022-09-06,9.899999618530273,9.899999618530273,9.899999618530273,9.899999618530273,0
2022-09-07,9.890000343322754,9.890000343322754,9.890000343322754,9.890000343322754,0
2022-09-08,9.880000114440918,9.880000114440918,9.880000114440918,9.880000114440918,0
2022-09-09,9.890000343322754,9.890000343322754,9.890000343322754,9.890000343322754,0
2022-09-12,9.899999618530273,9.899999618530273,9.899999618530273,9.899999618530273,0
2022-09-13,9.850000381469727,9.850000381469727,9.850000381469727,9.850000381469727,0
2022-09-14,9.829999923706055,9.829999923706055,9.829999923706055,9.829999923706055,0
2022-09-15,9.819999694824219,9.819999694824219,9.819999694824219,9.819999694824219,0
2022-09-16,9.819999694824219,9.819999694824219,9.819999694824219,9.819999694824219,0
2022-09-19,9.800000190734863,9.800000190734863,9.800000190734863,9.800000190734863,0
2022-09-20,9.729999542236328,9.729999542236328,9.729999542236328,9.729999542236328,0
2022-09-21,9.720000267028809,9.720000267028809,9.720000267028809,9.720000267028809,0
2022-09-22,9.6899995803833,9.6899995803833,9.6899995803833,9.6899995803833,0
2022-09-23,9.65999984741211,9.65999984741211,9.65999984741211,9.65999984741211,0
2022-09-26,9.600000381469727,9.600000381469727,9.600000381469727,9.600000381469727,0
2022-09-27,9.550000190734863,9.550000190734863,9.550000190734863,9.550000190734863,0
2022-09-28,9.520000457763672,9.520000457763672,9.520000457763672,9.520000457763672,0
2022-09-29,9.520000457763672,9.520000457763672,9.520000457763672,9.520000457763672,0
2022-09-30,9.529999732971191,9.529999732971191,9.529999732971191,9.529999732971191,0
2022-10-03,9.5600004196167,9.5600004196167,9.5600004196167,9.5600004196167,0
2022-10-04,9.649999618530273,9.649999618530273,9.649999618530273,9.649999618530273,0
2022-10-05,9.649999618530273,9.649999618530273,9.649999618530273,9.649999618530273,0
2022-10-06,9.65999984741211,9.65999984741211,9.65999984741211,9.65999984741211,0
2022-10-07,9.65999984741211,9.65999984741211,9.65999984741211,9.65999984741211,0
2022-10-10,9.649999618530273,9.649999618530273,9.649999618530273,9.649999618530273,0
2022-10-11,9.680000305175781,9.680000305175781,9.680000305175781,9.680000305175781,0
2022-10-12,9.670000076293945,9.670000076293945,9.670000076293945,9.670000076293945,0
2022-10-13,9.640000343322754,9.640000343322754,9.640000343322754,9.640000343322754,0
2022-10-14,9.640000343322754,9.640000343322754,9.640000343322754,9.640000343322754,0
2022-10-17,9.649999618530273,9.649999618530273,9.649999618530273,9.649999618530273,0
2022-10-18,9.640000343322754,9.640000343322754,9.640000343322754,9.640000343322754,0
2022-10-19,9.609999656677246,9.609999656677246,9.609999656677246,9.609999656677246,0
2022-10-20,9.579999923706055,9.579999923706055,9.579999923706055,9.579999923706055,0
2022-10-21,9.470000267028809,9.470000267028809,9.470000267028809,9.470000267028809,0
2022-10-24,9.420000076293945,9.420000076293945,9.420000076293945,9.420000076293945,0
2022-10-25,9.399999618530273,9.399999618530273,9.399999618530273,9.399999618530273,0
2022-10-26,9.390000343322754,9.390000343322754,9.390000343322754,9.390000343322754,0
2022-10-27,9.399999618530273,9.399999618530273,9.399999618530273,9.399999618530273,0
2022-10-28,9.40999984741211,9.40999984741211,9.40999984741211,9.40999984741211,0
2022-10-31,9.420000076293945,9.420000076293945,9.420000076293945,9.420000076293945,0
2022-11-01,9.449999809265137,9.449999809265137,9.449999809265137,9.449999809265137,0
2022-11-02,9.479999542236328,9.479999542236328,9.479999542236328,9.479999542236328,0
2022-11-03,9.460000038146973,9.460000038146973,9.460000038146973,9.460000038146973,0
2022-11-04,9.460000038146973,9.460000038146973,9.460000038146973,9.460000038146973,0
2022-11-07,9.449999809265137,9.449999809265137,9.449999809265137,9.449999809265137,0
2022-11-08,9.489999771118164,9.489999771118164,9.489999771118164,9.489999771118164,0
2022-11-09,9.489999771118164,9.489999771118164,9.489999771118164,9.489999771118164,0
2022-11-10,9.619999885559082,9.619999885559082,9.619999885559082,9.619999885559082,0
2022-11-11,9.630000114440918,9.630000114440918,9.630000114440918,9.630000114440918,0
2022-11-14,9.640000343322754,9.640000343322754,9.640000343322754,9.640000343322754,0
2022-11-15,9.6899995803833,9.6899995803833,9.6899995803833,9.6899995803833,0
2022-11-16,9.770000457763672,9.770000457763672,9.770000457763672,9.770000457763672,0
2022-11-17,9.819999694824219,9.819999694824219,9.819999694824219,9.819999694824219,0
2022-11-18,9.819999694824219,9.819999694824219,9.819999694824219,9.819999694824219,0
2022-11-21,9.819999694824219,9.819999694824219,9.819999694824219,9.819999694824219,0
2022-11-22,9.84000015258789,9.84000015258789,9.84000015258789,9.84000015258789,0
2022-11-23,9.859999656677246,9.859999656677246,9.859999656677246,9.859999656677246,0
2022-11-25,9.859999656677246,9.859999656677246,9.859999656677246,9.859999656677246,0
2022-11-28,9.880000114440918,9.880000114440918,9.880000114440918,9.880000114440918,0
2022-11-29,9.920000076293945,9.920000076293945,9.920000076293945,9.920000076293945,0
2022-11-30,9.9399995803833,9.9399995803833,9.9399995803833,9.9399995803833,0
2022-12-01,9.979999542236328,9.979999542236328,9.979999542236328,9.979999542236328,0
2022-12-02,9.979999542236328,9.979999542236328,9.979999542236328,9.979999542236328,0
2022-12-05,9.989999771118164,9.989999771118164,9.989999771118164,9.989999771118164,0
2022-12-06,9.989999771118164,9.989999771118164,9.989999771118164,9.989999771118164,0
2022-12-07,10.010000228881836,10.010000228881836,10.010000228881836,10.010000228881836,0
2022-12-08,10.0,10.0,10.0,10.0,0
2022-12-09,9.989999771118164,9.989999771118164,9.989999771118164,9.989999771118164,0
2022-12-12,9.989999771118164,9.989999771118164,9.989999771118164,9.989999771118164,0
2022-12-13,10.020000457763672,10.020000457763672,10.020000457763672,10.020000457763672,0
2022-12-14,10.020000457763672,10.020000457763672,10.020000457763672,10.020000457763672,0
2022-12-15,10.020000457763672,10.020000457763672,10.020000457763672,10.020000457763672,0
2022-12-16,10.020000457763672,10.020000457763672,10.020000457763672,10.020000457763672,0
2022-12-19,9.979999542236328,9.979999542236328,9.979999542236328,9.979999542236328,0
2022-12-20,9.9399995803833,9.9399995803833,9.9399995803833,9.9399995803833,0
2022-12-21,9.930000305175781,9.930000305175781,9.930000305175781,9.930000305175781,0
2022-12-22,9.930000305175781,9.930000305175781,9.930000305175781,9.930000305175781,0
2022-12-23,9.920000076293945,9.920000076293945,9.920000076293945,9.920000076293945,0
2022-12-27,9.899999618530273,9.899999618530273,9.899999618530273,9.899999618530273,0
2022-12-28,9.880000114440918,9.880000114440918,9.880000114440918,9.880000114440918,0
2022-12-29,9.880000114440918,9.880000114440918,9.880000114440918,9.880000114440918,0
2022-12-30,9.880000114440918,9.880000114440918,9.880000114440918,9.880000114440918,0
2023-01-03,9.90999984741211,9.90999984741211,9.90999984741211,9.90999984741211,0
2023-01-04,9.970000267028809,9.970000267028809,9.970000267028809,9.970000267028809,0
2023-01-05,9.970000267028809,9.970000267028809,9.970000267028809,9.970000267028809,0
2023-01-06,10.020000457763672,10.020000457763672,10.020000457763672,10.020000457763672,0
2023-01-09,10.050000190734863,10.050000190734863,10.050000190734863,10.050000190734863,0
2023-01-10,10.0600004196167,10.0600004196167,10.0600004196167,10.0600004196167,0
2023-01-11,10.09000015258789,10.09000015258789,10.09000015258789,10.09000015258789,0
2023-01-12,10.119999885559082,10.119999885559082,10.119999885559082,10.119999885559082,0
2023-01-13,10.149999618530273,10.149999618530273,10.149999618530273,10.149999618530273,0
2023-01-17,10.170000076293945,10.170000076293945,10.170000076293945,10.170000076293945,0
2023-01-18,10.210000038146973,10.210000038146973,10.210000038146973,10.210000038146973,0
2023-01-19,10.239999771118164,10.239999771118164,10.239999771118164,10.239999771118164,0
2023-01-20,10.229999542236328,10.229999542236328,10.229999542236328,10.229999542236328,0
2023-01-23,10.199999809265137,10.199999809265137,10.199999809265137,10.199999809265137,0
2023-01-24,10.199999809265137,10.199999809265137,10.199999809265137,10.199999809265137,0
2023-01-25,10.199999809265137,10.199999809265137,10.199999809265137,10.199999809265137,0
2023-01-26,10.199999809265137,10.199999809265137,10.199999809265137,10.199999809265137,0
2023-01-27,10.199999809265137,10.199999809265137,10.199999809265137,10.199999809265137,0
2023-01-30,10.1899995803833,10.1899995803833,10.1899995803833,10.1899995803833,0
2023-01-31,10.1899995803833,10.1899995803833,10.1899995803833,10.1899995803833,0
2023-02-01,10.199999809265137,10.199999809265137,10.199999809265137,10.199999809265137,0
2023-02-02,10.239999771118164,10.239999771118164,10.239999771118164,10.239999771118164,0
2023-02-03,10.210000038146973,10.210000038146973,10.210000038146973,10.210000038146973,0
2023-02-06,10.180000305175781,10.180000305175781,10.180000305175781,10.180000305175781,0
2023-02-07,10.15999984741211,10.15999984741211,10.15999984741211,10.15999984741211,0
2023-02-08,10.140000343322754,10.140000343322754,10.140000343322754,10.140000343322754,0
2023-02-09,10.149999618530273,10.149999618530273,10.149999618530273,10.149999618530273,0
2023-02-10,10.130000114440918,10.130000114440918,10.130000114440918,10.130000114440918,0
2023-02-13,10.109999656677246,10.109999656677246,10.109999656677246,10.109999656677246,0
2023-02-14,10.100000381469727,10.100000381469727,10.100000381469727,10.100000381469727,0
2023-02-15,10.050000190734863,10.050000190734863,10.050000190734863,10.050000190734863,0
2023-02-16,9.989999771118164,9.989999771118164,9.989999771118164,9.989999771118164,0
2023-02-17,9.949999809265137,9.949999809265137,9.949999809265137,9.949999809265137,0
2023-02-21,9.899999618530273,9.899999618530273,9.899999618530273,9.899999618530273,0
2023-02-22,9.899999618530273,9.899999618530273,9.899999618530273,9.899999618530273,0
2023-02-23,9.920000076293945,9.920000076293945,9.920000076293945,9.920000076293945,0
2023-02-24,9.899999618530273,9.899999618530273,9.899999618530273,9.899999618530273,0
2023-02-27,9.90999984741211,9.90999984741211,9.90999984741211,9.90999984741211,0
2023-02-28,9.90999984741211,9.90999984741211,9.90999984741211,9.90999984741211,0
2023-03-01,9.890000343322754,9.890000343322754,9.890000343322754,9.890000343322754,0
2023-03-02,9.869999885559082,9.869999885559082,9.869999885559082,9.869999885559082,0
2023-03-03,9.869999885559082,9.869999885559082,9.869999885559082,9.869999885559082,0
2023-03-06,9.880000114440918,9.880000114440918,9.880000114440918,9.880000114440918,0
2023-03-07,9.899999618530273,9.899999618530273,9.899999618530273,9.899999618530273,0
2023-03-08,9.899999618530273,9.899999618530273,9.899999618530273,9.899999618530273,0
2023-03-09,9.90999984741211,9.90999984741211,9.90999984741211,9.90999984741211,0
2023-03-10,9.970000267028809,9.970000267028809,9.970000267028809,9.970000267028809,0
2023-03-13,10.020000457763672,10.020000457763672,10.020000457763672,10.020000457763672,0
2023-03-14,10.010000228881836,10.010000228881836,10.010000228881836,10.010000228881836,0
2023-03-15,10.029999732971191,10.029999732971191,10.029999732971191,10.029999732971191,0
2023-03-16,10.039999961853027,10.039999961853027,10.039999961853027,10.039999961853027,0
2023-03-17,10.050000190734863,10.050000190734863,10.050000190734863,10.050000190734863,0
2023-03-20,10.039999961853027,10.039999961853027,10.039999961853027,10.039999961853027,0
2023-03-21,10.010000228881836,10.010000228881836,10.010000228881836,10.010000228881836,0
2023-03-22,10.020000457763672,10.020000457763672,10.020000457763672,10.020000457763672,0
2023-03-23,10.050000190734863,10.050000190734863,10.050000190734863,10.050000190734863,0
2023-03-24,10.09000015258789,10.09000015258789,10.09000015258789,10.09000015258789,0
2023-03-27,10.09000015258789,10.09000015258789,10.09000015258789,10.09000015258789,0
2023-03-28,10.079999923706055,10.079999923706055,10.079999923706055,10.079999923706055,0
2023-03-29,10.079999923706055,10.079999923706055,10.079999923706055,10.079999923706055,0
2023-03-30,10.09000015258789,10.09000015258789,10.09000015258789,10.09000015258789,0
2023-03-31,10.100000381469727,10.100000381469727,10.100000381469727,10.100000381469727,0
2023-04-03,10.109999656677246,10.109999656677246,10.109999656677246,10.109999656677246,0
2023-04-04,10.140000343322754,10.140000343322754,10.140000343322754,10.140000343322754,0
2023-04-05,10.180000305175781,10.180000305175781,10.180000305175781,10.180000305175781,0
2023-04-06,10.199999809265137,10.199999809265137,10.199999809265137,10.199999809265137,0
2023-04-10,10.210000038146973,10.210000038146973,10.210000038146973,10.210000038146973,0
2023-04-11,10.210000038146973,10.210000038146973,10.210000038146973,10.210000038146973,0
2023-04-12,10.229999542236328,10.229999542236328,10.229999542236328,10.229999542236328,0
2023-04-13,10.220000267028809,10.220000267028809,10.220000267028809,10.220000267028809,0
2023-04-14,10.1899995803833,10.1899995803833,10.1899995803833,10.1899995803833,0
2023-04-17,10.149999618530273,10.149999618530273,10.149999618530273,10.149999618530273,0
2023-04-18,10.069999694824219,10.069999694824219,10.069999694824219,10.069999694824219,0
2023-04-19,10.029999732971191,10.029999732971191,10.029999732971191,10.029999732971191,0
2023-04-20,10.039999961853027,10.039999961853027,10.039999961853027,10.039999961853027,0
2023-04-21,10.039999961853027,10.039999961853027,10.039999961853027,10.039999961853027,0
2023-04-24,10.050000190734863,10.050000190734863,10.050000190734863,10.050000190734863,0
2023-04-25,10.079999923706055,10.079999923706055,10.079999923706055,10.079999923706055,0
2023-04-26,10.079999923706055,10.079999923706055,10.079999923706055,10.079999923706055,0
2023-04-27,10.0600004196167,10.0600004196167,10.0600004196167,10.0600004196167,0
2023-04-28,10.069999694824219,10.069999694824219,10.069999694824219,10.069999694824219,0
2023-05-01,10.050000190734863,10.050000190734863,10.050000190734863,10.050000190734863,0
2023-05-02,10.0600004196167,10.0600004196167,10.0600004196167,10.0600004196167,0
2023-05-03,10.079999923706055,10.079999923706055,10.079999923706055,10.079999923706055,0
2023-05-04,10.100000381469727,10.100000381469727,10.100000381469727,10.100000381469727,0
2023-05-05,10.109999656677246,10.109999656677246,10.109999656677246,10.109999656677246,0
2023-05-08,10.109999656677246,10.109999656677246,10.109999656677246,10.109999656677246,0
2023-05-09,10.100000381469727,10.100000381469727,10.100000381469727,10.100000381469727,0
2023-05-10,10.100000381469727,10.100000381469727,10.100000381469727,10.100000381469727,0
2023-05-11,10.109999656677246,10.109999656677246,10.109999656677246,10.109999656677246,0
2023-05-12,10.100000381469727,10.100000381469727,10.100000381469727,10.100000381469727,0
2023-05-15,10.100000381469727,10.100000381469727,10.100000381469727,10.100000381469727,0
2023-05-16,10.069999694824219,10.069999694824219,10.069999694824219,10.069999694824219,0
2023-05-17,10.050000190734863,10.050000190734863,10.050000190734863,10.050000190734863,0
2023-05-18,9.989999771118164,9.989999771118164,9.989999771118164,9.989999771118164,0
2023-05-19,9.9399995803833,9.9399995803833,9.9399995803833,9.9399995803833,0
2023-05-22,9.920000076293945,9.920000076293945,9.920000076293945,9.920000076293945,0
2023-05-23,9.859999656677246,9.859999656677246,9.859999656677246,9.859999656677246,0
2023-05-24,9.880000114440918,9.880000114440918,9.880000114440918,9.880000114440918,0
2023-05-25,9.880000114440918,9.880000114440918,9.880000114440918,9.880000114440918,0
2023-05-26,9.880000114440918,9.880000114440918,9.880000114440918,9.880000114440918,0
2023-05-30,9.930000305175781,9.930000305175781,9.930000305175781,9.930000305175781,0
2023-05-31,9.960000038146973,9.960000038146973,9.960000038146973,9.960000038146973,0
2023-06-01,10.0,10.0,10.0,10.0,0
2023-06-02,10.0,10.0,10.0,10.0,0
2023-06-05,10.0,10.0,10.0,10.0,0
2023-06-06,10.0,10.0,10.0,10.0,0
2023-06-07,9.989999771118164,9.989999771118164,9.989999771118164,9.989999771118164,0
2023-06-08,9.989999771118164,9.989999771118164,9.989999771118164,9.989999771118164,0
2023-06-09,10.0,10.0,10.0,10.0,0
2023-06-12,10.0,10.0,10.0,10.0,0
2023-06-13,10.0,10.0,10.0,10.0,0
2023-06-14,10.010000228881836,10.010000228881836,10.010000228881836,10.010000228881836,0
2023-06-15,10.010000228881836,10.010000228881836,10.010000228881836,10.010000228881836,0
2023-06-16,10.020000457763672,10.020000457763672,10.020000457763672,10.020000457763672,0
2023-06-20,10.029999732971191,10.029999732971191,10.029999732971191,10.029999732971191,0
2023-06-21,10.029999732971191,10.029999732971191,10.029999732971191,10.029999732971191,0
2023-06-22,10.029999732971191,10.029999732971191,10.029999732971191,10.029999732971191,0
2023-06-23,10.039999961853027,10.039999961853027,10.039999961853027,10.039999961853027,0
2023-06-26,10.039999961853027,10.039999961853027,10.039999961853027,10.039999961853027,0
2023-06-27,10.039999961853027,10.039999961853027,10.039999961853027,10.039999961853027,0
2023-06-28,10.050000190734863,10.050000190734863,10.050000190734863,10.050000190734863,0
2023-06-29,10.020000457763672,10.020000457763672,10.020000457763672,10.020000457763672,0
2023-06-30,10.020000457763672,10.020000457763672,10.020000457763672,10.020000457763672,0
2023-07-03,10.020000457763672,10.020000457763672,10.020000457763672,10.020000457763672,0
2023-07-05,10.020000457763672,10.020000457763672,10.020000457763672,10.020000457763672,0
2023-07-06,9.979999542236328,9.979999542236328,9.979999542236328,9.979999542236328,0
2023-07-07,9.960000038146973,9.960000038146973,9.960000038146973,9.960000038146973,0
2023-07-10,9.970000267028809,9.970000267028809,9.970000267028809,9.970000267028809,0
2023-07-11,9.970000267028809,9.970000267028809,9.970000267028809,9.970000267028809,0
2023-07-12,9.979999542236328,9.979999542236328,9.979999542236328,9.979999542236328,0
2023-07-13,10.020000457763672,10.020000457763672,10.020000457763672,10.020000457763672,0
2023-07-14,10.029999732971191,10.029999732971191,10.029999732971191,10.029999732971191,0
2023-07-17,10.029999732971191,10.029999732971191,10.029999732971191,10.029999732971191,0
2023-07-18,10.0600004196167,10.0600004196167,10.0600004196167,10.0600004196167,0
2023-07-19,10.079999923706055,10.079999923706055,10.079999923706055,10.079999923706055,0
2023-07-20,10.069999694824219,10.069999694824219,10.069999694824219,10.069999694824219,0
2023-07-21,10.079999923706055,10.079999923706055,10.079999923706055,10.079999923706055,0
2023-07-24,10.09000015258789,10.09000015258789,10.09000015258789,10.09000015258789,0
2023-07-25,10.079999923706055,10.079999923706055,10.079999923706055,10.079999923706055,0
2023-07-26,10.079999923706055,10.079999923706055,10.079999923706055,10.079999923706055,0
2023-07-27,10.039999961853027,10.039999961853027,10.039999961853027,10.039999961853027,0
2023-07-28,10.020000457763672,10.020000457763672,10.020000457763672,10.020000457763672,0
2023-07-31,10.020000457763672,10.020000457763672,10.020000457763672,10.020000457763672,0
2023-08-01,9.989999771118164,9.989999771118164,9.989999771118164,9.989999771118164,0
2023-08-02,9.949999809265137,9.949999809265137,9.949999809265137,9.949999809265137,0
2023-08-03,9.880000114440918,9.880000114440918,9.880000114440918,9.880000114440918,0
2023-08-04,9.890000343322754,9.890000343322754,9.890000343322754,9.890000343322754,0
2023-08-07,9.880000114440918,9.880000114440918,9.880000114440918,9.880000114440918,0
2023-08-08,9.920000076293945,9.920000076293945,9.920000076293945,9.920000076293945,0
2023-08-09,9.9399995803833,9.9399995803833,9.9399995803833,9.9399995803833,0
2023-08-10,9.949999809265137,9.949999809265137,9.949999809265137,9.949999809265137,0
2023-08-11,9.9399995803833,9.9399995803833,9.9399995803833,9.9399995803833,0
2023-08-14,9.9399995803833,9.9399995803833,9.9399995803833,9.9399995803833,0
2023-08-15,9.920000076293945,9.920000076293945,9.920000076293945,9.920000076293945,0
2023-08-16,9.90999984741211,9.90999984741211,9.90999984741211,9.90999984741211,0
2023-08-17,9.850000381469727,9.850000381469727,9.850000381469727,9.850000381469727,0
2023-08-18,9.829999923706055,9.829999923706055,9.829999923706055,9.829999923706055,0
2023-08-21,9.819999694824219,9.819999694824219,9.819999694824219,9.819999694824219,0
2023-08-22,9.789999961853027,9.789999961853027,9.789999961853027,9.789999961853027,0
2023-08-23,9.800000190734863,9.800000190734863,9.800000190734863,9.800000190734863,0
2023-08-24,9.800000190734863,9.800000190734863,9.800000190734863,9.800000190734863,0
2023-08-25,9.800000190734863,9.800000190734863,9.800000190734863,9.800000190734863,0
2023-08-28,9.8100004196167,9.8100004196167,9.8100004196167,9.8100004196167,0
2023-08-29,9.819999694824219,9.819999694824219,9.819999694824219,9.819999694824219,0
2023-08-30,9.84000015258789,9.84000015258789,9.84000015258789,9.84000015258789,0
2023-08-31,9.859999656677246,9.859999656677246,9.859999656677246,9.859999656677246,0
2023-09-01,9.859999656677246,9.859999656677246,9.859999656677246,9.859999656677246,0
2023-09-05,9.850000381469727,9.850000381469727,9.850000381469727,9.850000381469727,0
2023-09-06,9.84000015258789,9.84000015258789,9.84000015258789,9.84000015258789,0
2023-09-07,9.8100004196167,9.8100004196167,9.8100004196167,9.8100004196167,0
2023-09-08,9.819999694824219,9.819999694824219,9.819999694824219,9.819999694824219,0
2023-09-11,9.819999694824219,9.819999694824219,9.819999694824219,9.819999694824219,0
2023-09-12,9.8100004196167,9.8100004196167,9.8100004196167,9.8100004196167,0
2023-09-13,9.8100004196167,9.8100004196167,9.8100004196167,9.8100004196167,0
2023-09-14,9.800000190734863,9.800000190734863,9.800000190734863,9.800000190734863,0
2023-09-15,9.800000190734863,9.800000190734863,9.800000190734863,9.800000190734863,0
2023-09-18,9.789999961853027,9.789999961853027,9.789999961853027,9.789999961853027,0
2023-09-19,9.779999732971191,9.779999732971191,9.779999732971191,9.779999732971191,0
2023-09-20,9.779999732971191,9.779999732971191,9.779999732971191,9.779999732971191,0
2023-09-21,9.699999809265137,9.699999809265137,9.699999809265137,9.699999809265137,0
2023-09-22,9.6899995803833,9.6899995803833,9.6899995803833,9.6899995803833,0
2023-09-25,9.609999656677246,9.609999656677246,9.609999656677246,9.609999656677246,0
2023-09-26,9.59000015258789,9.59000015258789,9.59000015258789,9.59000015258789,0
2023-09-27,9.569999694824219,9.569999694824219,9.569999694824219,9.569999694824219,0
2023-09-28,9.5,9.5,9.5,9.5,0
2023-09-29,9.529999732971191,9.529999732971191,9.529999732971191,9.529999732971191,0
2023-10-02,9.5,9.5,9.5,9.5,0
2023-10-03,9.460000038146973,9.460000038146973,9.460000038146973,9.460000038146973,0
2023-10-04,9.460000038146973,9.460000038146973,9.460000038146973,9.460000038146973,0
2023-10-05,9.470000267028809,9.470000267028809,9.470000267028809,9.470000267028809,0
2023-10-06,9.430000305175781,9.430000305175781,9.430000305175781,9.430000305175781,0
2023-10-09,9.460000038146973,9.460000038146973,9.460000038146973,9.460000038146973,0
2023-10-10,9.489999771118164,9.489999771118164,9.489999771118164,9.489999771118164,0
2023-10-11,9.59000015258789,9.59000015258789,9.59000015258789,9.59000015258789,0
2023-10-12,9.569999694824219,9.569999694824219,9.569999694824219,9.569999694824219,0
2023-10-13,9.569999694824219,9.569999694824219,9.569999694824219,9.569999694824219,0
2023-10-16,9.520000457763672,9.520000457763672,9.520000457763672,9.520000457763672,0
2023-10-17,9.4399995803833,9.4399995803833,9.4399995803833,9.4399995803833,0
2023-10-18,9.40999984741211,9.40999984741211,9.40999984741211,9.40999984741211,0
2023-10-19,9.359999656677246,9.359999656677246,9.359999656677246,9.359999656677246,0
2023-10-20,9.369999885559082,9.369999885559082,9.369999885559082,9.369999885559082,0
2023-10-23,9.359999656677246,9.359999656677246,9.359999656677246,9.359999656677246,0
2023-10-24,9.369999885559082,9.369999885559082,9.369999885559082,9.369999885559082,0
2023-10-25,9.359999656677246,9.359999656677246,9.359999656677246,9.359999656677246,0
2023-10-26,9.359999656677246,9.359999656677246,9.359999656677246,9.359999656677246,0
2023-10-27,9.359999656677246,9.359999656677246,9.359999656677246,9.359999656677246,0
2023-10-30,9.34000015258789,9.34000015258789,9.34000015258789,9.34000015258789,0
2023-10-31,9.350000381469727,9.350000381469727,9.350000381469727,9.350000381469727,0
2023-11-01,9.359999656677246,9.359999656677246,9.359999656677246,9.359999656677246,0
2023-11-02,9.460000038146973,9.460000038146973,9.460000038146973,9.460000038146973,0
2023-11-03,9.5600004196167,9.5600004196167,9.5600004196167,9.5600004196167,0
2023-11-06,9.5600004196167,9.5600004196167,9.5600004196167,9.5600004196167,0
2023-11-07,9.59000015258789,9.59000015258789,9.59000015258789,9.59000015258789,0
2023-11-08,9.640000343322754,9.640000343322754,9.640000343322754,9.640000343322754,0
2023-11-09,9.649999618530273,9.649999618530273,9.649999618530273,9.649999618530273,0
2023-11-10,9.649999618530273,9.649999618530273,9.649999618530273,9.649999618530273,0
2023-11-13,9.649999618530273,9.649999618530273,9.649999618530273,9.649999618530273,0
2023-11-14,9.729999542236328,9.729999542236328,9.729999542236328,9.729999542236328,0
2023-11-15,9.729999542236328,9.729999542236328,9.729999542236328,9.729999542236328,0
2023-11-16,9.760000228881836,9.760000228881836,9.760000228881836,9.760000228881836,0
2023-11-17,9.779999732971191,9.779999732971191,9.779999732971191,9.779999732971191,0
2023-11-20,9.800000190734863,9.800000190734863,9.800000190734863,9.800000190734863,0
2023-11-21,9.829999923706055,9.829999923706055,9.829999923706055,9.829999923706055,0
2023-11-22,9.850000381469727,9.850000381469727,9.850000381469727,9.850000381469727,0
2023-11-24,9.850000381469727,9.850000381469727,9.850000381469727,9.850000381469727,0
2023-11-27,9.869999885559082,9.869999885559082,9.869999885559082,9.869999885559082,0
2023-11-28,9.899999618530273,9.899999618530273,9.899999618530273,9.899999618530273,0
2023-11-29,9.970000267028809,9.970000267028809,9.970000267028809,9.970000267028809,0
2023-11-30,10.0,10.0,10.0,10.0,0
2023-12-01,10.029999732971191,10.029999732971191,10.029999732971191,10.029999732971191,0
2023-12-04,10.020000457763672,10.020000457763672,10.020000457763672,10.020000457763672,0
2023-12-05,10.039999961853027,10.039999961853027,10.039999961853027,10.039999961853027,0
2023-12-06,10.069999694824219,10.069999694824219,10.069999694824219,10.069999694824219,0
2023-12-07,10.079999923706055,10.079999923706055,10.079999923706055,10.079999923706055,0
2023-12-08,10.079999923706055,10.079999923706055,10.079999923706055,10.079999923706055,0
2023-12-11,10.0600004196167,10.0600004196167,10.0600004196167,10.0600004196167,0
2023-12-12,10.0600004196167,10.0600004196167,10.0600004196167,10.0600004196167,0
2023-12-13,10.100000381469727,10.100000381469727,10.100000381469727,10.100000381469727,0
2023-12-14,10.199999809265137,10.199999809265137,10.199999809265137,10.199999809265137,0
2023-12-15,10.210000038146973,10.210000038146973,10.210000038146973,10.210000038146973,0
2023-12-18,10.220000267028809,10.220000267028809,10.220000267028809,10.220000267028809,0
2023-12-19,10.220000267028809,10.220000267028809,10.220000267028809,10.220000267028809,0
2023-12-20,10.239999771118164,10.239999771118164,10.239999771118164,10.239999771118164,0
2023-12-21,10.239999771118164,10.239999771118164,10.239999771118164,10.239999771118164,0
2023-12-22,10.239999771118164,10.239999771118164,10.239999771118164,10.239999771118164,0
2023-12-26,10.239999771118164,10.239999771118164,10.239999771118164,10.239999771118164,0
2023-12-27,10.260000228881836,10.260000228881836,10.260000228881836,10.260000228881836,0
2023-12-28,10.260000228881836,10.260000228881836,10.260000228881836,10.260000228881836,0
2023-12-29,10.260000228881836,10.260000228881836,10.260000228881836,10.260000228881836,0
2024-01-02,10.260000228881836,10.260000228881836,10.260000228881836,10.260000228881836,0
2024-01-03,10.260000228881836,10.260000228881836,10.260000228881836,10.260000228881836,0
2024-01-04,10.260000228881836,10.260000228881836,10.260000228881836,10.260000228881836,0
2024-01-05,10.260000228881836,10.260000228881836,10.260000228881836,10.260000228881836,0
2024-01-08,10.260000228881836,10.260000228881836,10.260000228881836,10.260000228881836,0
2024-01-09,10.25,10.25,10.25,10.25,0
2024-01-10,10.239999771118164,10.239999771118164,10.239999771118164,10.239999771118164,0
2024-01-11,10.239999771118164,10.239999771118164,10.239999771118164,10.239999771118164,0
2024-01-12,10.25,10.25,10.25,10.25,0
2024-01-16,10.229999542236328,10.229999542236328,10.229999542236328,10.229999542236328,0
2024-01-17,10.1899995803833,10.1899995803833,10.1899995803833,10.1899995803833,0
2024-01-18,10.15999984741211,10.15999984741211,10.15999984741211,10.15999984741211,0
2024-01-19,10.130000114440918,10.130000114440918,10.130000114440918,10.130000114440918,0
2024-01-22,10.130000114440918,10.130000114440918,10.130000114440918,10.130000114440918,0
2024-01-23,10.119999885559082,10.119999885559082,10.119999885559082,10.119999885559082,0
2024-01-24,10.109999656677246,10.109999656677246,10.109999656677246,10.109999656677246,0
2024-01-25,10.119999885559082,10.119999885559082,10.119999885559082,10.119999885559082,0
2024-01-26,10.119999885559082,10.119999885559082,10.119999885559082,10.119999885559082,0
2024-01-29,10.149999618530273,10.149999618530273,10.149999618530273,10.149999618530273,0
2024-01-30,10.170000076293945,10.170000076293945,10.170000076293945,10.170000076293945,0
2024-01-31,10.210000038146973,10.210000038146973,10.210000038146973,10.210000038146973,0
2024-02-01,10.270000457763672,10.270000457763672,10.270000457763672,10.270000457763672,0
2024-02-02,10.229999542236328,10.229999542236328,10.229999542236328,10.229999542236328,0
2024-02-05,10.15999984741211,10.15999984741211,10.15999984741211,10.15999984741211,0
2024-02-06,10.15999984741211,10.15999984741211,10.15999984741211,10.15999984741211,0
2024-02-07,10.170000076293945,10.170000076293945,10.170000076293945,10.170000076293945,0
2024-02-08,10.180000305175781,10.180000305175781,10.180000305175781,10.180000305175781,0
2024-02-09,10.180000305175781,10.180000305175781,10.180000305175781,10.180000305175781,0
2024-02-12,10.180000305175781,10.180000305175781,10.180000305175781,10.180000305175781,0
2024-02-13,10.149999618530273,10.149999618530273,10.149999618530273,10.149999618530273,0
2024-02-14,10.149999618530273,10.149999618530273,10.149999618530273,10.149999618530273,0
2024-02-15,10.170000076293945,10.170000076293945,10.170000076293945,10.170000076293945,0
2024-02-16,10.170000076293945,10.170000076293945,10.170000076293945,10.170000076293945,0
2024-02-20,10.170000076293945,10.170000076293945,10.170000076293945,10.170000076293945,0
2024-02-21,10.170000076293945,10.170000076293945,10.170000076293945,10.170000076293945,0
2024-02-22,10.15999984741211,10.15999984741211,10.15999984741211,10.15999984741211,0
2024-02-23,10.170000076293945,10.170000076293945,10.170000076293945,10.170000076293945,0
2024-02-26,10.170000076293945,10.170000076293945,10.170000076293945,10.170000076293945,0
2024-02-27,10.170000076293945,10.170000076293945,10.170000076293945,10.170000076293945,0
2024-02-28,10.180000305175781,10.180000305175781,10.180000305175781,10.180000305175781,0
2024-02-29,10.180000305175781,10.180000305175781,10.180000305175781,10.180000305175781,0
2024-03-01,10.1899995803833,10.1899995803833,10.1899995803833,10.1899995803833,0
2024-03-04,10.1899995803833,10.1899995803833,10.1899995803833,10.1899995803833,0
2024-03-05,10.210000038146973,10.210000038146973,10.210000038146973,10.210000038146973,0
2024-03-06,10.210000038146973,10.210000038146973,10.210000038146973,10.210000038146973,0
2024-03-07,10.229999542236328,10.229999542236328,10.229999542236328,10.229999542236328,0
2024-03-08,10.229999542236328,10.229999542236328,10.229999542236328,10.229999542236328,0
2024-03-11,10.239999771118164,10.239999771118164,10.239999771118164,10.239999771118164,0
2024-03-12,10.239999771118164,10.239999771118164,10.239999771118164,10.239999771118164,0
2024-03-13,10.239999771118164,10.239999771118164,10.239999771118164,10.239999771118164,0
2024-03-14,10.210000038146973,10.210000038146973,10.210000038146973,10.210000038146973,0
2024-03-15,10.199999809265137,10.199999809265137,10.199999809265137,10.199999809265137,0
2024-03-18,10.199999809265137,10.199999809265137,10.199999809265137,10.199999809265137,0
2024-03-19,10.199999809265137,10.199999809265137,10.199999809265137,10.199999809265137,0
2024-03-20,10.1899995803833,10.1899995803833,10.1899995803833,10.1899995803833,0
2024-03-21,10.1899995803833,10.1899995803833,10.1899995803833,10.1899995803833,0
2024-03-22,10.1899995803833,10.1899995803833,10.1899995803833,10.1899995803833,0
2024-03-25,10.1899995803833,10.1899995803833,10.1899995803833,10.1899995803833,0
2024-03-26,10.170000076293945,10.170000076293945,10.170000076293945,10.170000076293945,0
2024-03-27,10.15999984741211,10.15999984741211,10.15999984741211,10.15999984741211,0
2024-03-28,10.15999984741211,10.15999984741211,10.15999984741211,10.15999984741211,0
2024-04-01,10.15999984741211,10.15999984741211,10.15999984741211,10.15999984741211,0
2024-04-02,10.079999923706055,10.079999923706055,10.079999923706055,10.079999923706055,0
2024-04-03,10.0600004196167,10.0600004196167,10.0600004196167,10.0600004196167,0
2024-04-04,10.079999923706055,10.079999923706055,10.079999923706055,10.079999923706055,0
2024-04-05,10.069999694824219,10.069999694824219,10.069999694824219,10.069999694824219,0
2024-04-08,10.050000190734863,10.050000190734863,10.050000190734863,10.050000190734863,0
2024-04-09,10.069999694824219,10.069999694824219,10.069999694824219,10.069999694824219,0
2024-04-10,10.029999732971191,10.029999732971191,10.029999732971191,10.029999732971191,0
2024-04-11,10.029999732971191,10.029999732971191,10.029999732971191,10.029999732971191,0
2024-04-12,10.0600004196167,10.0600004196167,10.0600004196167,10.0600004196167,0
2024-04-15,10.050000190734863,10.050000190734863,10.050000190734863,10.050000190734863,0
2024-04-16,10.020000457763672,10.020000457763672,10.020000457763672,10.020000457763672,0
2024-04-17,10.020000457763672,10.020000457763672,10.020000457763672,10.020000457763672,0
2024-04-18,10.020000457763672,10.020000457763672,10.020000457763672,10.020000457763672,0
2024-04-19,10.029999732971191,10.029999732971191,10.029999732971191,10.029999732971191,0
2024-04-22,10.029999732971191,10.029999732971191,10.029999732971191,10.029999732971191,0
2024-04-23,10.029999732971191,10.029999732971191,10.029999732971191,10.029999732971191,0
2024-04-24,10.029999732971191,10.029999732971191,10.029999732971191,10.029999732971191,0
2024-04-25,9.989999771118164,9.989999771118164,9.989999771118164,9.989999771118164,0
2024-04-26,9.989999771118164,9.989999771118164,9.989999771118164,9.989999771118164,0
2024-04-29,10.010000228881836,10.010000228881836,10.010000228881836,10.010000228881836,0
2024-04-30,10.0,10.0,10.0,10.0,0
2024-05-01,10.020000457763672,10.020000457763672,10.020000457763672,10.020000457763672,0
2024-05-02,10.020000457763672,10.020000457763672,10.020000457763672,10.020000457763672,0
2024-05-03,10.0600004196167,10.0600004196167,10.0600004196167,10.0600004196167,0
2024-05-06,10.079999923706055,10.079999923706055,10.079999923706055,10.079999923706055,0
2024-05-07,10.119999885559082,10.119999885559082,10.119999885559082,10.119999885559082,0
2024-05-08,10.130000114440918,10.130000114440918,10.130000114440918,10.130000114440918,0
2024-05-09,10.130000114440918,10.130000114440918,10.130000114440918,10.130000114440918,0
2024-05-10,10.119999885559082,10.119999885559082,10.119999885559082,10.119999885559082,0
2024-05-13,10.130000114440918,10.130000114440918,10.130000114440918,10.130000114440918,0
2024-05-14,10.130000114440918,10.130000114440918,10.130000114440918,10.130000114440918,0
2024-05-15,10.149999618530273,10.149999618530273,10.149999618530273,10.149999618530273,0
2024-05-16,10.140000343322754,10.140000343322754,10.140000343322754,10.140000343322754,0
2024-05-17,10.130000114440918,10.130000114440918,10.130000114440918,10.130000114440918,0
2024-05-20,10.109999656677246,10.109999656677246,10.109999656677246,10.109999656677246,0
2024-05-21,10.09000015258789,10.09000015258789,10.09000015258789,10.09000015258789,0
2024-05-22,10.0600004196167,10.0600004196167,10.0600004196167,10.0600004196167,0
2024-05-23,10.029999732971191,10.029999732971191,10.029999732971191,10.029999732971191,0
2024-05-24,10.020000457763672,10.020000457763672,10.020000457763672,10.020000457763672,0
2024-05-28,10.010000228881836,10.010000228881836,10.010000228881836,10.010000228881836,0
2024-05-29,9.970000267028809,9.970000267028809,9.970000267028809,9.970000267028809,0
2024-05-30,9.960000038146973,9.960000038146973,9.960000038146973,9.960000038146973,0
2024-05-31,9.970000267028809,9.970000267028809,9.970000267028809,9.970000267028809,0
2024-06-03,10.0,10.0,10.0,10.0,0
2024-06-04,10.020000457763672,10.020000457763672,10.020000457763672,10.020000457763672,0
2024-06-05,10.0600004196167,10.0600004196167,10.0600004196167,10.0600004196167,0
2024-06-06,10.109999656677246,10.109999656677246,10.109999656677246,10.109999656677246,0
2024-06-07,10.069999694824219,10.069999694824219,10.069999694824219,10.069999694824219,0
2024-06-10,10.0600004196167,10.0600004196167,10.0600004196167,10.0600004196167,0
2024-06-11,10.0600004196167,10.0600004196167,10.0600004196167,10.0600004196167,0
2024-06-12,10.130000114440918,10.130000114440918,10.130000114440918,10.130000114440918,0
2024-06-13,10.149999618530273,10.149999618530273,10.149999618530273,10.149999618530273,0
2024-06-14,10.170000076293945,10.170000076293945,10.170000076293945,10.170000076293945,0
2024-06-17,10.149999618530273,10.149999618530273,10.149999618530273,10.149999618530273,0
2024-06-18,10.170000076293945,10.170000076293945,10.170000076293945,10.170000076293945,0
2024-06-20,10.15999984741211,10.15999984741211,10.15999984741211,10.15999984741211,0
2024-06-21,10.15999984741211,10.15999984741211,10.15999984741211,10.15999984741211,0
2024-06-24,10.149999618530273,10.149999618530273,10.149999618530273,10.149999618530273,0
2024-06-25,10.15999984741211,10.15999984741211,10.15999984741211,10.15999984741211,0
2024-06-26,10.130000114440918,10.130000114440918,10.130000114440918,10.130000114440918,0
2024-06-27,10.130000114440918,10.130000114440918,10.130000114440918,10.130000114440918,0
2024-06-28,10.119999885559082,10.119999885559082,10.119999885559082,10.119999885559082,0
2024-07-01,10.100000381469727,10.100000381469727,10.100000381469727,10.100000381469727,0
2024-07-02,10.109999656677246,10.109999656677246,10.109999656677246,10.109999656677246,0
2024-07-03,10.130000114440918,10.130000114440918,10.130000114440918,10.130000114440918,0
2024-07-05,10.140000343322754,10.140000343322754,10.140000343322754,10.140000343322754,0
2024-07-08,10.140000343322754,10.140000343322754,10.140000343322754,10.140000343322754,0
2024-07-09,10.149999618530273,10.149999618530273,10.149999618530273,10.149999618530273,0
2024-07-10,10.15999984741211,10.15999984741211,10.15999984741211,10.15999984741211,0
2024-07-11,10.180000305175781,10.180000305175781,10.180000305175781,10.180000305175781,0
2024-07-12,10.199999809265137,10.199999809265137,10.199999809265137,10.199999809265137,0
2024-07-15,10.180000305175781,10.180000305175781,10.180000305175781,10.180000305175781,0
2024-07-16,10.1899995803833,10.1899995803833,10.1899995803833,10.1899995803833,0
2024-07-17,10.1899995803833,10.1899995803833,10.1899995803833,10.1899995803833,0
2024-07-18,10.1899995803833,10.1899995803833,10.1899995803833,10.1899995803833,0
2024-07-19,10.1899995803833,10.1899995803833,10.1899995803833,10.1899995803833,0
2024-07-22,10.180000305175781,10.180000305175781,10.180000305175781,10.180000305175781,0
2024-07-23,10.180000305175781,10.180000305175781,10.180000305175781,10.180000305175781,0
2024-07-24,10.170000076293945,10.170000076293945,10.170000076293945,10.170000076293945,0
2024-07-25,10.180000305175781,10.180000305175781,10.180000305175781,10.180000305175781,0
2024-07-26,10.180000305175781,10.180000305175781,10.180000305175781,10.180000305175781,0
2024-07-29,10.180000305175781,10.180000305175781,10.180000305175781,10.180000305175781,0
2024-07-30,10.170000076293945,10.170000076293945,10.170000076293945,10.170000076293945,0
2024-07-31,10.1899995803833,10.1899995803833,10.1899995803833,10.1899995803833,0
2024-08-01,10.220000267028809,10.220000267028809,10.220000267028809,10.220000267028809,0
2024-08-02,10.289999961853027,10.289999961853027,10.289999961853027,10.289999961853027,0
2024-08-05,10.329999923706055,10.329999923706055,10.329999923706055,10.329999923706055,0
2024-08-06,10.319999694824219,10.319999694824219,10.319999694824219,10.319999694824219,0
2024-08-07,10.260000228881836,10.260000228881836,10.260000228881836,10.260000228881836,0
2024-08-08,10.229999542236328,10.229999542236328,10.229999542236328,10.229999542236328,0
2024-08-09,10.229999542236328,10.229999542236328,10.229999542236328,10.229999542236328,0
2024-08-12,10.239999771118164,10.239999771118164,10.239999771118164,10.239999771118164,0
2024-08-13,10.25,10.25,10.25,10.25,0
2024-08-14,10.260000228881836,10.260000228881836,10.260000228881836,10.260000228881836,0
2024-08-15,10.229999542236328,10.229999542236328,10.229999542236328,10.229999542236328,0
2024-08-16,10.229999542236328,10.229999542236328,10.229999542236328,10.229999542236328,0
2024-08-19,10.229999542236328,10.229999542236328,10.229999542236328,10.229999542236328,0
2024-08-20,10.239999771118164,10.239999771118164,10.239999771118164,10.239999771118164,0
2024-08-21,10.239999771118164,10.239999771118164,10.239999771118164,10.239999771118164,0
2024-08-22,10.229999542236328,10.229999542236328,10.229999542236328,10.229999542236328,0
2024-08-23,10.239999771118164,10.239999771118164,10.239999771118164,10.239999771118164,0
2024-08-26,10.239999771118164,10.239999771118164,10.239999771118164,10.239999771118164,0
2024-08-27,10.229999542236328,10.229999542236328,10.229999542236328,10.229999542236328,0
2024-08-28,10.229999542236328,10.229999542236328,10.229999542236328,10.229999542236328,0
2024-08-29,10.229999542236328,10.229999542236328,10.229999542236328,10.229999542236328,0
2024-08-30,10.229999542236328,10.229999542236328,10.229999542236328,10.229999542236328,0
2024-09-03,10.229999542236328,10.229999542236328,10.229999542236328,10.229999542236328,0
2024-09-04,10.239999771118164,10.239999771118164,10.239999771118164,10.239999771118164,0
2024-09-05,10.260000228881836,10.260000228881836,10.260000228881836,10.260000228881836,0
2024-09-06,10.289999961853027,10.289999961853027,10.289999961853027,10.289999961853027,0
2024-09-09,10.289999961853027,10.289999961853027,10.289999961853027,10.289999961853027,0
2024-09-10,10.3100004196167,10.3100004196167,10.3100004196167,10.3100004196167,0
2024-09-11,10.319999694824219,10.319999694824219,10.319999694824219,10.319999694824219,0
2024-09-12,10.3100004196167,10.3100004196167,10.3100004196167,10.3100004196167,0
2024-09-13,10.319999694824219,10.319999694824219,10.319999694824219,10.319999694824219,0
2024-09-16,10.329999923706055,10.329999923706055,10.329999923706055,10.329999923706055,0
2024-09-17,10.329999923706055,10.329999923706055,10.329999923706055,10.329999923706055,0
2024-09-18,10.329999923706055,10.329999923706055,10.329999923706055,10.329999923706055,0
2024-09-19,10.3100004196167,10.3100004196167,10.3100004196167,10.3100004196167,0
2024-09-20,10.3100004196167,10.3100004196167,10.3100004196167,10.3100004196167,0
2024-09-23,10.319999694824219,10.319999694824219,10.319999694824219,10.319999694824219,0
2024-09-24,10.3100004196167,10.3100004196167,10.3100004196167,10.3100004196167,0
2024-09-25,10.3100004196167,10.3100004196167,10.3100004196167,10.3100004196167,0
2024-09-26,10.3100004196167,10.3100004196167,10.3100004196167,10.3100004196167,0
2024-09-27,10.329999923706055,10.329999923706055,10.329999923706055,10.329999923706055,0
2024-09-30,10.329999923706055,10.329999923706055,10.329999923706055,10.329999923706055,0
2024-10-01,10.369999885559082,10.369999885559082,10.369999885559082,10.369999885559082,0
2024-10-02,10.359999656677246,10.359999656677246,10.359999656677246,10.359999656677246,0
2024-10-03,10.359999656677246,10.359999656677246,10.359999656677246,10.359999656677246,0
2024-10-04,10.3100004196167,10.3100004196167,10.3100004196167,10.3100004196167,0
2024-10-07,10.279999732971191,10.279999732971191,10.279999732971191,10.279999732971191,0
2024-10-08,10.260000228881836,10.260000228881836,10.260000228881836,10.260000228881836,0
2024-10-09,10.25,10.25,10.25,10.25,0
2024-10-10,10.25,10.25,10.25,10.25,0
2024-10-11,10.239999771118164,10.239999771118164,10.239999771118164,10.239999771118164,0
2024-10-14,10.229999542236328,10.229999542236328,10.229999542236328,10.229999542236328,0
2024-10-15,10.25,10.25,10.25,10.25,0
2024-10-16,10.260000228881836,10.260000228881836,10.260000228881836,10.260000228881836,0
2024-10-17,10.260000228881836,10.260000228881836,10.260000228881836,10.260000228881836,0
2024-10-18,10.25,10.25,10.25,10.25,0
2024-10-21,10.220000267028809,10.220000267028809,10.220000267028809,10.220000267028809,0
2024-10-22,10.180000305175781,10.180000305175781,10.180000305175781,10.180000305175781,0
2024-10-23,10.09000015258789,10.09000015258789,10.09000015258789,10.09000015258789,0
2024-10-24,10.09000015258789,10.09000015258789,10.09000015258789,10.09000015258789,0
2024-10-25,10.140000343322754,10.140000343322754,10.140000343322754,10.140000343322754,0
2024-10-28,10.140000343322754,10.140000343322754,10.140000343322754,10.140000343322754,0
2024-10-29,10.109999656677246,10.109999656677246,10.109999656677246,10.109999656677246,0
2024-10-30,10.130000114440918,10.130000114440918,10.130000114440918,10.130000114440918,0
2024-10-31,10.130000114440918,10.130000114440918,10.130000114440918,10.130000114440918,0
2024-11-01,10.130000114440918,10.130000114440918,10.130000114440918,10.130000114440918,0
2024-11-04,10.15999984741211,10.15999984741211,10.15999984741211,10.15999984741211,0
2024-11-05,10.15999984741211,10.15999984741211,10.15999984741211,10.15999984741211,0
2024-11-06,10.039999961853027,10.039999961853027,10.039999961853027,10.039999961853027,0
2024-11-07,10.09000015258789,10.09000015258789,10.09000015258789,10.09000015258789,0
2024-11-08,10.15999984741211,10.15999984741211,10.15999984741211,10.15999984741211,0
2024-11-11,10.15999984741211,10.15999984741211,10.15999984741211,10.15999984741211,0
2024-11-12,10.15999984741211,10.15999984741211,10.15999984741211,10.15999984741211,0
2024-11-13,10.15999984741211,10.15999984741211,10.15999984741211,10.15999984741211,0
2024-11-14,10.180000305175781,10.180000305175781,10.180000305175781,10.180000305175781,0
2024-11-15,10.170000076293945,10.170000076293945,10.170000076293945,10.170000076293945,0
2024-11-18,10.170000076293945,10.170000076293945,10.170000076293945,10.170000076293945,0
2024-11-19,10.199999809265137,10.199999809265137,10.199999809265137,10.199999809265137,0
2024-11-20,10.199999809265137,10.199999809265137,10.199999809265137,10.199999809265137,0
2024-11-21,10.1899995803833,10.1899995803833,10.1899995803833,10.1899995803833,0
2024-11-22,10.1899995803833,10.1899995803833,10.1899995803833,10.1899995803833,0
2024-11-25,10.229999542236328,10.229999542236328,10.229999542236328,10.229999542236328,0
2024-11-26,10.239999771118164,10.239999771118164,10.239999771118164,10.239999771118164,0
2024-11-27,10.270000457763672,10.270000457763672,10.270000457763672,10.270000457763672,0
2024-11-29,10.289999961853027,10.289999961853027,10.289999961853027,10.289999961853027,0
2024-12-02,10.3100004196167,10.3100004196167,10.3100004196167,10.3100004196167,0
2024-12-03,10.329999923706055,10.329999923706055,10.329999923706055,10.329999923706055,0
2024-12-04,10.329999923706055,10.329999923706055,10.329999923706055,10.329999923706055,0
2024-12-05,10.329999923706055,10.329999923706055,10.329999923706055,10.329999923706055,0
2024-12-06,10.34000015258789,10.34000015258789,10.34000015258789,10.34000015258789,0
2024-12-09,10.329999923706055,10.329999923706055,10.329999923706055,10.329999923706055,0
2024-12-10,10.319999694824219,10.319999694824219,10.319999694824219,10.319999694824219,0
2024-12-11,10.300000190734863,10.300000190734863,10.300000190734863,10.300000190734863,0
2024-12-12,10.25,10.25,10.25,10.25,0
2024-12-13,10.210000038146973,10.210000038146973,10.210000038146973,10.210000038146973,0
2024-12-16,10.210000038146973,10.210000038146973,10.210000038146973,10.210000038146973,0
2024-12-17,10.180000305175781,10.180000305175781,10.180000305175781,10.180000305175781,0
2024-12-18,10.149999618530273,10.149999618530273,10.149999618530273,10.149999618530273,0
2024-12-19,10.050000190734863,10.050000190734863,10.050000190734863,10.050000190734863,0
2024-12-20,10.079999923706055,10.079999923706055,10.079999923706055,10.079999923706055,0
2024-12-23,10.079999923706055,10.079999923706055,10.079999923706055,10.079999923706055,0
2024-12-24,10.079999923706055,10.079999923706055,10.079999923706055,10.079999923706055,0
2024-12-26,10.079999923706055,10.079999923706055,10.079999923706055,10.079999923706055,0
2024-12-27,10.079999923706055,10.079999923706055,10.079999923706055,10.079999923706055,0
2024-12-30,10.100000381469727,10.100000381469727,10.100000381469727,10.100000381469727,0
2024-12-31,10.109999656677246,10.109999656677246,10.109999656677246,10.109999656677246,0
2025-01-02,10.119999885559082,10.119999885559082,10.119999885559082,10.119999885559082,0
2025-01-03,10.130000114440918,10.130000114440918,10.130000114440918,10.130000114440918,0
2025-01-06,10.130000114440918,10.130000114440918,10.130000114440918,10.130000114440918,0
2025-01-07,10.119999885559082,10.119999885559082,10.119999885559082,10.119999885559082,0
2025-01-08,10.0600004196167,10.0600004196167,10.0600004196167,10.0600004196167,0
2025-01-10,10.0600004196167,10.0600004196167,10.0600004196167,10.0600004196167,0
2025-01-13,9.989999771118164,9.989999771118164,9.989999771118164,9.989999771118164,0
2025-01-14,9.960000038146973,9.960000038146973,9.960000038146973,9.960000038146973,0
2025-01-15,10.0,10.0,10.0,10.0,0
2025-01-16,10.010000228881836,10.010000228881836,10.010000228881836,10.010000228881836,0
2025-01-17,10.039999961853027,10.039999961853027,10.039999961853027,10.039999961853027,0
2025-01-21,10.069999694824219,10.069999694824219,10.069999694824219,10.069999694824219,0
2025-01-22,10.079999923706055,10.079999923706055,10.079999923706055,10.079999923706055,0
2025-01-23,10.050000190734863,10.050000190734863,10.050000190734863,10.050000190734863,0
2025-01-24,10.0600004196167,10.0600004196167,10.0600004196167,10.0600004196167,0
2025-01-27,10.100000381469727,10.100000381469727,10.100000381469727,10.100000381469727,0
2025-01-28,10.100000381469727,10.100000381469727,10.100000381469727,10.100000381469727,0
2025-01-29,10.09000015258789,10.09000015258789,10.09000015258789,10.09000015258789,0
2025-01-30,10.100000381469727,10.100000381469727,10.100000381469727,10.100000381469727,0
2025-01-31,10.100000381469727,10.100000381469727,10.100000381469727,10.100000381469727,0
2025-02-03,10.100000381469727,10.100000381469727,10.100000381469727,10.100000381469727,0
2025-02-04,10.109999656677246,10.109999656677246,10.109999656677246,10.109999656677246,0
2025-02-05,10.15999984741211,10.15999984741211,10.15999984741211,10.15999984741211,0
2025-02-06,10.15999984741211,10.15999984741211,10.15999984741211,10.15999984741211,0
2025-02-07,10.140000343322754,10.140000343322754,10.140000343322754,10.140000343322754,0
2025-02-10,10.140000343322754,10.140000343322754,10.140000343322754,10.140000343322754,0
2025-02-11,10.119999885559082,10.119999885559082,10.119999885559082,10.119999885559082,0
2025-02-12,10.039999961853027,10.039999961853027,10.039999961853027,10.039999961853027,0
2025-02-13,10.069999694824219,10.069999694824219,10.069999694824219,10.069999694824219,0
2025-02-14,10.09000015258789,10.09000015258789,10.09000015258789,10.09000015258789,0
2025-02-18,10.09000015258789,10.09000015258789,10.09000015258789,10.09000015258789,0
2025-02-19,10.09000015258789,10.09000015258789,10.09000015258789,10.09000015258789,0
2025-02-20,10.109999656677246,10.109999656677246,10.109999656677246,10.109999656677246,0
2025-02-21,10.119999885559082,10.119999885559082,10.119999885559082,10.119999885559082,0
2025-02-24,10.130000114440918,10.130000114440918,10.130000114440918,10.130000114440918,0
2025-02-25,10.15999984741211,10.15999984741211,10.15999984741211,10.15999984741211,0
2025-02-26,10.180000305175781,10.180000305175781,10.180000305175781,10.180000305175781,0
2025-02-27,10.170000076293945,10.170000076293945,10.170000076293945,10.170000076293945,0
2025-02-28,10.180000305175781,10.180000305175781,10.180000305175781,10.180000305175781,0
2025-03-03,10.170000076293945,10.170000076293945,10.170000076293945,10.170000076293945,0
2025-03-04,10.170000076293945,10.170000076293945,10.170000076293945,10.170000076293945,0
2025-03-05,10.149999618530273,10.149999618530273,10.149999618530273,10.149999618530273,0
2025-03-06,10.100000381469727,10.100000381469727,10.100000381469727,10.100000381469727,0
2025-03-07,10.100000381469727,10.100000381469727,10.100000381469727,10.100000381469727,0
2025-03-10,10.109999656677246,10.109999656677246,10.109999656677246,10.109999656677246,0
2025-03-11,10.09000015258789,10.09000015258789,10.09000015258789,10.09000015258789,0
2025-03-12,10.039999961853027,10.039999961853027,10.039999961853027,10.039999961853027,0
2025-03-13,10.020000457763672,10.020000457763672,10.020000457763672,10.020000457763672,0
2025-03-14,10.010000228881836,10.010000228881836,10.010000228881836,10.010000228881836,0
2025-03-17,10.010000228881836,10.010000228881836,10.010000228881836,10.010000228881836,0
2025-03-18,10.010000228881836,10.010000228881836,10.010000228881836,10.010000228881836,0
2025-03-19,10.010000228881836,10.010000228881836,10.010000228881836,10.010000228881836,0
2025-03-20,10.020000457763672,10.020000457763672,10.020000457763672,10.020000457763672,0
2025-03-21,10.029999732971191,10.029999732971191,10.029999732971191,10.029999732971191,0
2025-03-24,10.0,10.0,10.0,10.0,0
2025-03-25,9.970000267028809,9.970000267028809,9.970000267028809,9.970000267028809,0
2025-03-26,9.90999984741211,9.90999984741211,9.90999984741211,9.90999984741211,0
2025-03-27,9.859999656677246,9.859999656677246,9.859999656677246,9.859999656677246,0
2025-03-28,9.899999618530273,9.899999618530273,9.899999618530273,9.899999618530273,0
2025-03-31,9.930000305175781,9.930000305175781,9.930000305175781,9.930000305175781,0
2025-04-01,9.970000267028809,9.970000267028809,9.970000267028809,9.970000267028809,0
2025-04-02,9.960000038146973,9.960000038146973,9.960000038146973,9.960000038146973,0
2025-04-03,10.029999732971191,10.029999732971191,10.029999732971191,10.029999732971191,0
2025-04-04,10.069999694824219,10.069999694824219,10.069999694824219,10.069999694824219,0
2025-04-07,9.84000015258789,9.84000015258789,9.84000015258789,9.84000015258789,0
2025-04-08,9.6899995803833,9.6899995803833,9.6899995803833,9.6899995803833,0
2025-04-09,9.529999732971191,9.529999732971191,9.529999732971191,9.529999732971191,0
2025-04-10,9.760000228881836,9.760000228881836,9.760000228881836,9.760000228881836,0
2025-04-11,9.609999656677246,9.609999656677246,9.609999656677246,9.609999656677246,0
2025-04-14,9.699999809265137,9.699999809265137,9.699999809265137,9.699999809265137,0
2025-04-15,9.729999542236328,9.729999542236328,9.729999542236328,9.729999542236328,0
2025-04-16,9.760000228881836,9.760000228881836,9.760000228881836,9.760000228881836,0
2025-04-17,9.760000228881836,9.760000228881836,9.760000228881836,9.760000228881836,0
2025-04-21,9.6899995803833,9.6899995803833,9.6899995803833,9.6899995803833,0
2025-04-22,9.65999984741211,9.65999984741211,9.65999984741211,9.65999984741211,0
2025-04-23,9.699999809265137,9.699999809265137,9.699999809265137,9.699999809265137,0
2025-04-24,9.739999771118164,9.739999771118164,9.739999771118164,9.739999771118164,0
2025-04-25,9.770000457763672,9.770000457763672,9.770000457763672,9.770000457763672,0
2025-04-28,9.779999732971191,9.779999732971191,9.779999732971191,9.779999732971191,0
2025-04-29,9.789999961853027,9.789999961853027,9.789999961853027,9.789999961853027,0
2025-04-30,9.829999923706055,9.829999923706055,9.829999923706055,9.829999923706055,0
2025-05-01,9.84000015258789,9.84000015258789,9.84000015258789,9.84000015258789,0
2025-05-02,9.819999694824219,9.819999694824219,9.819999694824219,9.819999694824219,0
2025-05-05,9.8100004196167,9.8100004196167,9.8100004196167,9.8100004196167,0
2025-05-06,9.819999694824219,9.819999694824219,9.819999694824219,9.819999694824219,0
2025-05-07,9.819999694824219,9.819999694824219,9.819999694824219,9.819999694824219,0
2025-05-08,9.829999923706055,9.829999923706055,9.829999923706055,9.829999923706055,0
2025-05-09,9.829999923706055,9.829999923706055,9.829999923706055,9.829999923706055,0
2025-05-12,9.8100004196167,9.8100004196167,9.8100004196167,9.8100004196167,0
2025-05-13,9.8100004196167,9.8100004196167,9.8100004196167,9.8100004196167,0
2025-05-14,9.789999961853027,9.789999961853027,9.789999961853027,9.789999961853027,0
2025-05-15,9.8100004196167,9.8100004196167,9.8100004196167,9.8100004196167,0
2025-05-16,9.819999694824219,9.819999694824219,9.819999694824219,9.819999694824219,0
2025-05-19,9.800000190734863,9.800000190734863,9.800000190734863,9.800000190734863,0
2025-05-20,9.800000190734863,9.800000190734863,9.800000190734863,9.800000190734863,0
2025-05-21,9.760000228881836,9.760000228881836,9.760000228881836,9.760000228881836,0
2025-05-22,9.720000267028809,9.720000267028809,9.720000267028809,9.720000267028809,0
2025-05-23,9.739999771118164,9.739999771118164,9.739999771118164,9.739999771118164,0
2025-05-27,9.760000228881836,9.760000228881836,9.760000228881836,9.760000228881836,0
2025-05-28,9.760000228881836,9.760000228881836,9.760000228881836,9.760000228881836,0
2025-05-29,9.770000457763672,9.770000457763672,9.770000457763672,9.770000457763672,0
2025-05-30,9.760000228881836,9.760000228881836,9.760000228881836,9.760000228881836,0
2025-06-02,9.720000267028809,9.720000267028809,9.720000267028809,9.720000267028809,0
2025-06-03,9.710000038146973,9.710000038146973,9.710000038146973,9.710000038146973,0
2025-06-04,9.739999771118164,9.739999771118164,9.739999771118164,9.739999771118164,0
2025-06-05,9.739999771118164,9.739999771118164,9.739999771118164,9.739999771118164,0
2025-06-06,9.720000267028809,9.720000267028809,9.720000267028809,9.720000267028809,0
2025-06-09,9.729999542236328,9.729999542236328,9.729999542236328,9.729999542236328,0
2025-06-10,9.729999542236328,9.729999542236328,9.729999542236328,9.729999542236328,0
2025-06-11,9.739999771118164,9.739999771118164,9.739999771118164,9.739999771118164,0
2025-06-12,9.770000457763672,9.770000457763672,9.770000457763672,9.770000457763672,0
2025-06-13,9.75,9.75,9.75,9.75,0
2025-06-16,9.75,9.75,9.75,9.75,0
2025-06-17,9.760000228881836,9.760000228881836,9.760000228881836,9.760000228881836,0
2025-06-18,9.760000228881836,9.760000228881836,9.760000228881836,9.760000228881836,0
2025-06-20,9.760000228881836,9.760000228881836,9.760000228881836,9.760000228881836,0
2025-06-23,9.779999732971191,9.779999732971191,9.779999732971191,9.779999732971191,0
2025-06-24,9.779999732971191,9.779999732971191,9.779999732971191,9.779999732971191,0
2025-06-25,9.770000457763672,9.770000457763672,9.770000457763672,9.770000457763672,0
2025-06-26,9.779999732971191,9.779999732971191,9.779999732971191,9.779999732971191,0
2025-06-27,9.779999732971191,9.779999732971191,9.779999732971191,9.779999732971191,0
2025-06-30,9.800000190734863,9.800000190734863,9.800000190734863,9.800000190734863,0
2025-07-01,9.800000190734863,9.800000190734863,9.800000190734863,9.800000190734863,0
2025-07-02,9.800000190734863,9.800000190734863,9.800000190734863,9.800000190734863,0
2025-07-03,9.800000190734863,9.800000190734863,9.800000190734863,9.800000190734863,0
2025-07-07,9.800000190734863,9.800000190734863,9.800000190734863,9.800000190734863,0
2025-07-08,9.779999732971191,9.779999732971191,9.779999732971191,9.779999732971191,0
2025-07-09,9.789999961853027,9.789999961853027,9.789999961853027,9.789999961853027,0
2025-07-10,9.779999732971191,9.779999732971191,9.779999732971191,9.779999732971191,0
2025-07-11,9.760000228881836,9.760000228881836,9.760000228881836,9.760000228881836,0
2025-07-14,9.75,9.75,9.75,9.75,0
2025-07-15,9.729999542236328,9.729999542236328,9.729999542236328,9.729999542236328,0
2025-07-16,9.699999809265137,9.699999809265137,9.699999809265137,9.699999809265137,0
2025-07-17,9.680000305175781,9.680000305175781,9.680000305175781,9.680000305175781,0
2025-07-18,9.65999984741211,9.65999984741211,9.65999984741211,9.65999984741211,0
2025-07-21,9.680000305175781,9.680000305175781,9.680000305175781,9.680000305175781,0
2025-07-22,9.680000305175781,9.680000305175781,9.680000305175781,9.680000305175781,0
2025-07-23,9.670000076293945,9.670000076293945,9.670000076293945,9.670000076293945,0
2025-07-24,9.680000305175781,9.680000305175781,9.680000305175781,9.680000305175781,0
2025-07-25,9.680000305175781,9.680000305175781,9.680000305175781,9.680000305175781,0
2025-07-28,9.6899995803833,9.6899995803833,9.6899995803833,9.6899995803833,0
2025-07-29,9.699999809265137,9.699999809265137,9.699999809265137,9.699999809265137,0
2025-07-30,9.6899995803833,9.6899995803833,9.6899995803833,9.6899995803833,0
2025-07-31,9.710000038146973,9.710000038146973,9.710000038146973,9.710000038146973,0
2025-08-01,9.75,9.75,9.75,9.75,0
2025-08-04,9.770000457763672,9.770000457763672,9.770000457763672,9.770000457763672,0
2025-08-05,9.789999961853027,9.789999961853027,9.789999961853027,9.789999961853027,0
2025-08-06,9.770000457763672,9.770000457763672,9.770000457763672,9.770000457763672,0
2025-08-07,9.779999732971191,9.779999732971191,9.779999732971191,9.779999732971191,0
2025-08-08,9.770000457763672,9.770000457763672,9.770000457763672,9.770000457763672,0
2025-08-11,9.779999732971191,9.779999732971191,9.779999732971191,9.779999732971191,0
2025-08-12,9.779999732971191,9.779999732971191,9.779999732971191,9.779999732971191,0
2025-08-13,9.779999732971191,9.779999732971191,9.779999732971191,9.779999732971191,0
2025-08-14,9.770000457763672,9.770000457763672,9.770000457763672,9.770000457763672,0
2025-08-15,9.770000457763672,9.770000457763672,9.770000457763672,9.770000457763672,0
2025-08-18,9.760000228881836,9.760000228881836,9.760000228881836,9.760000228881836,0
2025-08-19,9.75,9.75,9.75,9.75,0
2025-08-20,9.75,9.75,9.75,9.75,0
2025-08-21,9.739999771118164,9.739999771118164,9.739999771118164,9.739999771118164,0
2025-08-22,9.770000457763672,9.770000457763672,9.770000457763672,9.770000457763672,0
2025-08-25,9.770000457763672,9.770000457763672,9.770000457763672,9.770000457763672,0
2025-08-26,9.770000457763672,9.770000457763672,9.770000457763672,9.770000457763672,0
2025-08-27,9.770000457763672,9.770000457763672,9.770000457763672,9.770000457763672,0
2025-08-28,9.779999732971191,9.779999732971191,9.779999732971191,9.779999732971191,0
2025-08-29,9.789999961853027,9.789999961853027,9.789999961853027,9.789999961853027,0
2025-09-02,9.770000457763672,9.770000457763672,9.770000457763672,9.770000457763672,0
2025-09-03,9.789999961853027,9.789999961853027,9.789999961853027,9.789999961853027,0
2025-09-04,9.819999694824219,9.819999694824219,9.819999694824219,9.819999694824219,0
2025-09-05,9.890000343322754,9.890000343322754,9.890000343322754,9.890000343322754,0
2025-09-08,9.949999809265137,9.949999809265137,9.949999809265137,9.949999809265137,0
2025-09-09,9.960000038146973,9.960000038146973,9.960000038146973,9.960000038146973,0
2025-09-10,10.0,10.0,10.0,10.0,0
2025-09-11,10.050000190734863,10.050000190734863,10.050000190734863,10.050000190734863,0
2025-09-12,10.050000190734863,10.050000190734863,10.050000190734863,10.050000190734863,0
2025-09-15,10.0600004196167,10.0600004196167,10.0600004196167,10.0600004196167,0
2025-09-16,10.079999923706055,10.079999923706055,10.079999923706055,10.079999923706055,0
2025-09-17,10.100000381469727,10.100000381469727,10.100000381469727,10.100000381469727,0
2025-09-18,10.079999923706055,10.079999923706055,10.079999923706055,10.079999923706055,0
2025-09-19,10.069999694824219,10.069999694824219,10.069999694824219,10.069999694824219,0
2025-09-22,10.069999694824219,10.069999694824219,10.069999694824219,10.069999694824219,0
2025-09-23,10.0600004196167,10.0600004196167,10.0600004196167,10.0600004196167,0
2025-09-24,10.050000190734863,10.050000190734863,10.050000190734863,10.050000190734863,0
2025-09-25,10.029999732971191,10.029999732971191,10.029999732971191,10.029999732971191,0
2025-09-26,10.029999732971191,10.029999732971191,10.029999732971191,10.029999732971191,0
2025-09-29,10.050000190734863,10.050000190734863,10.050000190734863,10.050000190734863,0
2025-09-30,10.050000190734863,10.050000190734863,10.050000190734863,10.050000190734863,0
2025-10-01,10.0600004196167,10.0600004196167,10.0600004196167,10.0600004196167,0
2025-10-02,10.0600004196167,10.0600004196167,10.0600004196167,10.0600004196167,0
2025-10-03,10.069999694824219,10.069999694824219,10.069999694824219,10.069999694824219,0
2025-10-06,10.0600004196167,10.0600004196167,10.0600004196167,10.0600004196167,0
2025-10-07,10.069999694824219,10.069999694824219,10.069999694824219,10.069999694824219,0
2025-10-08,10.079999923706055,10.079999923706055,10.079999923706055,10.079999923706055,0
2025-10-09,10.079999923706055,10.079999923706055,10.079999923706055,10.079999923706055,0
2025-10-10,10.109999656677246,10.109999656677246,10.109999656677246,10.109999656677246,0
2025-10-13,10.109999656677246,10.109999656677246,10.109999656677246,10.109999656677246,0
2025-10-14,10.119999885559082,10.119999885559082,10.119999885559082,10.119999885559082,0
2025-10-15,10.140000343322754,10.140000343322754,10.140000343322754,10.140000343322754,0
2025-10-16,10.15999984741211,10.15999984741211,10.15999984741211,10.15999984741211,0
2025-10-17,10.170000076293945,10.170000076293945,10.170000076293945,10.170000076293945,0
2025-10-20,10.170000076293945,10.170000076293945,10.170000076293945,10.170000076293945,0
2025-10-21,10.180000305175781,10.180000305175781,10.180000305175781,10.180000305175781,0
2025-10-22,10.1899995803833,10.1899995803833,10.1899995803833,10.1899995803833,0
2025-10-23,10.180000305175781,10.180000305175781,10.180000305175781,10.180000305175781,0
2025-10-24,10.1899995803833,10.1899995803833,10.1899995803833,10.1899995803833,0
2025-10-27,10.180000305175781,10.180000305175781,10.180000305175781,10.180000305175781,0
2025-10-28,10.180000305175781,10.180000305175781,10.180000305175781,10.180000305175781,0
2025-10-29,10.180000305175781,10.180000305175781,10.180000305175781,10.180000305175781,0
2025-10-30,10.15999984741211,10.15999984741211,10.15999984741211,10.15999984741211,0
2025-10-31,10.15999984741211,10.15999984741211,10.15999984741211,10.15999984741211,0
2025-11-03,10.149999618530273,10.149999618530273,10.149999618530273,10.149999618530273,0
2025-11-04,10.170000076293945,10.170000076293945,10.170000076293945,10.170000076293945,0
2025-11-05,10.149999618530273,10.149999618530273,10.149999618530273,10.149999618530273,0
2025-11-06,10.15999984741211,10.15999984741211,10.15999984741211,10.15999984741211,0
2025-11-07,10.15999984741211,10.15999984741211,10.15999984741211,10.15999984741211,0
2025-11-10,10.15999984741211,10.15999984741211,10.15999984741211,10.15999984741211,0
2025-11-11,10.180000305175781,10.180000305175781,10.180000305175781,10.180000305175781,0
2025-11-12,10.170000076293945,10.170000076293945,10.170000076293945,10.170000076293945,0
2025-11-13,10.15999984741211,10.15999984741211,10.15999984741211,10.15999984741211,0
2025-11-14,10.15999984741211,10.15999984741211,10.15999984741211,10.15999984741211,0
2025-11-17,10.15999984741211,10.15999984741211,10.15999984741211,10.15999984741211,0
2025-11-18,10.15999984741211,10.15999984741211,10.15999984741211,10.15999984741211,0
2025-11-19,10.15999984741211,10.15999984741211,10.15999984741211,10.15999984741211,0
2025-11-20,10.15999984741211,10.15999984741211,10.15999984741211,10.15999984741211,0
2025-11-21,10.15999984741211,10.15999984741211,10.15999984741211,10.15999984741211,0
2025-11-24,10.15999984741211,10.15999984741211,10.15999984741211,10.15999984741211,0
2025-11-25,10.15999984741211,10.15999984741211,10.15999984741211,10.15999984741211,0
2025-11-26,10.15999984741211,10.15999984741211,10.15999984741211,10.15999984741211,0
2025-11-28,10.15999984741211,10.15999984741211,10.15999984741211,10.15999984741211,0
2025-12-01,10.140000343322754,10.140000343322754,10.140000343322754,10.140000343322754,0
2025-12-02,10.130000114440918,10.130000114440918,10.130000114440918,10.130000114440918,0
2025-12-03,10.130000114440918,10.130000114440918,10.130000114440918,10.130000114440918,0
2025-12-04,10.119999885559082,10.119999885559082,10.119999885559082,10.119999885559082,0
2025-12-05,10.119999885559082,10.119999885559082,10.119999885559082,10.119999885559082,0
2025-12-08,10.109999656677246,10.109999656677246,10.109999656677246,10.109999656677246,0
2025-12-09,10.109999656677246,10.109999656677246,10.109999656677246,10.109999656677246,0
2025-12-10,10.109999656677246,10.109999656677246,10.109999656677246,10.109999656677246,0
2025-12-11,10.119999885559082,10.119999885559082,10.119999885559082,10.119999885559082,0
2025-12-12,10.109999656677246,10.109999656677246,10.109999656677246,10.109999656677246,0
2025-12-15,10.119999885559082,10.119999885559082,10.119999885559082,10.119999885559082,0
2025-12-16,10.130000114440918,10.130000114440918,10.130000114440918,10.130000114440918,0
2025-12-17,10.119999885559082,10.119999885559082,10.119999885559082,10.119999885559082,0
2025-12-18,10.130000114440918,10.130000114440918,10.130000114440918,10.130000114440918,0
2025-12-19,10.130000114440918,10.130000114440918,10.130000114440918,10.130000114440918,0
2025-12-22,10.130000114440918,10.130000114440918,10.130000114440918,10.130000114440918,0
2025-12-23,10.130000114440918,10.130000114440918,10.130000114440918,10.130000114440918,0
2025-12-24,10.130000114440918,10.130000114440918,10.130000114440918,10.130000114440918,0
2025-12-26,10.130000114440918,10.130000114440918,10.130000114440918,10.130000114440918,0
2025-12-29,10.140000343322754,10.140000343322754,10.140000343322754,10.140000343322754,0
2025-12-30,10.140000343322754,10.140000343322754,10.140000343322754,10.140000343322754,0
2025-12-31,10.140000343322754,10.140000343322754,10.140000343322754,10.140000343322754,0
2026-01-02,10.149999618530273,10.149999618530273,10.149999618530273,10.149999618530273,0
2026-01-05,10.15999984741211,10.15999984741211,10.15999984741211,10.15999984741211,0
2026-01-06,10.170000076293945,10.170000076293945,10.170000076293945,10.170000076293945,0
2026-01-07,10.199999809265137,10.199999809265137,10.199999809265137,10.199999809265137,0
2026-01-08,10.199999809265137,10.199999809265137,10.199999809265137,10.199999809265137,0
2026-01-09,10.199999809265137,10.199999809265137,10.199999809265137,10.199999809265137,0
2026-01-12,10.199999809265137,10.199999809265137,10.199999809265137,10.199999809265137,0
2026-01-13,10.1899995803833,10.1899995803833,10.1899995803833,10.1899995803833,0
2026-01-14,10.199999809265137,10.199999809265137,10.199999809265137,10.199999809265137,0
2026-01-15,10.199999809265137,10.199999809265137,10.199999809265137,10.199999809265137,0
2026-01-16,10.210000038146973,10.210000038146973,10.210000038146973,10.210000038146973,0
2026-01-20,10.15999984741211,10.15999984741211,10.15999984741211,10.15999984741211,0
2026-01-21,10.15999984741211,10.15999984741211,10.15999984741211,10.15999984741211,0
2026-01-22,10.15999984741211,10.15999984741211,10.15999984741211,10.15999984741211,0
2026-01-23,10.170000076293945,10.170000076293945,10.170000076293945,10.170000076293945,0
2026-01-26,10.170000076293945,10.170000076293945,10.170000076293945,10.170000076293945,0
2026-01-27,10.170000076293945,10.170000076293945,10.170000076293945,10.170000076293945,0
2026-01-28,10.170000076293945,10.170000076293945,10.170000076293945,10.170000076293945,0
2026-01-29,10.170000076293945,10.170000076293945,10.170000076293945,10.170000076293945,0
2026-01-30,10.180000305175781,10.180000305175781,10.180000305175781,10.180000305175781,0
2026-02-02,10.1899995803833,10.1899995803833,10.1899995803833,10.1899995803833,0
2026-02-03,10.1899995803833,10.1899995803833,10.1899995803833,10.1899995803833,0
2026-02-04,10.199999809265137,10.199999809265137,10.199999809265137,10.199999809265137,0
2026-02-05,10.220000267028809,10.220000267028809,10.220000267028809,10.220000267028809,0
2026-02-06,10.220000267028809,10.220000267028809,10.220000267028809,10.220000267028809,0
2026-02-09,10.220000267028809,10.220000267028809,10.220000267028809,10.220000267028809,0
2026-02-10,10.229999542236328,10.229999542236328,10.229999542236328,10.229999542236328,0
2026-02-11,10.220000267028809,10.220000267028809,10.220000267028809,10.220000267028809,0
2026-02-12,10.239999771118164,10.239999771118164,10.239999771118164,10.239999771118164,0
2026-02-13,10.25,10.25,10.25,10.25,0
2026-02-17,10.260000228881836,10.260000228881836,10.260000228881836,10.260000228881836,0
2026-02-18,10.260000228881836,10.260000228881836,10.260000228881836,10.260000228881836,0
2026-02-19,10.260000228881836,10.260000228881836,10.260000228881836,10.260000228881836,0
2026-02-20,10.260000228881836,10.260000228881836,10.260000228881836,10.260000228881836,0
2026-02-23,10.279999732971191,10.279999732971191,10.279999732971191,10.279999732971191,0
2026-02-24,10.279999732971191,10.279999732971191,10.279999732971191,10.279999732971191,0
2026-02-25,10.289999961853027,10.289999961853027,10.289999961853027,10.289999961853027,0
2026-02-26,10.300000190734863,10.300000190734863,10.300000190734863,10.300000190734863,0
2026-02-27,10.3100004196167,10.3100004196167,10.3100004196167,10.3100004196167,0
2026-03-02,10.279999732971191,10.279999732971191,10.279999732971191,10.279999732971191,0
2026-03-03,10.210000038146973,10.210000038146973,10.210000038146973,10.210000038146973,0
2026-03-04,10.210000038146973,10.210000038146973,10.210000038146973,10.210000038146973,0
2026-03-05,10.210000038146973,10.210000038146973,10.210000038146973,10.210000038146973,0
2026-03-06,10.199999809265137,10.199999809265137,10.199999809265137,10.199999809265137,0
2026-03-09,10.180000305175781,10.180000305175781,10.180000305175781,10.180000305175781,0
2026-03-10,10.180000305175781,10.180000305175781,10.180000305175781,10.180000305175781,0
2026-03-11,10.149999618530273,10.149999618530273,10.149999618530273,10.149999618530273,0
2026-03-12,10.109999656677246,10.109999656677246,10.109999656677246,10.109999656677246,0
2026-03-13,10.130000114440918,10.130000114440918,10.130000114440918,10.130000114440918,0
2026-03-16,10.140000343322754,10.140000343322754,10.140000343322754,10.140000343322754,0
2026-03-17,10.149999618530273,10.149999618530273,10.149999618530273,10.149999618530273,0
2026-03-18,10.149999618530273,10.149999618530273,10.149999618530273,10.149999618530273,0
2026-03-19,10.119999885559082,10.119999885559082,10.119999885559082,10.119999885559082,0
2026-03-20,10.039999961853027,10.039999961853027,10.039999961853027,10.039999961853027,0
2026-03-23,10.039999961853027,10.039999961853027,10.039999961853027,10.039999961853027,0
2026-03-24,9.979999542236328,9.979999542236328,9.979999542236328,9.979999542236328,0
2026-03-25,9.989999771118164,9.989999771118164,9.989999771118164,9.989999771118164,0
2026-03-26,9.979999542236328,9.979999542236328,9.979999542236328,9.979999542236328,0
2026-03-27,9.970000267028809,9.970000267028809,9.970000267028809,9.970000267028809,0
2026-03-30,9.989999771118164,9.989999771118164,9.989999771118164,9.989999771118164,0
2026-03-31,10.029999732971191,10.029999732971191,10.029999732971191,10.029999732971191,0
2026-04-01,10.0600004196167,10.0600004196167,10.0600004196167,10.0600004196167,0
2026-04-02,10.069999694824219,10.069999694824219,10.069999694824219,10.069999694824219,0
2026-04-06,10.069999694824219,10.069999694824219,10.069999694824219,10.069999694824219,0
2026-04-07,10.079999923706055,10.079999923706055,10.079999923706055,10.079999923706055,0
2026-04-08,10.140000343322754,10.140000343322754,10.140000343322754,10.140000343322754,0
2026-04-09,10.140000343322754,10.140000343322754,10.140000343322754,10.140000343322754,0
2026-04-10,10.140000343322754,10.140000343322754,10.140000343322754,10.140000343322754,0
2026-04-13,10.149999618530273,10.149999618530273,10.149999618530273,10.149999618530273,0
2026-04-14,10.149999618530273,10.149999618530273,10.149999618530273,10.149999618530273,0
2026-04-15,10.130000114440918,10.130000114440918,10.130000114440918,10.130000114440918,0
2026-04-16,10.140000343322754,10.140000343322754,10.140000343322754,10.140000343322754,0
2026-04-17,10.15999984741211,10.15999984741211,10.15999984741211,10.15999984741211,0
2026-04-20,10.170000076293945,10.170000076293945,10.170000076293945,10.170000076293945,0
2026-04-21,10.15999984741211,10.15999984741211,10.15999984741211,10.15999984741211,0
2026-04-22,10.170000076293945,10.170000076293945,10.170000076293945,10.170000076293945,0
2026-04-23,10.15999984741211,10.15999984741211,10.15999984741211,10.15999984741211,0
2026-04-24,10.15999984741211,10.15999984741211,10.15999984741211,10.15999984741211,0
2026-04-27,10.15999984741211,10.15999984741211,10.15999984741211,10.15999984741211,0
2026-04-28,10.140000343322754,10.140000343322754,10.140000343322754,10.140000343322754,0
2026-04-29,10.119999885559082,10.119999885559082,10.119999885559082,10.119999885559082,0
2026-04-30,10.119999885559082,10.119999885559082,10.119999885559082,10.119999885559082,0
2026-05-01,10.119999885559082,10.119999885559082,10.119999885559082,10.119999885559082,0
2026-05-04,10.109999656677246,10.109999656677246,10.109999656677246,10.109999656677246,0
2026-05-05,10.119999885559082,10.119999885559082,10.119999885559082,10.119999885559082,0
2026-05-06,10.140000343322754,10.140000343322754,10.140000343322754,10.140000343322754,0
2026-05-07,10.140000343322754,10.140000343322754,10.140000343322754,10.140000343322754,0
2026-05-08,10.140000343322754,10.140000343322754,10.140000343322754,10.140000343322754,0
2026-05-11,10.140000343322754,10.140000343322754,10.140000343322754,10.140000343322754,0
2026-05-12,10.109999656677246,10.109999656677246,10.109999656677246,10.109999656677246,0
2026-05-13,10.100000381469727,10.100000381469727,10.100000381469727,10.100000381469727,0
2026-05-14,10.100000381469727,10.100000381469727,10.100000381469727,10.100000381469727,0
2026-05-15,10.039999961853027,10.039999961853027,10.039999961853027,10.039999961853027,0
2026-05-18,10.039999961853027,10.039999961853027,10.039999961853027,10.039999961853027,0
2026-05-19,10.0,10.0,10.0,10.0,0
2026-05-20,10.020000457763672,10.020000457763672,10.020000457763672,10.020000457763672,0
2026-05-21,10.020000457763672,10.020000457763672,10.020000457763672,10.020000457763672,0
2026-05-22,10.029999732971191,10.029999732971191,10.029999732971191,10.029999732971191,0
2026-05-26,10.079999923706055,10.079999923706055,10.079999923706055,10.079999923706055,0
2026-05-27,10.109999656677246,10.109999656677246,10.109999656677246,10.109999656677246,0
2026-05-28,10.130000114440918,10.130000114440918,10.130000114440918,10.130000114440918,0
2026-05-29,10.149999618530273,10.149999618530273,10.149999618530273,10.149999618530273,0
2026-06-01,10.149999618530273,10.149999618530273,10.149999618530273,10.149999618530273,0
2026-06-02,10.170000076293945,10.170000076293945,10.170000076293945,10.170000076293945,0
2026-06-03,10.170000076293945,10.170000076293945,10.170000076293945,10.170000076293945,0
2026-06-04,10.170000076293945,10.170000076293945,10.170000076293945,10.170000076293945,0
2026-06-05,10.15999984741211,10.15999984741211,10.15999984741211,10.15999984741211,0
2026-06-08,10.15999984741211,10.15999984741211,10.15999984741211,10.15999984741211,0
2026-06-09,10.170000076293945,10.170000076293945,10.170000076293945,10.170000076293945,0
2026-06-10,10.149999618530273,10.149999618530273,10.149999618530273,10.149999618530273,0
2026-06-11,10.149999618530273,10.149999618530273,10.149999618530273,10.149999618530273,0
2026-06-12,10.149999618530273,10.149999618530273,10.149999618530273,10.149999618530273,0
2026-06-15,10.15999984741211,10.15999984741211,10.15999984741211,10.15999984741211,0
2026-06-16,10.170000076293945,10.170000076293945,10.170000076293945,10.170000076293945,0
2026-06-17,10.180000305175781,10.180000305175781,10.180000305175781,10.180000305175781,0
2026-06-18,10.180000305175781,10.180000305175781,10.180000305175781,10.180000305175781,0
2026-06-22,10.180000305175781,10.180000305175781,10.180000305175781,10.180000305175781,0
2026-06-23,10.170000076293945,10.170000076293945,10.170000076293945,10.170000076293945,0
2026-06-24,10.1899995803833,10.1899995803833,10.1899995803833,10.1899995803833,0
2026-06-25,10.199999809265137,10.199999809265137,10.199999809265137,10.199999809265137,0
2026-06-26,10.210000038146973,10.210000038146973,10.210000038146973,10.210000038146973,0
2026-06-29,10.220000267028809,10.220000267028809,10.220000267028809,10.220000267028809,0
2026-06-30,10.220000267028809,10.220000267028809,10.220000267028809,10.220000267028809,0
2026-07-01,10.210000038146973,10.210000038146973,10.210000038146973,10.210000038146973,0
2026-07-02,10.220000267028809,10.220000267028809,10.220000267028809,10.220000267028809,0
2026-07-06,10.220000267028809,10.220000267028809,10.220000267028809,10.220000267028809,0
2026-07-07,10.210000038146973,10.210000038146973,10.210000038146973,10.210000038146973,0
2026-07-08,10.170000076293945,10.170000076293945,10.170000076293945,10.170000076293945,0
2026-07-09,10.170000076293945,10.170000076293945,10.170000076293945,10.170000076293945,0
2026-07-10,10.15999984741211,10.15999984741211,10.15999984741211,10.15999984741211,0
2026-07-13,10.149999618530273,10.149999618530273,10.149999618530273,10.149999618530273,0
2026-07-14,10.149999618530273,10.149999618530273,10.149999618530273,10.149999618530273,0
2026-07-15,10.149999618530273,10.149999618530273,10.149999618530273,10.149999618530273,0
2026-07-16,10.109999656677246,10.109999656677246,10.109999656677246,10.109999656677246,0
2026-07-17,10.109999656677246,10.109999656677246,10.109999656677246,10.109999656677246,0
2026-07-20,10.100000381469727,10.100000381469727,10.100000381469727,10.100000381469727,0
2026-07-21,10.069999694824219,10.069999694824219,10.069999694824219,10.069999694824219,0
2026-07-22,10.039999961853027,10.039999961853027,10.039999961853027,10.039999961853027,0
2026-07-23,9.970000267028809,9.970000267028809,9.970000267028809,9.970000267028809,0
2026-07-24,9.979999542236328,9.979999542236328,9.979999542236328,9.979999542236328,0
2026-07-27,10.0,10.0,10.0,10.0,0
2026-07-28,10.020000457763672,10.020000457763672,10.020000457763672,10.020000457763672,0
2026-07-29,10.010000228881836,10.010000228881836,10.010000228881836,10.010000228881836,0
2026-07-30,9.979999542236328,9.979999542236328,9.979999542236328,9.979999542236328,0
2026-07-31,9.970000267028809,9.970000267028809,9.970000267028809,9.970000267028809,0
2026-08-03,9.970000267028809,9.970000267028809,9.970000267028809,9.970000267028809,0
2026-08-04,10.0,10.0,10.0,10.0,0
2026-08-05,10.010000228881836,10.010000228881836,10.010000228881836,10.010000228881836,0
2026-08-06,10.010000228881836,10.010000228881836,10.010000228881836,10.010000228881836,0
2026-08-07,10.029999732971191,10.029999732971191,10.029999732971191,10.029999732971191,0
2026-08-10,10.029999732971191,10.029999732971191,10.029999732971191,10.029999732971191,0
2026-08-11,10.029999732971191,10.029999732971191,10.029999732971191,10.029999732971191,0
2026-08-12,10.029999732971191,10.029999732971191,10.029999732971191,10.029999732971191,0
2026-08-13,10.050000190734863,10.050000190734863,10.050000190734863,10.050000190734863,0
2026-08-14,10.020000457763672,10.020000457763672,10.020000457763672,10.020000457763672,0
2026-08-17,9.989999771118164,9.989999771118164,9.989999771118164,9.989999771118164,0
2026-08-18,9.949999809265137,9.949999809265137,9.949999809265137,9.949999809265137,0
2026-08-19,9.979999542236328,9.979999542236328,9.979999542236328,9.979999542236328,0
2026-08-20,9.960000038146973,9.960000038146973,9.960000038146973,9.960000038146973,0
2026-08-21,9.949999809265137,9.949999809265137,9.949999809265137,9.949999809265137,0
2026-08-24,9.949999809265137,9.949999809265137,9.949999809265137,9.949999809265137,0
2026-08-25,9.949999809265137,9.949999809265137,9.949999809265137,9.949999809265137,0
2026-08-26,9.9399995803833,9.9399995803833,9.9399995803833,9.9399995803833,0
2026-08-27,9.930000305175781,9.930000305175781,9.930000305175781,9.930000305175781,0
2026-08-28,9.920000076293945,9.920000076293945,9.920000076293945,9.920000076293945,0
2026-08-31,9.899999618530273,9.899999618530273,9.899999618530273,9.899999618530273,0
2026-09-01,9.850000381469727,9.850000381469727,9.850000381469727,9.850000381469727,0
2026-09-02,9.84000015258789,9.84000015258789,9.84000015258789,9.84000015258789,0
2026-09-03,9.84000015258789,9.84000015258789,9.84000015258789,9.84000015258789,0
2026-09-04,9.829999923706055,9.829999923706055,9.829999923706055,9.829999923706055,0
2026-09-08,9.829999923706055,9.829999923706055,9.829999923706055,9.829999923706055,0
2026-09-09,9.779999732971191,9.779999732971191,9.779999732971191,9.779999732971191,0
2026-09-10,9.6899995803833,9.6899995803833,9.6899995803833,9.6899995803833,0
2026-09-11,9.710000038146973,9.710000038146973,9.710000038146973,9.710000038146973,0
2026-09-14,9.710000038146973,9.710000038146973,9.710000038146973,9.710000038146973,0
2026-09-15,9.680000305175781,9.680000305175781,9.680000305175781,9.680000305175781,0
2026-09-16,9.670000076293945,9.670000076293945,9.670000076293945,9.670000076293945,0
2026-09-17,9.699999809265137,9.699999809265137,9.699999809265137,9.699999809265137,0
2026-09-18,9.680000305175781,9.680000305175781,9.680000305175781,9.680000305175781,0
2026-09-21,9.670000076293945,9.670000076293945,9.670000076293945,9.670000076293945,0
2026-09-22,9.670000076293945,9.670000076293945,9.670000076293945,9.670000076293945,0
2026-09-23,9.579999923706055,9.579999923706055,9.579999923706055,9.579999923706055,0
2026-09-24,9.529999732971191,9.529999732971191,9.529999732971191,9.529999732971191,0
2026-09-25,9.489999771118164,9.489999771118164,9.489999771118164,9.489999771118164,0
2026-09-28,9.380000114440918,9.380000114440918,9.380000114440918,9.380000114440918,0
2026-09-29,9.359999656677246,9.359999656677246,9.359999656677246,9.359999656677246,0
2026-09-30,9.4399995803833,9.4399995803833,9.4399995803833,9.4399995803833,0
2026-10-01,9.510000228881836,9.510000228881836,9.510000228881836,9.510000228881836,0
2026-10-02,9.5,9.5,9.5,9.5,0
